datetime,Open,High,Low,Close,Volume
2015-08-06 11:00:00,20.51,20.51,20.51,20.51,706547.0
2015-08-06 11:15:00,20.51,20.51,20.51,20.51,799993.0
2015-08-06 11:30:00,20.5,20.5,20.5,20.5,647340.0
2015-08-06 12:15:00,20.5,20.5,20.5,20.5,441759.0
2015-08-06 12:30:00,20.49,20.5,20.49,20.49,620298.0
2015-08-06 12:45:00,20.49,20.49,20.49,20.49,455660.0
2015-08-06 13:00:00,20.48,20.48,20.48,20.48,619554.0
2015-08-06 13:15:00,20.49,20.49,20.49,20.49,541656.0
2015-08-06 13:30:00,20.48,20.48,20.48,20.48,784997.0
2015-08-06 13:45:00,20.48,20.49,20.48,20.48,662870.0
2015-08-06 14:00:00,20.48,20.48,20.48,20.48,769759.0
2015-08-06 14:15:00,20.46,20.47,20.46,20.47,457231.0
2015-08-06 14:30:00,20.47,20.47,20.47,20.47,730801.0
2015-08-06 14:45:00,20.47,20.47,20.47,20.47,579267.0
2015-08-06 15:00:00,20.46,20.46,20.46,20.46,675485.0
2015-08-06 15:15:00,20.46,20.46,20.45,20.46,597977.0
2015-08-06 15:30:00,20.45,20.45,20.45,20.45,559294.0
2015-08-06 15:45:00,20.45,20.45,20.45,20.45,759115.0
2015-08-10 09:30:00,22.84,22.84,22.84,22.84,675748.0
2015-08-10 09:45:00,22.85,22.86,22.85,22.86,506206.0
2015-08-10 10:00:00,22.89,22.89,22.89,22.89,509396.0
2015-08-10 10:15:00,22.92,22.93,22.92,22.92,528914.0
2015-08-10 10:30:00,22.98,22.98,22.98,22.98,551779.0
2015-08-10 10:45:00,23.01,23.02,23.01,23.02,580492.0
2015-08-10 11:00:00,23.05,23.05,23.05,23.05,825803.0
2015-08-10 11:15:00,23.09,23.09,23.09,23.09,666478.0
2015-08-10 11:30:00,23.12,23.13,23.12,23.12,539676.0
2015-08-10 11:45:00,23.17,23.17,23.17,23.17,811866.0
2015-08-10 12:00:00,23.19,23.19,23.19,23.19,562201.0
2015-08-10 12:15:00,23.21,23.21,23.2,23.21,448265.0
2015-08-10 12:30:00,23.28,23.29,23.28,23.28,539703.0
2015-08-10 12:45:00,23.32,23.32,23.31,23.32,717462.0
2015-08-10 13:00:00,23.33,23.33,23.33,23.33,482813.0
2015-08-10 13:15:00,23.4,23.41,23.4,23.4,601997.0
2015-08-10 13:30:00,23.4,23.41,23.39,23.4,521152.0
2015-08-10 13:45:00,23.49,23.49,23.49,23.49,528482.0
2015-08-10 14:00:00,23.5,23.51,23.5,23.5,583783.0
2015-08-10 14:15:00,23.56,23.56,23.55,23.56,448322.0
2015-08-10 14:30:00,23.59,23.59,23.59,23.59,748083.0
2015-08-10 14:45:00,23.63,23.63,23.63,23.63,678640.0
2015-08-10 15:00:00,23.63,23.63,23.63,23.63,608030.0
2015-08-10 15:15:00,23.68,23.69,23.68,23.68,694198.0
2015-08-10 15:30:00,23.75,23.76,23.75,23.75,533317.0
2015-08-10 15:45:00,23.76,23.76,23.76,23.76,464881.0
2015-08-11 09:30:00,23.43,23.43,23.43,23.43,314128.0
2015-08-11 09:45:00,23.43,23.43,23.43,23.43,431656.0
2015-08-11 10:00:00,23.44,23.44,23.44,23.44,347828.0
2015-08-11 10:15:00,23.46,23.46,23.46,23.46,526834.0
2015-08-11 10:30:00,23.47,23.47,23.47,23.47,476652.0
2015-08-11 10:45:00,23.48,23.48,23.48,23.48,425437.0
2015-08-11 11:00:00,23.49,23.49,23.49,23.49,437068.0
2015-08-11 11:15:00,23.5,23.5,23.5,23.5,442920.0
2015-08-11 11:30:00,23.49,23.49,23.49,23.49,323617.0
2015-08-11 11:45:00,23.51,23.51,23.51,23.51,320029.0
2015-08-11 12:00:00,23.53,23.53,23.52,23.53,312289.0
2015-08-11 12:15:00,23.54,23.54,23.54,23.54,468573.0
2015-08-11 12:30:00,23.54,23.54,23.54,23.54,493052.0
2015-08-11 12:45:00,23.55,23.55,23.55,23.55,299697.0
2015-08-11 13:00:00,23.56,23.56,23.56,23.56,373225.0
2015-08-11 13:15:00,23.57,23.57,23.57,23.57,441690.0
2015-08-11 13:30:00,23.57,23.57,23.57,23.57,347472.0
2015-08-11 13:45:00,23.59,23.59,23.58,23.59,531601.0
2015-08-11 14:00:00,23.6,23.6,23.59,23.6,387644.0
2015-08-11 14:15:00,23.6,23.6,23.6,23.6,372105.0
2015-08-11 14:30:00,23.61,23.61,23.61,23.61,405592.0
2015-08-11 14:45:00,23.63,23.63,23.63,23.63,491495.0
2015-08-11 15:00:00,23.63,23.63,23.63,23.63,540510.0
2015-08-11 15:15:00,23.64,23.64,23.64,23.64,422945.0
2015-08-11 15:30:00,23.65,23.65,23.65,23.65,406605.0
2015-08-11 15:45:00,23.65,23.65,23.65,23.65,521197.0
2015-08-12 09:30:00,23.29,23.3,23.29,23.3,395058.0
2015-08-12 09:45:00,23.3,23.3,23.3,23.3,281285.0
2015-08-12 10:00:00,23.31,23.31,23.31,23.31,375543.0
2015-08-12 10:15:00,23.35,23.35,23.35,23.35,412923.0
2015-08-12 10:30:00,23.36,23.36,23.36,23.36,396945.0
2015-08-12 10:45:00,23.37,23.37,23.37,23.37,330818.0
2015-08-12 11:00:00,23.39,23.39,23.39,23.39,320897.0
2015-08-12 11:15:00,23.41,23.41,23.4,23.41,277120.0
2015-08-12 11:30:00,23.43,23.43,23.43,23.43,401242.0
2015-08-12 11:45:00,23.44,23.44,23.44,23.44,365629.0
2015-08-12 12:00:00,23.46,23.46,23.46,23.46,345160.0
2015-08-12 12:15:00,23.48,23.48,23.48,23.48,278693.0
2015-08-12 12:30:00,23.48,23.48,23.48,23.48,340910.0
2015-08-12 12:45:00,23.51,23.51,23.51,23.51,406232.0
2015-08-12 13:00:00,23.52,23.53,23.52,23.53,286250.0
2015-08-12 13:15:00,23.54,23.55,23.54,23.54,416194.0
2015-08-12 13:30:00,23.56,23.56,23.56,23.56,334695.0
2015-08-12 13:45:00,23.58,23.59,23.58,23.58,372718.0
2015-08-12 14:00:00,23.6,23.6,23.6,23.6,384271.0
2015-08-12 14:15:00,23.61,23.61,23.61,23.61,319828.0
2015-08-12 14:30:00,23.63,23.63,23.63,23.63,362086.0
2015-08-12 14:45:00,23.65,23.65,23.64,23.65,339971.0
2015-08-12 15:00:00,23.66,23.66,23.65,23.66,292231.0
2015-08-12 15:15:00,23.68,23.68,23.68,23.68,353851.0
2015-08-12 15:30:00,23.71,23.71,23.71,23.71,462467.0
2015-08-12 15:45:00,23.71,23.72,23.71,23.72,373485.0
2015-08-13 09:30:00,23.75,23.75,23.75,23.75,201424.0
2015-08-13 09:45:00,23.74,23.74,23.74,23.74,269369.0
2015-08-13 10:00:00,23.73,23.73,23.73,23.73,333412.0
2015-08-13 10:15:00,23.72,23.72,23.72,23.72,287937.0
2015-08-13 10:30:00,23.71,23.71,23.71,23.71,250597.0
2015-08-13 10:45:00,23.69,23.69,23.69,23.69,246183.0
2015-08-13 11:00:00,23.69,23.69,23.69,23.69,282989.0
2015-08-13 11:15:00,23.69,23.69,23.69,23.69,336962.0
2015-08-13 11:30:00,23.67,23.67,23.67,23.67,314997.0
2015-08-13 11:45:00,23.66,23.67,23.66,23.66,207966.0
2015-08-13 12:00:00,23.66,23.66,23.66,23.66,238997.0
2015-08-13 12:15:00,23.65,23.65,23.65,23.65,326187.0
2015-08-13 12:30:00,23.64,23.64,23.64,23.64,255903.0
2015-08-13 12:45:00,23.63,23.63,23.63,23.63,317310.0
2015-08-13 13:00:00,23.63,23.63,23.62,23.63,302358.0
2015-08-13 13:15:00,23.61,23.61,23.61,23.61,322134.0
2015-08-13 13:30:00,23.61,23.61,23.6,23.61,192148.0
2015-08-13 13:45:00,23.6,23.6,23.6,23.6,309318.0
2015-08-13 14:00:00,23.59,23.59,23.59,23.59,192750.0
2015-08-13 14:15:00,23.56,23.56,23.56,23.56,260451.0
2015-08-13 14:30:00,23.56,23.56,23.56,23.56,214322.0
2015-08-13 14:45:00,23.56,23.56,23.56,23.56,250839.0
2015-08-13 15:00:00,23.55,23.55,23.55,23.55,257993.0
2015-08-13 15:15:00,23.54,23.54,23.54,23.54,298752.0
2015-08-13 15:30:00,23.53,23.53,23.53,23.53,278718.0
2015-08-13 15:45:00,23.52,23.52,23.52,23.52,195362.0
2015-08-14 09:30:00,23.5,23.51,23.5,23.51,164149.0
2015-08-14 09:45:00,23.51,23.51,23.51,23.51,153764.0
2015-08-14 10:00:00,23.5,23.5,23.5,23.5,228804.0
2015-08-14 10:15:00,23.51,23.51,23.51,23.51,236793.0
2015-08-14 10:30:00,23.51,23.51,23.51,23.51,202289.0
2015-08-14 10:45:00,23.51,23.51,23.51,23.51,160491.0
2015-08-14 11:00:00,23.51,23.51,23.51,23.51,241152.0
2015-08-14 11:15:00,23.51,23.51,23.51,23.51,228241.0
2015-08-14 11:30:00,23.51,23.51,23.51,23.51,232928.0
2015-08-14 11:45:00,23.51,23.51,23.51,23.51,250466.0
2015-08-14 12:00:00,23.52,23.52,23.52,23.52,185979.0
2015-08-14 12:15:00,23.52,23.52,23.52,23.52,224567.0
2015-08-14 12:30:00,23.51,23.51,23.51,23.51,260381.0
2015-08-14 12:45:00,23.52,23.52,23.52,23.52,155449.0
2015-08-14 13:00:00,23.52,23.52,23.52,23.52,260234.0
2015-08-14 13:15:00,23.53,23.53,23.53,23.53,181303.0
2015-08-14 13:30:00,23.52,23.53,23.52,23.52,216900.0
2015-08-14 13:45:00,23.52,23.53,23.52,23.52,219087.0
2015-08-14 14:00:00,23.53,23.53,23.53,23.53,192997.0
2015-08-14 14:15:00,23.54,23.54,23.54,23.54,200461.0
2015-08-14 14:30:00,23.53,23.53,23.53,23.53,232782.0
2015-08-14 14:45:00,23.53,23.54,23.53,23.53,251270.0
2015-08-14 15:00:00,23.54,23.54,23.54,23.54,194481.0
2015-08-14 15:15:00,23.54,23.54,23.54,23.54,202475.0
2015-08-14 15:30:00,23.54,23.54,23.54,23.54,220973.0
2015-08-14 15:45:00,23.54,23.54,23.54,23.54,217396.0
2015-08-17 09:30:00,23.5,23.5,23.5,23.5,260256.0
2015-08-17 09:45:00,23.5,23.5,23.5,23.5,229635.0
2015-08-17 10:00:00,23.49,23.49,23.49,23.49,242780.0
2015-08-17 10:15:00,23.48,23.48,23.48,23.48,214241.0
2015-08-17 10:30:00,23.48,23.48,23.48,23.48,200125.0
2015-08-17 10:45:00,23.48,23.48,23.47,23.48,316319.0
2015-08-17 11:00:00,23.48,23.48,23.48,23.48,273490.0
2015-08-17 11:15:00,23.46,23.46,23.46,23.46,199934.0
2015-08-17 11:30:00,23.47,23.47,23.47,23.47,251408.0
2015-08-17 11:45:00,23.46,23.46,23.46,23.46,201095.0
2015-08-17 12:00:00,23.46,23.46,23.46,23.46,258293.0
2015-08-17 12:15:00,23.45,23.45,23.45,23.45,290097.0
2015-08-17 12:30:00,23.44,23.45,23.44,23.45,326605.0
2015-08-17 12:45:00,23.44,23.44,23.44,23.44,213917.0
2015-08-17 13:00:00,23.43,23.43,23.43,23.43,309123.0
2015-08-17 13:15:00,23.43,23.43,23.43,23.43,294019.0
2015-08-17 13:30:00,23.43,23.43,23.43,23.43,222458.0
2015-08-17 13:45:00,23.43,23.43,23.43,23.43,256418.0
2015-08-17 14:00:00,23.42,23.42,23.42,23.42,260547.0
2015-08-17 14:15:00,23.42,23.42,23.42,23.42,337184.0
2015-08-17 14:30:00,23.41,23.41,23.41,23.41,340333.0
2015-08-17 14:45:00,23.4,23.41,23.4,23.41,288331.0
2015-08-17 15:00:00,23.4,23.4,23.4,23.4,312833.0
2015-08-17 15:15:00,23.4,23.41,23.4,23.4,184559.0
2015-08-17 15:30:00,23.39,23.39,23.39,23.39,223426.0
2015-08-17 15:45:00,23.39,23.39,23.39,23.39,298527.0
2015-08-18 09:30:00,23.21,23.21,23.21,23.21,283687.0
2015-08-18 09:45:00,23.22,23.22,23.22,23.22,244878.0
2015-08-18 10:00:00,23.21,23.21,23.21,23.21,197432.0
2015-08-18 10:15:00,23.2,23.2,23.2,23.2,346012.0
2015-08-18 10:30:00,23.2,23.21,23.2,23.2,282687.0
2015-08-18 10:45:00,23.19,23.19,23.19,23.19,278446.0
2015-08-18 11:00:00,23.19,23.19,23.19,23.19,276581.0
2015-08-18 11:15:00,23.18,23.19,23.18,23.18,303430.0
2015-08-18 11:30:00,23.18,23.18,23.18,23.18,239228.0
2015-08-18 11:45:00,23.15,23.15,23.15,23.15,339771.0
2015-08-18 12:00:00,23.17,23.17,23.17,23.17,195191.0
2015-08-18 12:15:00,23.15,23.15,23.15,23.15,282520.0
2015-08-18 12:30:00,23.16,23.16,23.16,23.16,345987.0
2015-08-18 12:45:00,23.15,23.15,23.15,23.15,194055.0
2015-08-18 13:00:00,23.15,23.15,23.15,23.15,247578.0
2015-08-18 13:15:00,23.13,23.14,23.13,23.13,202855.0
2015-08-18 13:30:00,23.13,23.13,23.13,23.13,352750.0
2015-08-18 13:45:00,23.13,23.13,23.13,23.13,236909.0
2015-08-18 14:00:00,23.12,23.12,23.12,23.12,220699.0
2015-08-18 14:15:00,23.11,23.12,23.11,23.12,285382.0
2015-08-18 14:30:00,23.1,23.1,23.1,23.1,351960.0
2015-08-18 14:45:00,23.11,23.12,23.11,23.11,271952.0
2015-08-18 15:00:00,23.1,23.1,23.1,23.1,227107.0
2015-08-18 15:15:00,23.09,23.09,23.09,23.09,287285.0
2015-08-18 15:30:00,23.09,23.09,23.09,23.09,279862.0
2015-08-18 15:45:00,23.08,23.08,23.08,23.08,203951.0
2015-08-19 09:30:00,23.05,23.06,23.05,23.06,302657.0
2015-08-19 09:45:00,23.05,23.05,23.05,23.05,189064.0
2015-08-19 10:00:00,23.06,23.06,23.06,23.06,267176.0
2015-08-19 10:15:00,23.04,23.04,23.04,23.04,173006.0
2015-08-19 10:30:00,23.04,23.04,23.04,23.04,310580.0
2015-08-19 10:45:00,23.04,23.04,23.04,23.04,285952.0
2015-08-19 11:00:00,23.03,23.03,23.03,23.03,233284.0
2015-08-19 11:15:00,23.03,23.03,23.03,23.03,292407.0
2015-08-19 11:30:00,23.04,23.04,23.04,23.04,311441.0
2015-08-19 11:45:00,23.03,23.03,23.03,23.03,248563.0
2015-08-19 12:00:00,23.04,23.04,23.04,23.04,283997.0
2015-08-19 12:15:00,23.03,23.03,23.03,23.03,229178.0
2015-08-19 12:30:00,23.02,23.02,23.02,23.02,298219.0
2015-08-19 12:45:00,23.02,23.03,23.02,23.02,248748.0
2015-08-19 13:00:00,23.01,23.01,23.01,23.01,212167.0
2015-08-19 13:15:00,23.02,23.02,23.02,23.02,283673.0
2015-08-19 13:30:00,23.0,23.01,23.0,23.01,263980.0
2015-08-19 13:45:00,23.01,23.01,23.01,23.01,179988.0
2015-08-19 14:00:00,23.01,23.01,23.01,23.01,224858.0
2015-08-19 14:15:00,22.99,22.99,22.99,22.99,272010.0
2015-08-19 14:30:00,23.0,23.0,23.0,23.0,205871.0
2015-08-19 14:45:00,22.99,22.99,22.99,22.99,203405.0
2015-08-19 15:00:00,23.01,23.01,23.01,23.01,307067.0
2015-08-19 15:15:00,23.01,23.01,23.01,23.01,200398.0
2015-08-19 15:30:00,22.99,22.99,22.99,22.99,204528.0
2015-08-19 15:45:00,22.99,22.99,22.99,22.99,258490.0
2015-08-20 09:45:00,22.71,22.71,22.71,22.71,467702.0
2015-08-20 10:00:00,22.71,22.71,22.71,22.71,512308.0
2015-08-20 10:15:00,22.66,22.66,22.66,22.66,427174.0
2015-08-20 10:30:00,22.65,22.65,22.65,22.65,376646.0
2015-08-20 10:45:00,22.62,22.62,22.62,22.62,301606.0
2015-08-20 11:00:00,22.59,22.59,22.59,22.59,318825.0
2015-08-20 11:15:00,22.57,22.57,22.57,22.57,341436.0
2015-08-20 11:30:00,22.55,22.55,22.54,22.55,516000.0
2015-08-20 11:45:00,22.53,22.53,22.53,22.53,379692.0
2015-08-20 12:00:00,22.49,22.5,22.49,22.49,294023.0
2015-08-20 12:15:00,22.49,22.49,22.49,22.49,483927.0
2015-08-20 12:30:00,22.45,22.46,22.45,22.45,411970.0
2015-08-20 12:45:00,22.44,22.44,22.44,22.44,418614.0
2015-08-20 13:00:00,22.41,22.42,22.41,22.41,412918.0
2015-08-20 13:15:00,22.42,22.42,22.41,22.42,388574.0
2015-08-20 13:30:00,22.37,22.37,22.37,22.37,397920.0
2015-08-20 13:45:00,22.35,22.35,22.35,22.35,366122.0
2015-08-20 14:00:00,22.33,22.33,22.33,22.33,342496.0
2015-08-20 14:15:00,22.3,22.3,22.3,22.3,462309.0
2015-08-20 14:30:00,22.27,22.27,22.27,22.27,496005.0
2015-08-20 14:45:00,22.27,22.27,22.27,22.27,500646.0
2015-08-20 15:00:00,22.22,22.22,22.22,22.22,317279.0
2015-08-20 15:15:00,22.21,22.21,22.21,22.21,340833.0
2015-08-20 15:30:00,22.19,22.19,22.19,22.19,408685.0
2015-08-20 15:45:00,22.16,22.16,22.16,22.16,298159.0
2015-08-21 09:30:00,22.01,22.01,22.01,22.01,305054.0
2015-08-21 09:45:00,21.98,21.98,21.98,21.98,300568.0
2015-08-21 10:00:00,21.96,21.96,21.96,21.96,373250.0
2015-08-21 10:15:00,21.93,21.93,21.93,21.93,389684.0
2015-08-21 10:30:00,21.91,21.91,21.91,21.91,418568.0
2015-08-21 10:45:00,21.9,21.9,21.9,21.9,439627.0
2015-08-21 11:00:00,21.87,21.87,21.87,21.87,309744.0
2015-08-21 11:15:00,21.85,21.85,21.85,21.85,263308.0
2015-08-21 11:30:00,21.83,21.83,21.83,21.83,436034.0
2015-08-21 11:45:00,21.81,21.81,21.81,21.81,362109.0
2015-08-21 12:15:00,21.76,21.76,21.76,21.76,434963.0
2015-08-21 12:30:00,21.74,21.74,21.74,21.74,301891.0
2015-08-21 13:00:00,21.71,21.71,21.71,21.71,460556.0
2015-08-21 13:15:00,21.67,21.67,21.66,21.67,442099.0
2015-08-21 13:30:00,21.66,21.66,21.66,21.66,401924.0
2015-08-21 13:45:00,21.63,21.63,21.63,21.63,369182.0
2015-08-21 14:00:00,21.61,21.61,21.6,21.61,328417.0
2015-08-21 14:15:00,21.59,21.59,21.59,21.59,443086.0
2015-08-21 14:30:00,21.58,21.59,21.58,21.59,317993.0
2015-08-21 14:45:00,21.58,21.59,21.58,21.58,309912.0
2015-08-21 15:00:00,21.53,21.53,21.53,21.53,280445.0
2015-08-21 15:30:00,21.49,21.49,21.49,21.49,315000.0
2015-08-21 15:45:00,21.46,21.46,21.46,21.46,371910.0
2015-08-24 09:30:00,20.26,20.26,20.26,20.26,677834.0
2015-08-24 09:45:00,20.29,20.29,20.29,20.29,548568.0
2015-08-24 10:00:00,20.35,20.36,20.34,20.36,739576.0
2015-08-24 10:15:00,20.33,20.33,20.33,20.33,609333.0
2015-08-24 10:30:00,20.34,20.34,20.34,20.34,657008.0
2015-08-24 10:45:00,20.38,20.39,20.38,20.38,585944.0
2015-08-24 11:00:00,20.37,20.37,20.37,20.37,692146.0
2015-08-24 11:15:00,20.4,20.4,20.4,20.4,670140.0
2015-08-24 11:30:00,20.37,20.38,20.37,20.37,847645.0
2015-08-24 11:45:00,20.43,20.44,20.43,20.44,663309.0
2015-08-24 12:00:00,20.44,20.44,20.44,20.44,757048.0
2015-08-24 12:15:00,20.46,20.47,20.46,20.46,536950.0
2015-08-24 12:30:00,20.49,20.49,20.49,20.49,633020.0
2015-08-24 12:45:00,20.49,20.49,20.49,20.49,579247.0
2015-08-24 13:00:00,20.51,20.51,20.5,20.51,829010.0
2015-08-24 13:15:00,20.53,20.54,20.53,20.54,644943.0
2015-08-24 13:30:00,20.5,20.5,20.49,20.5,595483.0
2015-08-24 13:45:00,20.57,20.57,20.57,20.57,533777.0
2015-08-24 14:00:00,20.6,20.6,20.59,20.6,631756.0
2015-08-24 14:15:00,20.63,20.64,20.63,20.64,679566.0
2015-08-24 14:30:00,20.62,20.62,20.62,20.62,558384.0
2015-08-24 14:45:00,20.58,20.59,20.58,20.58,663091.0
2015-08-24 15:00:00,20.62,20.62,20.62,20.62,485166.0
2015-08-24 15:15:00,20.69,20.7,20.69,20.69,850091.0
2015-08-24 15:30:00,20.7,20.7,20.7,20.7,707979.0
2015-08-24 15:45:00,20.73,20.73,20.72,20.73,679985.0
2015-08-25 09:30:00,21.62,21.62,21.61,21.61,517356.0
2015-08-25 09:45:00,21.61,21.61,21.61,21.61,696836.0
2015-08-25 10:00:00,21.53,21.54,21.53,21.54,624552.0
2015-08-25 10:15:00,21.49,21.49,21.49,21.49,689014.0
2015-08-25 10:30:00,21.39,21.39,21.39,21.39,706561.0
2015-08-25 11:00:00,21.3,21.31,21.3,21.3,524723.0
2015-08-25 11:15:00,21.24,21.25,21.24,21.24,497538.0
2015-08-25 11:30:00,21.21,21.22,21.21,21.22,707154.0
2015-08-25 11:45:00,21.13,21.13,21.13,21.13,775655.0
2015-08-25 12:00:00,21.08,21.09,21.08,21.08,613570.0
2015-08-25 12:15:00,20.99,21.0,20.99,20.99,444836.0
2015-08-25 12:30:00,20.98,20.98,20.98,20.98,447091.0
2015-08-25 12:45:00,20.9,20.9,20.89,20.9,699941.0
2015-08-25 13:00:00,20.86,20.86,20.86,20.86,677356.0
2015-08-25 13:15:00,20.82,20.83,20.82,20.82,678698.0
2015-08-25 13:30:00,20.76,20.76,20.76,20.76,772336.0
2015-08-25 13:45:00,20.68,20.69,20.68,20.69,570444.0
2015-08-25 14:00:00,20.65,20.66,20.65,20.66,463761.0
2015-08-25 14:15:00,20.62,20.63,20.62,20.62,478498.0
2015-08-25 14:30:00,20.55,20.55,20.55,20.55,729423.0
2015-08-25 14:45:00,20.49,20.5,20.49,20.5,580350.0
2015-08-25 15:00:00,20.44,20.44,20.44,20.44,520494.0
2015-08-25 15:15:00,20.38,20.38,20.38,20.38,670359.0
2015-08-25 15:30:00,20.33,20.34,20.33,20.33,452876.0
2015-08-25 15:45:00,20.28,20.28,20.28,20.28,469693.0
2015-08-26 09:30:00,20.93,20.93,20.93,20.93,529350.0
2015-08-26 10:00:00,20.98,20.98,20.97,20.98,456068.0
2015-08-26 10:30:00,21.07,21.08,21.07,21.07,666813.0
2015-08-26 10:45:00,21.11,21.11,21.11,21.11,616572.0
2015-08-26 11:00:00,21.18,21.18,21.18,21.18,540751.0
2015-08-26 11:15:00,21.18,21.18,21.17,21.18,567958.0
2015-08-26 11:30:00,21.21,21.22,21.21,21.21,760499.0
2015-08-26 11:45:00,21.25,21.25,21.25,21.25,710838.0
2015-08-26 12:00:00,21.27,21.27,21.27,21.27,534905.0
2015-08-26 12:15:00,21.3,21.3,21.3,21.3,567659.0
2015-08-26 12:30:00,21.36,21.36,21.36,21.36,440932.0
2015-08-26 12:45:00,21.41,21.41,21.4,21.41,686209.0
2015-08-26 13:00:00,21.42,21.43,21.42,21.43,561901.0
2015-08-26 13:15:00,21.46,21.46,21.45,21.46,431042.0
2015-08-26 13:30:00,21.5,21.5,21.5,21.5,476056.0
2015-08-26 13:45:00,21.51,21.52,21.51,21.51,690323.0
2015-08-26 14:00:00,21.56,21.57,21.56,21.56,706779.0
2015-08-26 14:15:00,21.59,21.6,21.59,21.59,627287.0
2015-08-26 14:30:00,21.61,21.61,21.61,21.61,536666.0
2015-08-26 14:45:00,21.65,21.66,21.65,21.66,484554.0
2015-08-26 15:00:00,21.69,21.69,21.69,21.69,541202.0
2015-08-26 15:15:00,21.7,21.7,21.7,21.7,647595.0
2015-08-26 15:30:00,21.78,21.78,21.78,21.78,731510.0
2015-08-26 15:45:00,21.81,21.81,21.81,21.81,753162.0
2015-08-27 09:30:00,22.04,22.04,22.04,22.04,400858.0
2015-08-27 09:45:00,22.07,22.07,22.07,22.07,382637.0
2015-08-27 10:00:00,22.08,22.08,22.08,22.08,480786.0
2015-08-27 10:15:00,22.08,22.08,22.08,22.08,421452.0
2015-08-27 10:30:00,22.14,22.14,22.14,22.14,335764.0
2015-08-27 10:45:00,22.15,22.16,22.15,22.16,371969.0
2015-08-27 11:00:00,22.18,22.18,22.18,22.18,537430.0
2015-08-27 11:15:00,22.2,22.2,22.2,22.2,317949.0
2015-08-27 11:30:00,22.23,22.23,22.23,22.23,480499.0
2015-08-27 11:45:00,22.25,22.25,22.25,22.25,345482.0
2015-08-27 12:00:00,22.28,22.28,22.28,22.28,470377.0
2015-08-27 12:15:00,22.3,22.3,22.3,22.3,512841.0
2015-08-27 12:30:00,22.33,22.33,22.33,22.33,571326.0
2015-08-27 12:45:00,22.35,22.35,22.35,22.35,576681.0
2015-08-27 13:00:00,22.37,22.37,22.37,22.37,330957.0
2015-08-27 13:15:00,22.39,22.39,22.39,22.39,563597.0
2015-08-27 13:30:00,22.41,22.41,22.41,22.41,517530.0
2015-08-27 13:45:00,22.44,22.44,22.44,22.44,321226.0
2015-08-27 14:00:00,22.46,22.46,22.46,22.46,543518.0
2015-08-27 14:15:00,22.49,22.49,22.49,22.49,325142.0
2015-08-27 14:30:00,22.51,22.51,22.51,22.51,468037.0
2015-08-27 14:45:00,22.54,22.54,22.53,22.53,545510.0
2015-08-27 15:00:00,22.53,22.53,22.53,22.53,537729.0
2015-08-27 15:15:00,22.58,22.59,22.58,22.58,449288.0
2015-08-27 15:30:00,22.61,22.61,22.61,22.61,564686.0
2015-08-27 15:45:00,22.62,22.62,22.62,22.62,548402.0
2015-08-28 09:30:00,22.63,22.63,22.63,22.63,243361.0
2015-08-28 09:45:00,22.64,22.64,22.64,22.64,345650.0
2015-08-28 10:00:00,22.63,22.64,22.63,22.63,394827.0
2015-08-28 10:15:00,22.64,22.65,22.64,22.64,367014.0
2015-08-28 10:30:00,22.65,22.65,22.65,22.65,367846.0
2015-08-28 10:45:00,22.65,22.65,22.65,22.65,253054.0
2015-08-28 11:00:00,22.66,22.66,22.66,22.66,377829.0
2015-08-28 11:15:00,22.66,22.66,22.66,22.66,351213.0
2015-08-28 11:30:00,22.67,22.67,22.67,22.67,253403.0
2015-08-28 11:45:00,22.66,22.66,22.66,22.66,290481.0
2015-08-28 12:00:00,22.67,22.67,22.67,22.67,227223.0
2015-08-28 12:15:00,22.67,22.67,22.67,22.67,271102.0
2015-08-28 12:30:00,22.68,22.68,22.68,22.68,377046.0
2015-08-28 12:45:00,22.68,22.68,22.68,22.68,259942.0
2015-08-28 13:00:00,22.68,22.68,22.68,22.68,260382.0
2015-08-28 13:15:00,22.69,22.69,22.69,22.69,347068.0
2015-08-28 13:30:00,22.69,22.69,22.69,22.69,268694.0
2015-08-28 13:45:00,22.7,22.7,22.7,22.7,357337.0
2015-08-28 14:00:00,22.7,22.7,22.7,22.7,217683.0
2015-08-28 14:15:00,22.71,22.71,22.71,22.71,310209.0
2015-08-28 14:30:00,22.71,22.71,22.71,22.71,260357.0
2015-08-28 14:45:00,22.7,22.71,22.7,22.7,390680.0
2015-08-28 15:00:00,22.72,22.72,22.72,22.72,351170.0
2015-08-28 15:15:00,22.72,22.73,22.72,22.72,246162.0
2015-08-28 15:30:00,22.73,22.73,22.73,22.73,226442.0
2015-08-28 15:45:00,22.73,22.73,22.73,22.73,339413.0
2015-08-31 09:30:00,22.62,22.62,22.62,22.62,241643.0
2015-08-31 09:45:00,22.62,22.62,22.62,22.62,218338.0
2015-08-31 10:00:00,22.61,22.61,22.61,22.61,270981.0
2015-08-31 10:15:00,22.6,22.6,22.6,22.6,150891.0
2015-08-31 10:30:00,22.6,22.6,22.6,22.6,196289.0
2015-08-31 10:45:00,22.59,22.59,22.59,22.59,230362.0
2015-08-31 11:00:00,22.59,22.59,22.59,22.59,210640.0
2015-08-31 11:15:00,22.58,22.58,22.58,22.58,149890.0
2015-08-31 11:30:00,22.58,22.58,22.58,22.58,196369.0
2015-08-31 11:45:00,22.58,22.58,22.57,22.58,254552.0
2015-08-31 12:00:00,22.56,22.56,22.56,22.56,237929.0
2015-08-31 12:15:00,22.56,22.56,22.56,22.56,268889.0
2015-08-31 12:30:00,22.54,22.55,22.54,22.54,148417.0
2015-08-31 12:45:00,22.54,22.55,22.54,22.55,170666.0
2015-08-31 13:00:00,22.55,22.55,22.55,22.55,243211.0
2015-08-31 13:15:00,22.54,22.54,22.54,22.54,247884.0
2015-08-31 13:30:00,22.54,22.54,22.54,22.54,200630.0
2015-08-31 13:45:00,22.52,22.52,22.52,22.52,214624.0
2015-08-31 14:00:00,22.52,22.52,22.52,22.52,174174.0
2015-08-31 14:15:00,22.52,22.52,22.52,22.52,151222.0
2015-08-31 14:30:00,22.5,22.5,22.5,22.5,268973.0
2015-08-31 14:45:00,22.51,22.51,22.51,22.51,176076.0
2015-08-31 15:00:00,22.49,22.5,22.49,22.5,229100.0
2015-08-31 15:15:00,22.49,22.49,22.49,22.49,191770.0
2015-08-31 15:30:00,22.48,22.48,22.48,22.48,207760.0
2015-08-31 15:45:00,22.48,22.48,22.48,22.48,220045.0
2015-09-01 09:30:00,21.82,21.83,21.82,21.83,416436.0
2015-09-01 09:45:00,21.81,21.81,21.81,21.81,379450.0
2015-09-01 10:00:00,21.8,21.81,21.8,21.8,335667.0
2015-09-01 10:15:00,21.8,21.8,21.8,21.8,279081.0
2015-09-01 10:30:00,21.8,21.8,21.8,21.8,354846.0
2015-09-01 10:45:00,21.78,21.78,21.78,21.78,276059.0
2015-09-01 11:00:00,21.76,21.76,21.76,21.76,373974.0
2015-09-01 11:15:00,21.75,21.76,21.75,21.76,407272.0
2015-09-01 11:30:00,21.75,21.75,21.75,21.75,429229.0
2015-09-01 11:45:00,21.73,21.74,21.73,21.74,351870.0
2015-09-01 12:00:00,21.73,21.73,21.73,21.73,426219.0
2015-09-01 12:15:00,21.71,21.71,21.71,21.71,246794.0
2015-09-01 12:30:00,21.7,21.7,21.7,21.7,394041.0
2015-09-01 13:00:00,21.68,21.68,21.68,21.68,395091.0
2015-09-01 13:15:00,21.67,21.67,21.67,21.67,261920.0
2015-09-01 13:30:00,21.67,21.67,21.67,21.67,280915.0
2015-09-01 13:45:00,21.64,21.64,21.64,21.64,335985.0
2015-09-01 14:00:00,21.64,21.64,21.64,21.64,271448.0
2015-09-01 14:30:00,21.61,21.61,21.61,21.61,364677.0
2015-09-01 14:45:00,21.61,21.61,21.61,21.61,316995.0
2015-09-01 15:00:00,21.6,21.61,21.6,21.6,392074.0
2015-09-01 15:15:00,21.59,21.59,21.58,21.59,238276.0
2015-09-01 15:30:00,21.58,21.58,21.58,21.58,291089.0
2015-09-01 15:45:00,21.56,21.56,21.56,21.56,368387.0
2015-09-02 09:30:00,22.14,22.14,22.14,22.14,383200.0
2015-09-02 09:45:00,22.16,22.16,22.16,22.16,385702.0
2015-09-02 10:00:00,22.15,22.15,22.15,22.15,312020.0
2015-09-02 10:15:00,22.16,22.16,22.16,22.16,250708.0
2015-09-02 10:30:00,22.16,22.16,22.16,22.16,352096.0
2015-09-02 10:45:00,22.16,22.16,22.16,22.16,362165.0
2015-09-02 11:00:00,22.16,22.17,22.16,22.17,323912.0
2015-09-02 11:15:00,22.18,22.18,22.18,22.18,385409.0
2015-09-02 11:30:00,22.17,22.17,22.17,22.17,316624.0
2015-09-02 11:45:00,22.16,22.17,22.16,22.16,420140.0
2015-09-02 12:00:00,22.17,22.18,22.17,22.17,245143.0
2015-09-02 12:15:00,22.17,22.17,22.17,22.17,252241.0
2015-09-02 12:30:00,22.18,22.18,22.18,22.18,263820.0
2015-09-02 12:45:00,22.18,22.18,22.18,22.18,410706.0
2015-09-02 13:00:00,22.18,22.18,22.18,22.18,404475.0
2015-09-02 13:15:00,22.19,22.19,22.19,22.19,239357.0
2015-09-02 13:30:00,22.18,22.18,22.18,22.18,359613.0
2015-09-02 13:45:00,22.19,22.19,22.19,22.19,239783.0
2015-09-02 14:00:00,22.19,22.2,22.19,22.2,298875.0
2015-09-02 14:15:00,22.2,22.2,22.2,22.2,255249.0
2015-09-02 14:30:00,22.2,22.2,22.2,22.2,343639.0
2015-09-02 14:45:00,22.2,22.2,22.2,22.2,347250.0
2015-09-02 15:00:00,22.2,22.2,22.2,22.2,404987.0
2015-09-02 15:15:00,22.21,22.21,22.21,22.21,392434.0
2015-09-02 15:30:00,22.19,22.2,22.19,22.2,386436.0
2015-09-02 15:45:00,22.21,22.22,22.21,22.21,390433.0
2015-09-03 09:30:00,22.54,22.54,22.54,22.54,232097.0
2015-09-03 09:45:00,22.53,22.53,22.52,22.53,254635.0
2015-09-03 10:00:00,22.52,22.52,22.52,22.52,197404.0
2015-09-03 10:15:00,22.51,22.51,22.51,22.51,220228.0
2015-09-03 10:30:00,22.49,22.49,22.49,22.49,216859.0
2015-09-03 10:45:00,22.48,22.48,22.48,22.48,304953.0
2015-09-03 11:15:00,22.47,22.47,22.47,22.47,283076.0
2015-09-03 11:30:00,22.44,22.44,22.44,22.44,224656.0
2015-09-03 11:45:00,22.44,22.44,22.44,22.44,293826.0
2015-09-03 12:00:00,22.42,22.42,22.42,22.42,324008.0
2015-09-03 12:15:00,22.42,22.42,22.42,22.42,275966.0
2015-09-03 12:30:00,22.42,22.42,22.42,22.42,198051.0
2015-09-03 12:45:00,22.4,22.4,22.4,22.4,236929.0
2015-09-03 13:00:00,22.39,22.39,22.39,22.39,275028.0
2015-09-03 13:15:00,22.38,22.38,22.38,22.38,185049.0
2015-09-03 13:30:00,22.39,22.39,22.39,22.39,303776.0
2015-09-03 13:45:00,22.34,22.34,22.34,22.34,260978.0
2015-09-03 14:00:00,22.35,22.35,22.35,22.35,279849.0
2015-09-03 14:15:00,22.34,22.34,22.34,22.34,280814.0
2015-09-03 14:30:00,22.32,22.32,22.32,22.32,213873.0
2015-09-03 14:45:00,22.31,22.32,22.31,22.32,320168.0
2015-09-03 15:00:00,22.3,22.3,22.3,22.3,257526.0
2015-09-03 15:15:00,22.29,22.29,22.29,22.29,294920.0
2015-09-03 15:30:00,22.29,22.29,22.29,22.29,183152.0
2015-09-03 15:45:00,22.27,22.27,22.27,22.27,325826.0
2015-09-04 09:30:00,21.88,21.88,21.88,21.88,297535.0
2015-09-04 09:45:00,21.87,21.88,21.87,21.88,341560.0
2015-09-04 10:00:00,21.87,21.88,21.87,21.88,306928.0
2015-09-04 10:15:00,21.87,21.87,21.87,21.87,234502.0
2015-09-04 10:30:00,21.87,21.87,21.87,21.87,282262.0
2015-09-04 10:45:00,21.86,21.86,21.86,21.86,194714.0
2015-09-04 11:00:00,21.86,21.86,21.86,21.86,275481.0
2015-09-04 11:15:00,21.85,21.85,21.85,21.85,275243.0
2015-09-04 11:30:00,21.83,21.84,21.83,21.83,306937.0
2015-09-04 11:45:00,21.84,21.84,21.84,21.84,333378.0
2015-09-04 12:00:00,21.84,21.84,21.84,21.84,217128.0
2015-09-04 12:15:00,21.82,21.82,21.82,21.82,265580.0
2015-09-04 12:30:00,21.83,21.83,21.83,21.83,197378.0
2015-09-04 12:45:00,21.82,21.82,21.82,21.82,261257.0
2015-09-04 13:00:00,21.81,21.81,21.81,21.81,256525.0
2015-09-04 13:15:00,21.81,21.81,21.81,21.81,299729.0
2015-09-04 13:30:00,21.8,21.8,21.8,21.8,204759.0
2015-09-04 13:45:00,21.79,21.79,21.79,21.79,325023.0
2015-09-04 14:00:00,21.79,21.79,21.79,21.79,269180.0
2015-09-04 14:15:00,21.78,21.78,21.78,21.78,202733.0
2015-09-04 14:30:00,21.77,21.77,21.77,21.77,202401.0
2015-09-04 14:45:00,21.78,21.78,21.78,21.78,348268.0
2015-09-04 15:00:00,21.77,21.77,21.77,21.77,272967.0
2015-09-04 15:15:00,21.76,21.76,21.76,21.76,218378.0
2015-09-04 15:30:00,21.75,21.75,21.75,21.75,268423.0
2015-09-04 15:45:00,21.75,21.75,21.75,21.75,267163.0
2015-09-08 09:30:00,22.3,22.31,22.3,22.3,214039.0
2015-09-08 09:45:00,22.3,22.3,22.3,22.3,280834.0
2015-09-08 10:00:00,22.3,22.3,22.3,22.3,275171.0
2015-09-08 10:15:00,22.33,22.33,22.33,22.33,278729.0
2015-09-08 10:30:00,22.34,22.34,22.34,22.34,199547.0
2015-09-08 10:45:00,22.36,22.36,22.36,22.36,187135.0
2015-09-08 11:00:00,22.39,22.39,22.39,22.39,160813.0
2015-09-08 11:15:00,22.38,22.39,22.38,22.38,251666.0
2015-09-08 11:30:00,22.41,22.41,22.41,22.41,208790.0
2015-09-08 11:45:00,22.43,22.43,22.43,22.43,263359.0
2015-09-08 12:00:00,22.44,22.44,22.44,22.44,193575.0
2015-09-08 12:15:00,22.46,22.46,22.46,22.46,181757.0
2015-09-08 12:30:00,22.47,22.47,22.47,22.47,262796.0
2015-09-08 12:45:00,22.49,22.49,22.49,22.49,285156.0
2015-09-08 13:00:00,22.51,22.51,22.5,22.51,199812.0
2015-09-08 13:15:00,22.52,22.52,22.52,22.52,237109.0
2015-09-08 13:30:00,22.53,22.53,22.53,22.53,229067.0
2015-09-08 13:45:00,22.56,22.57,22.56,22.56,189790.0
2015-09-08 14:00:00,22.59,22.59,22.59,22.59,198401.0
2015-09-08 14:15:00,22.59,22.6,22.59,22.59,223011.0
2015-09-08 14:30:00,22.59,22.6,22.59,22.59,172836.0
2015-09-08 14:45:00,22.63,22.63,22.63,22.63,269598.0
2015-09-08 15:00:00,22.63,22.63,22.63,22.63,203362.0
2015-09-08 15:15:00,22.65,22.65,22.65,22.65,196549.0
2015-09-08 15:30:00,22.67,22.67,22.67,22.67,256409.0
2015-09-08 15:45:00,22.69,22.69,22.68,22.69,277128.0
2015-09-09 09:30:00,22.73,22.73,22.73,22.73,197739.0
2015-09-09 09:45:00,22.73,22.73,22.73,22.73,343330.0
2015-09-09 10:00:00,22.71,22.72,22.71,22.71,270861.0
2015-09-09 10:15:00,22.69,22.7,22.69,22.7,202186.0
2015-09-09 10:30:00,22.66,22.66,22.66,22.66,330279.0
2015-09-09 10:45:00,22.64,22.64,22.64,22.64,232564.0
2015-09-09 11:00:00,22.6,22.6,22.6,22.6,313659.0
2015-09-09 11:15:00,22.6,22.6,22.6,22.6,280767.0
2015-09-09 11:30:00,22.57,22.58,22.57,22.58,249243.0
2015-09-09 12:00:00,22.54,22.54,22.54,22.54,234348.0
2015-09-09 12:15:00,22.53,22.53,22.53,22.53,215261.0
2015-09-09 12:30:00,22.5,22.5,22.5,22.5,222529.0
2015-09-09 12:45:00,22.48,22.48,22.48,22.48,273859.0
2015-09-09 13:00:00,22.46,22.46,22.46,22.46,246023.0
2015-09-09 13:15:00,22.45,22.46,22.45,22.45,263455.0
2015-09-09 13:30:00,22.42,22.42,22.42,22.42,276706.0
2015-09-09 13:45:00,22.39,22.39,22.39,22.39,328595.0
2015-09-09 14:00:00,22.38,22.38,22.38,22.38,200113.0
2015-09-09 14:15:00,22.35,22.35,22.34,22.35,242456.0
2015-09-09 14:30:00,22.32,22.33,22.32,22.32,277474.0
2015-09-09 14:45:00,22.3,22.3,22.3,22.3,213940.0
2015-09-09 15:00:00,22.3,22.3,22.3,22.3,336128.0
2015-09-09 15:15:00,22.28,22.28,22.28,22.28,320558.0
2015-09-09 15:30:00,22.25,22.25,22.25,22.25,349616.0
2015-09-09 15:45:00,22.23,22.23,22.23,22.23,359773.0
2015-09-10 09:30:00,22.09,22.09,22.09,22.09,325809.0
2015-09-10 09:45:00,22.12,22.12,22.12,22.12,359679.0
2015-09-10 10:00:00,22.13,22.13,22.13,22.13,358141.0
2015-09-10 10:15:00,22.14,22.14,22.14,22.14,359432.0
2015-09-10 10:30:00,22.18,22.18,22.18,22.18,352612.0
2015-09-10 10:45:00,22.2,22.2,22.2,22.2,256702.0
2015-09-10 11:00:00,22.21,22.21,22.21,22.21,404050.0
2015-09-10 11:15:00,22.22,22.23,22.22,22.23,305680.0
2015-09-10 11:30:00,22.25,22.25,22.25,22.25,342242.0
2015-09-10 11:45:00,22.28,22.28,22.28,22.28,446295.0
2015-09-10 12:00:00,22.29,22.29,22.29,22.29,333307.0
2015-09-10 12:15:00,22.31,22.31,22.31,22.31,287168.0
2015-09-10 12:30:00,22.31,22.32,22.31,22.31,352970.0
2015-09-10 12:45:00,22.35,22.35,22.35,22.35,411233.0
2015-09-10 13:00:00,22.36,22.37,22.36,22.37,261733.0
2015-09-10 13:15:00,22.39,22.39,22.39,22.39,359859.0
2015-09-10 13:30:00,22.38,22.39,22.38,22.39,279309.0
2015-09-10 13:45:00,22.4,22.4,22.4,22.4,309274.0
2015-09-10 14:00:00,22.46,22.46,22.45,22.46,367184.0
2015-09-10 14:15:00,22.46,22.47,22.46,22.46,282281.0
2015-09-10 14:30:00,22.47,22.47,22.47,22.47,424050.0
2015-09-10 14:45:00,22.5,22.51,22.5,22.5,307778.0
2015-09-10 15:00:00,22.53,22.54,22.53,22.53,330468.0
2015-09-10 15:15:00,22.52,22.52,22.52,22.52,350749.0
2015-09-10 15:30:00,22.56,22.56,22.56,22.56,386417.0
2015-09-10 15:45:00,22.59,22.59,22.59,22.59,392866.0
2015-09-11 09:30:00,22.33,22.33,22.33,22.33,209522.0
2015-09-11 09:45:00,22.33,22.33,22.33,22.33,360681.0
2015-09-11 10:00:00,22.35,22.36,22.35,22.35,279368.0
2015-09-11 10:15:00,22.37,22.37,22.36,22.36,257284.0
2015-09-11 10:30:00,22.39,22.39,22.38,22.39,300942.0
2015-09-11 10:45:00,22.39,22.39,22.38,22.38,259397.0
2015-09-11 11:00:00,22.41,22.41,22.41,22.41,226164.0
2015-09-11 11:15:00,22.41,22.41,22.41,22.41,369875.0
2015-09-11 11:30:00,22.43,22.43,22.43,22.43,209383.0
2015-09-11 11:45:00,22.45,22.45,22.45,22.45,358087.0
2015-09-11 12:00:00,22.45,22.45,22.45,22.45,269729.0
2015-09-11 12:15:00,22.47,22.47,22.47,22.47,225395.0
2015-09-11 12:30:00,22.48,22.49,22.48,22.48,292220.0
2015-09-11 12:45:00,22.49,22.49,22.49,22.49,368791.0
2015-09-11 13:00:00,22.51,22.51,22.51,22.51,334467.0
2015-09-11 13:15:00,22.52,22.53,22.52,22.53,373370.0
2015-09-11 13:30:00,22.54,22.54,22.54,22.54,240711.0
2015-09-11 13:45:00,22.54,22.54,22.54,22.54,306093.0
2015-09-11 14:00:00,22.56,22.56,22.56,22.56,217897.0
2015-09-11 14:15:00,22.57,22.57,22.57,22.57,290273.0
2015-09-11 14:30:00,22.57,22.57,22.57,22.57,363408.0
2015-09-11 14:45:00,22.6,22.6,22.6,22.6,231801.0
2015-09-11 15:00:00,22.6,22.61,22.6,22.6,272550.0
2015-09-11 15:15:00,22.63,22.63,22.63,22.63,271665.0
2015-09-11 15:30:00,22.64,22.65,22.64,22.64,300426.0
2015-09-11 15:45:00,22.65,22.65,22.65,22.65,345952.0
2015-09-14 09:30:00,22.76,22.76,22.76,22.76,136270.0
2015-09-14 09:45:00,22.75,22.75,22.75,22.75,159703.0
2015-09-14 10:00:00,22.76,22.76,22.76,22.76,153495.0
2015-09-14 10:15:00,22.75,22.75,22.75,22.75,166128.0
2015-09-14 10:30:00,22.75,22.75,22.75,22.75,169015.0
2015-09-14 10:45:00,22.74,22.74,22.74,22.74,236482.0
2015-09-14 11:00:00,22.74,22.74,22.74,22.74,204246.0
2015-09-14 11:15:00,22.74,22.74,22.74,22.74,165899.0
2015-09-14 11:30:00,22.73,22.74,22.73,22.73,182288.0
2015-09-14 11:45:00,22.74,22.74,22.74,22.74,134991.0
2015-09-14 12:00:00,22.74,22.74,22.74,22.74,180424.0
2015-09-14 12:15:00,22.73,22.73,22.73,22.73,151803.0
2015-09-14 12:30:00,22.73,22.73,22.73,22.73,160836.0
2015-09-14 12:45:00,22.72,22.72,22.72,22.72,203296.0
2015-09-14 13:00:00,22.72,22.72,22.72,22.72,185869.0
2015-09-14 13:15:00,22.72,22.72,22.72,22.72,239951.0
2015-09-14 13:45:00,22.71,22.71,22.71,22.71,208235.0
2015-09-14 14:00:00,22.71,22.71,22.71,22.71,134979.0
2015-09-14 14:15:00,22.71,22.71,22.71,22.71,179339.0
2015-09-14 14:30:00,22.7,22.7,22.7,22.7,213034.0
2015-09-14 14:45:00,22.7,22.7,22.7,22.7,199113.0
2015-09-14 15:00:00,22.7,22.7,22.7,22.7,221099.0
2015-09-14 15:15:00,22.7,22.7,22.7,22.7,134456.0
2015-09-14 15:30:00,22.69,22.69,22.69,22.69,223524.0
2015-09-14 15:45:00,22.69,22.69,22.69,22.69,171253.0
2015-09-15 09:45:00,22.71,22.71,22.71,22.71,364195.0
2015-09-15 10:00:00,22.71,22.71,22.71,22.71,303438.0
2015-09-15 10:15:00,22.74,22.74,22.74,22.74,308897.0
2015-09-15 10:30:00,22.74,22.74,22.74,22.74,306827.0
2015-09-15 10:45:00,22.74,22.74,22.74,22.74,327917.0
2015-09-15 11:00:00,22.76,22.76,22.76,22.76,251112.0
2015-09-15 11:15:00,22.77,22.77,22.77,22.77,318801.0
2015-09-15 11:30:00,22.79,22.79,22.79,22.79,340344.0
2015-09-15 11:45:00,22.78,22.78,22.78,22.78,263341.0
2015-09-15 12:00:00,22.79,22.79,22.79,22.79,253402.0
2015-09-15 12:15:00,22.8,22.8,22.8,22.8,268046.0
2015-09-15 12:30:00,22.81,22.81,22.81,22.81,395019.0
2015-09-15 12:45:00,22.82,22.82,22.82,22.82,357510.0
2015-09-15 13:00:00,22.84,22.84,22.84,22.84,390267.0
2015-09-15 13:15:00,22.84,22.85,22.84,22.84,261232.0
2015-09-15 13:30:00,22.86,22.86,22.86,22.86,264019.0
2015-09-15 13:45:00,22.87,22.87,22.86,22.87,244604.0
2015-09-15 14:00:00,22.87,22.87,22.87,22.87,367071.0
2015-09-15 14:15:00,22.88,22.88,22.88,22.88,408934.0
2015-09-15 14:30:00,22.89,22.89,22.89,22.89,224786.0
2015-09-15 14:45:00,22.91,22.91,22.91,22.91,375241.0
2015-09-15 15:00:00,22.91,22.91,22.91,22.91,243519.0
2015-09-15 15:15:00,22.92,22.92,22.92,22.92,273669.0
2015-09-15 15:30:00,22.93,22.93,22.93,22.93,305847.0
2015-09-15 15:45:00,22.95,22.95,22.95,22.95,354528.0
2015-09-16 09:30:00,22.9,22.9,22.9,22.9,146554.0
2015-09-16 09:45:00,22.91,22.91,22.91,22.91,167059.0
2015-09-16 10:00:00,22.91,22.91,22.91,22.91,140662.0
2015-09-16 10:15:00,22.92,22.93,22.92,22.92,154880.0
2015-09-16 10:45:00,22.94,22.94,22.94,22.94,146033.0
2015-09-16 11:00:00,22.95,22.95,22.95,22.95,151869.0
2015-09-16 11:15:00,22.94,22.94,22.94,22.94,125403.0
2015-09-16 11:30:00,22.96,22.96,22.96,22.96,186554.0
2015-09-16 11:45:00,22.97,22.97,22.97,22.97,137625.0
2015-09-16 12:00:00,22.98,22.98,22.98,22.98,215708.0
2015-09-16 12:15:00,22.99,22.99,22.99,22.99,162786.0
2015-09-16 12:30:00,22.99,23.0,22.99,22.99,117335.0
2015-09-16 12:45:00,23.0,23.01,23.0,23.01,215155.0
2015-09-16 13:00:00,23.01,23.01,23.01,23.01,204853.0
2015-09-16 13:15:00,23.03,23.03,23.03,23.03,206155.0
2015-09-16 13:30:00,23.02,23.02,23.02,23.02,215396.0
2015-09-16 13:45:00,23.03,23.03,23.03,23.03,193448.0
2015-09-16 14:00:00,23.04,23.04,23.04,23.04,163735.0
2015-09-16 14:15:00,23.05,23.05,23.05,23.05,205160.0
2015-09-16 14:30:00,23.06,23.06,23.06,23.06,212048.0
2015-09-16 14:45:00,23.07,23.07,23.07,23.07,160041.0
2015-09-16 15:00:00,23.08,23.08,23.08,23.08,177548.0
2015-09-16 15:15:00,23.09,23.09,23.09,23.09,169284.0
2015-09-16 15:30:00,23.09,23.09,23.09,23.09,188884.0
2015-09-16 15:45:00,23.12,23.12,23.12,23.12,201126.0
2015-09-17 09:30:00,23.49,23.5,23.49,23.49,272095.0
2015-09-17 09:45:00,23.5,23.5,23.5,23.5,293069.0
2015-09-17 10:00:00,23.48,23.48,23.48,23.48,224654.0
2015-09-17 10:15:00,23.48,23.48,23.48,23.48,333345.0
2015-09-17 10:30:00,23.46,23.46,23.46,23.46,221340.0
2015-09-17 10:45:00,23.46,23.46,23.46,23.46,181596.0
2015-09-17 11:00:00,23.45,23.45,23.45,23.45,307899.0
2015-09-17 11:15:00,23.44,23.44,23.44,23.44,238078.0
2015-09-17 11:30:00,23.43,23.43,23.43,23.43,311592.0
2015-09-17 11:45:00,23.43,23.43,23.43,23.43,241487.0
2015-09-17 12:00:00,23.41,23.42,23.41,23.42,334994.0
2015-09-17 12:15:00,23.42,23.42,23.42,23.42,287565.0
2015-09-17 12:30:00,23.41,23.41,23.41,23.41,316321.0
2015-09-17 12:45:00,23.4,23.4,23.4,23.4,277429.0
2015-09-17 13:00:00,23.4,23.4,23.4,23.4,269037.0
2015-09-17 13:15:00,23.38,23.38,23.38,23.38,260198.0
2015-09-17 13:30:00,23.38,23.38,23.38,23.38,310575.0
2015-09-17 13:45:00,23.38,23.38,23.38,23.38,299601.0
2015-09-17 14:00:00,23.37,23.37,23.37,23.37,232040.0
2015-09-17 14:15:00,23.36,23.36,23.35,23.36,243720.0
2015-09-17 14:30:00,23.36,23.36,23.36,23.36,309181.0
2015-09-17 14:45:00,23.35,23.35,23.34,23.35,293272.0
2015-09-17 15:00:00,23.33,23.33,23.33,23.33,201863.0
2015-09-17 15:15:00,23.33,23.33,23.33,23.33,212759.0
2015-09-17 15:30:00,23.31,23.31,23.31,23.31,332690.0
2015-09-17 15:45:00,23.3,23.3,23.3,23.3,222454.0
2015-09-18 09:30:00,22.99,22.99,22.99,22.99,299261.0
2015-09-18 09:45:00,23.0,23.0,23.0,23.0,365622.0
2015-09-18 10:00:00,23.02,23.03,23.02,23.03,234847.0
2015-09-18 10:15:00,23.02,23.02,23.02,23.02,266212.0
2015-09-18 10:30:00,23.04,23.04,23.04,23.04,318072.0
2015-09-18 10:45:00,23.05,23.05,23.05,23.05,349475.0
2015-09-18 11:00:00,23.06,23.06,23.06,23.06,360310.0
2015-09-18 11:15:00,23.07,23.07,23.07,23.07,387703.0
2015-09-18 11:30:00,23.09,23.09,23.09,23.09,364498.0
2015-09-18 11:45:00,23.11,23.11,23.11,23.11,233509.0
2015-09-18 12:00:00,23.11,23.11,23.11,23.11,333545.0
2015-09-18 12:15:00,23.12,23.12,23.12,23.12,277456.0
2015-09-18 12:30:00,23.14,23.14,23.14,23.14,302979.0
2015-09-18 12:45:00,23.15,23.15,23.15,23.15,331724.0
2015-09-18 13:00:00,23.15,23.15,23.15,23.15,392766.0
2015-09-18 13:15:00,23.17,23.17,23.16,23.17,285980.0
2015-09-18 13:30:00,23.19,23.19,23.19,23.19,336135.0
2015-09-18 13:45:00,23.2,23.2,23.2,23.2,254933.0
2015-09-18 14:00:00,23.21,23.21,23.21,23.21,374213.0
2015-09-18 14:15:00,23.22,23.22,23.22,23.22,251704.0
2015-09-18 14:30:00,23.25,23.25,23.25,23.25,272718.0
2015-09-18 14:45:00,23.24,23.24,23.24,23.24,327421.0
2015-09-18 15:00:00,23.26,23.26,23.26,23.26,288427.0
2015-09-18 15:15:00,23.28,23.28,23.28,23.28,329262.0
2015-09-18 15:30:00,23.28,23.28,23.28,23.28,223101.0
2015-09-18 15:45:00,23.28,23.28,23.27,23.28,371364.0
2015-09-21 09:30:00,23.33,23.33,23.32,23.33,228184.0
2015-09-21 09:45:00,23.32,23.32,23.32,23.32,216276.0
2015-09-21 10:00:00,23.34,23.34,23.34,23.34,300380.0
2015-09-21 10:15:00,23.34,23.34,23.34,23.34,319781.0
2015-09-21 10:30:00,23.36,23.36,23.36,23.36,313336.0
2015-09-21 10:45:00,23.36,23.36,23.36,23.36,214562.0
2015-09-21 11:00:00,23.37,23.37,23.37,23.37,275621.0
2015-09-21 11:15:00,23.38,23.38,23.38,23.38,256449.0
2015-09-21 11:30:00,23.4,23.4,23.4,23.4,344709.0
2015-09-21 11:45:00,23.4,23.4,23.4,23.4,269530.0
2015-09-21 12:00:00,23.41,23.41,23.41,23.41,205577.0
2015-09-21 12:15:00,23.41,23.42,23.41,23.41,299286.0
2015-09-21 12:30:00,23.41,23.42,23.41,23.41,349740.0
2015-09-21 12:45:00,23.43,23.43,23.42,23.43,264012.0
2015-09-21 13:00:00,23.43,23.43,23.43,23.43,260051.0
2015-09-21 13:15:00,23.44,23.44,23.44,23.44,349378.0
2015-09-21 13:30:00,23.45,23.45,23.45,23.45,256462.0
2015-09-21 13:45:00,23.46,23.46,23.46,23.46,251977.0
2015-09-21 14:00:00,23.47,23.47,23.47,23.47,234218.0
2015-09-21 14:15:00,23.49,23.49,23.49,23.49,219503.0
2015-09-21 14:30:00,23.48,23.48,23.48,23.48,207319.0
2015-09-21 14:45:00,23.5,23.5,23.5,23.5,197902.0
2015-09-21 15:00:00,23.5,23.5,23.5,23.5,215175.0
2015-09-21 15:15:00,23.51,23.52,23.51,23.51,264084.0
2015-09-21 15:30:00,23.52,23.52,23.52,23.52,210987.0
2015-09-21 15:45:00,23.52,23.52,23.52,23.52,267131.0
2015-09-22 09:30:00,23.01,23.01,23.01,23.01,220253.0
2015-09-22 09:45:00,23.01,23.02,23.01,23.01,280751.0
2015-09-22 10:00:00,23.01,23.01,23.01,23.01,273945.0
2015-09-22 10:15:00,23.01,23.01,23.01,23.01,197910.0
2015-09-22 10:30:00,22.99,23.0,22.99,22.99,254368.0
2015-09-22 10:45:00,23.0,23.0,23.0,23.0,191501.0
2015-09-22 11:00:00,22.99,22.99,22.99,22.99,231880.0
2015-09-22 11:15:00,22.98,22.98,22.98,22.98,199690.0
2015-09-22 11:30:00,22.98,22.98,22.98,22.98,230529.0
2015-09-22 12:00:00,22.97,22.97,22.97,22.97,193915.0
2015-09-22 12:15:00,22.97,22.97,22.97,22.97,167726.0
2015-09-22 12:30:00,22.95,22.95,22.95,22.95,174747.0
2015-09-22 12:45:00,22.96,22.96,22.96,22.96,214542.0
2015-09-22 13:00:00,22.94,22.94,22.94,22.94,279293.0
2015-09-22 13:15:00,22.94,22.94,22.94,22.94,178718.0
2015-09-22 13:30:00,22.94,22.94,22.94,22.94,217104.0
2015-09-22 13:45:00,22.93,22.93,22.93,22.93,238371.0
2015-09-22 14:00:00,22.93,22.93,22.93,22.93,264196.0
2015-09-22 14:15:00,22.92,22.92,22.92,22.92,280305.0
2015-09-22 14:30:00,22.91,22.92,22.91,22.91,234784.0
2015-09-22 14:45:00,22.9,22.9,22.9,22.9,252486.0
2015-09-22 15:00:00,22.9,22.9,22.9,22.9,200412.0
2015-09-22 15:15:00,22.9,22.9,22.9,22.9,217868.0
2015-09-22 15:30:00,22.89,22.89,22.89,22.89,158469.0
2015-09-22 15:45:00,22.89,22.89,22.89,22.89,210355.0
2015-09-23 09:30:00,22.91,22.91,22.91,22.91,112622.0
2015-09-23 09:45:00,22.92,22.92,22.92,22.92,150348.0
2015-09-23 10:00:00,22.91,22.91,22.91,22.91,118718.0
2015-09-23 10:15:00,22.92,22.92,22.92,22.92,176916.0
2015-09-23 10:30:00,22.92,22.93,22.92,22.93,160702.0
2015-09-23 10:45:00,22.93,22.93,22.93,22.93,194914.0
2015-09-23 11:00:00,22.93,22.93,22.93,22.93,194540.0
2015-09-23 11:15:00,22.94,22.94,22.94,22.94,166140.0
2015-09-23 11:30:00,22.94,22.94,22.94,22.94,140258.0
2015-09-23 11:45:00,22.94,22.94,22.94,22.94,150288.0
2015-09-23 12:00:00,22.95,22.95,22.95,22.95,130949.0
2015-09-23 12:15:00,22.95,22.95,22.95,22.95,144562.0
2015-09-23 12:30:00,22.95,22.95,22.95,22.95,141987.0
2015-09-23 12:45:00,22.96,22.96,22.96,22.96,161846.0
2015-09-23 13:00:00,22.96,22.96,22.95,22.96,175338.0
2015-09-23 13:15:00,22.96,22.96,22.96,22.96,123621.0
2015-09-23 13:30:00,22.97,22.97,22.97,22.97,194497.0
2015-09-23 13:45:00,22.97,22.98,22.97,22.98,125680.0
2015-09-23 14:00:00,22.97,22.98,22.97,22.98,136195.0
2015-09-23 14:15:00,22.98,22.98,22.98,22.98,163639.0
2015-09-23 14:30:00,22.98,22.98,22.98,22.98,171915.0
2015-09-23 14:45:00,22.98,22.98,22.98,22.98,136893.0
2015-09-23 15:00:00,22.99,22.99,22.99,22.99,123598.0
2015-09-23 15:15:00,22.99,23.0,22.99,22.99,110120.0
2015-09-23 15:30:00,23.0,23.0,23.0,23.0,193490.0
2015-09-23 15:45:00,23.0,23.0,23.0,23.0,142244.0
2015-09-24 09:30:00,22.84,22.84,22.84,22.84,364848.0
2015-09-24 09:45:00,22.87,22.87,22.87,22.87,450580.0
2015-09-24 10:00:00,22.92,22.93,22.92,22.92,395631.0
2015-09-24 10:15:00,22.93,22.93,22.93,22.93,426898.0
2015-09-24 10:30:00,22.94,22.94,22.93,22.94,310694.0
2015-09-24 10:45:00,22.97,22.97,22.97,22.97,308262.0
2015-09-24 11:00:00,22.99,22.99,22.99,22.99,310425.0
2015-09-24 11:15:00,23.02,23.02,23.02,23.02,445324.0
2015-09-24 11:30:00,23.05,23.05,23.05,23.05,353255.0
2015-09-24 11:45:00,23.06,23.06,23.06,23.06,455805.0
2015-09-24 12:00:00,23.07,23.08,23.07,23.07,424559.0
2015-09-24 12:15:00,23.12,23.12,23.12,23.12,311683.0
2015-09-24 12:30:00,23.15,23.15,23.15,23.15,257796.0
2015-09-24 12:45:00,23.15,23.16,23.15,23.15,420183.0
2015-09-24 13:00:00,23.15,23.16,23.15,23.16,459995.0
2015-09-24 13:15:00,23.21,23.22,23.21,23.21,302361.0
2015-09-24 13:30:00,23.24,23.24,23.24,23.24,299216.0
2015-09-24 13:45:00,23.24,23.24,23.24,23.24,266619.0
2015-09-24 14:00:00,23.29,23.29,23.29,23.29,475058.0
2015-09-24 14:15:00,23.31,23.31,23.31,23.31,436022.0
2015-09-24 14:30:00,23.34,23.34,23.34,23.34,408901.0
2015-09-24 14:45:00,23.34,23.34,23.34,23.34,291248.0
2015-09-24 15:00:00,23.35,23.35,23.35,23.35,329916.0
2015-09-24 15:15:00,23.41,23.41,23.41,23.41,378151.0
2015-09-24 15:30:00,23.43,23.43,23.43,23.43,332283.0
2015-09-24 15:45:00,23.44,23.45,23.44,23.45,367378.0
2015-09-25 09:30:00,23.74,23.74,23.74,23.74,447227.0
2015-09-25 09:45:00,23.71,23.71,23.71,23.71,273559.0
2015-09-25 10:00:00,23.72,23.72,23.72,23.72,257875.0
2015-09-25 10:15:00,23.72,23.72,23.72,23.72,401827.0
2015-09-25 10:30:00,23.69,23.7,23.69,23.69,358309.0
2015-09-25 10:45:00,23.7,23.7,23.7,23.7,377905.0
2015-09-25 11:00:00,23.7,23.7,23.7,23.7,320006.0
2015-09-25 11:15:00,23.7,23.7,23.7,23.7,356489.0
2015-09-25 11:30:00,23.69,23.69,23.69,23.69,307871.0
2015-09-25 11:45:00,23.69,23.69,23.69,23.69,424653.0
2015-09-25 12:00:00,23.68,23.68,23.68,23.68,366598.0
2015-09-25 12:15:00,23.67,23.67,23.67,23.67,369048.0
2015-09-25 12:30:00,23.67,23.67,23.67,23.67,335582.0
2015-09-25 12:45:00,23.68,23.68,23.68,23.68,386625.0
2015-09-25 13:00:00,23.67,23.67,23.67,23.67,321267.0
2015-09-25 13:15:00,23.65,23.66,23.65,23.66,393725.0
2015-09-25 13:30:00,23.65,23.66,23.65,23.65,323634.0
2015-09-25 14:00:00,23.63,23.63,23.63,23.63,390991.0
2015-09-25 14:15:00,23.63,23.63,23.63,23.63,441707.0
2015-09-25 14:30:00,23.62,23.63,23.62,23.62,423426.0
2015-09-25 14:45:00,23.61,23.61,23.61,23.61,324560.0
2015-09-25 15:00:00,23.61,23.62,23.61,23.62,303168.0
2015-09-25 15:15:00,23.61,23.61,23.61,23.61,353097.0
2015-09-25 15:30:00,23.62,23.62,23.62,23.62,310370.0
2015-09-25 15:45:00,23.6,23.6,23.6,23.6,430793.0
2015-09-28 09:30:00,23.61,23.61,23.6,23.6,380419.0
2015-09-28 09:45:00,23.58,23.58,23.58,23.58,269214.0
2015-09-28 10:00:00,23.56,23.56,23.56,23.56,441499.0
2015-09-28 10:15:00,23.57,23.58,23.57,23.57,343374.0
2015-09-28 10:30:00,23.57,23.57,23.57,23.57,408127.0
2015-09-28 10:45:00,23.55,23.55,23.55,23.55,267133.0
2015-09-28 11:00:00,23.54,23.54,23.54,23.54,428113.0
2015-09-28 11:30:00,23.51,23.51,23.51,23.51,324453.0
2015-09-28 11:45:00,23.5,23.5,23.5,23.5,461669.0
2015-09-28 12:00:00,23.5,23.51,23.5,23.51,442766.0
2015-09-28 12:15:00,23.48,23.48,23.48,23.48,381958.0
2015-09-28 12:30:00,23.46,23.47,23.46,23.46,301437.0
2015-09-28 12:45:00,23.43,23.43,23.43,23.43,291458.0
2015-09-28 13:00:00,23.44,23.44,23.44,23.44,375322.0
2015-09-28 13:15:00,23.42,23.42,23.42,23.42,392605.0
2015-09-28 13:30:00,23.42,23.42,23.42,23.42,481882.0
2015-09-28 13:45:00,23.39,23.39,23.39,23.39,276913.0
2015-09-28 14:00:00,23.39,23.39,23.39,23.39,436437.0
2015-09-28 14:15:00,23.36,23.36,23.36,23.36,432246.0
2015-09-28 14:30:00,23.36,23.36,23.36,23.36,278667.0
2015-09-28 14:45:00,23.35,23.35,23.35,23.35,318591.0
2015-09-28 15:00:00,23.34,23.35,23.34,23.34,366123.0
2015-09-28 15:15:00,23.34,23.34,23.34,23.34,268859.0
2015-09-28 15:30:00,23.31,23.31,23.31,23.31,452839.0
2015-09-28 15:45:00,23.3,23.31,23.3,23.31,478872.0
2015-09-29 09:30:00,23.55,23.55,23.55,23.55,456536.0
2015-09-29 09:45:00,23.56,23.56,23.56,23.56,264030.0
2015-09-29 10:00:00,23.56,23.56,23.56,23.56,287586.0
2015-09-29 10:15:00,23.58,23.58,23.57,23.57,292230.0
2015-09-29 10:30:00,23.57,23.58,23.57,23.58,333090.0
2015-09-29 10:45:00,23.58,23.59,23.58,23.58,353541.0
2015-09-29 11:00:00,23.59,23.59,23.59,23.59,461654.0
2015-09-29 11:15:00,23.61,23.61,23.61,23.61,367334.0
2015-09-29 11:30:00,23.59,23.59,23.59,23.59,397791.0
2015-09-29 11:45:00,23.6,23.61,23.6,23.6,377321.0
2015-09-29 12:00:00,23.61,23.62,23.61,23.61,337201.0
2015-09-29 12:15:00,23.62,23.62,23.62,23.62,463703.0
2015-09-29 12:30:00,23.62,23.62,23.62,23.62,332043.0
2015-09-29 12:45:00,23.63,23.63,23.63,23.63,463783.0
2015-09-29 13:00:00,23.63,23.63,23.63,23.63,471674.0
2015-09-29 13:15:00,23.65,23.65,23.65,23.65,314340.0
2015-09-29 13:30:00,23.65,23.65,23.65,23.65,295098.0
2015-09-29 13:45:00,23.65,23.65,23.65,23.65,280354.0
2015-09-29 14:00:00,23.67,23.68,23.67,23.68,259952.0
2015-09-29 14:15:00,23.66,23.66,23.66,23.66,349477.0
2015-09-29 14:30:00,23.68,23.68,23.68,23.68,344100.0
2015-09-29 14:45:00,23.69,23.69,23.69,23.69,356681.0
2015-09-29 15:00:00,23.69,23.69,23.69,23.69,292812.0
2015-09-29 15:15:00,23.72,23.72,23.72,23.72,466863.0
2015-09-29 15:30:00,23.7,23.7,23.7,23.7,298657.0
2015-09-29 15:45:00,23.72,23.73,23.72,23.72,325548.0
2015-09-30 09:30:00,23.93,23.93,23.93,23.93,473002.0
2015-09-30 09:45:00,23.96,23.96,23.96,23.96,552796.0
2015-09-30 10:00:00,23.98,23.98,23.98,23.98,493491.0
2015-09-30 10:15:00,24.02,24.02,24.02,24.02,692529.0
2015-09-30 10:30:00,24.05,24.05,24.04,24.05,684525.0
2015-09-30 10:45:00,24.08,24.08,24.08,24.08,689334.0
2015-09-30 11:00:00,24.09,24.09,24.09,24.09,664098.0
2015-09-30 11:15:00,24.13,24.14,24.13,24.13,613549.0
2015-09-30 11:30:00,24.16,24.17,24.16,24.16,505578.0
2015-09-30 11:45:00,24.19,24.2,24.19,24.19,694923.0
2015-09-30 12:00:00,24.22,24.22,24.22,24.22,410748.0
2015-09-30 12:15:00,24.27,24.27,24.27,24.27,421811.0
2015-09-30 12:30:00,24.26,24.26,24.26,24.26,419826.0
2015-09-30 12:45:00,24.28,24.28,24.28,24.28,649807.0
2015-09-30 13:15:00,24.37,24.37,24.37,24.37,412868.0
2015-09-30 13:30:00,24.39,24.39,24.38,24.39,596971.0
2015-09-30 13:45:00,24.43,24.44,24.43,24.43,514478.0
2015-09-30 14:00:00,24.46,24.46,24.46,24.46,623609.0
2015-09-30 14:15:00,24.48,24.48,24.48,24.48,511139.0
2015-09-30 14:30:00,24.52,24.52,24.51,24.52,386198.0
2015-09-30 14:45:00,24.54,24.54,24.54,24.54,553378.0
2015-09-30 15:00:00,24.56,24.56,24.56,24.56,654645.0
2015-09-30 15:15:00,24.57,24.58,24.57,24.58,583347.0
2015-09-30 15:45:00,24.64,24.64,24.64,24.64,587040.0
2015-10-01 09:30:00,24.68,24.68,24.67,24.68,360478.0
2015-10-01 09:45:00,24.64,24.64,24.64,24.64,422888.0
2015-10-01 10:15:00,24.6,24.6,24.6,24.6,393090.0
2015-10-01 10:30:00,24.58,24.58,24.58,24.58,457977.0
2015-10-01 10:45:00,24.56,24.56,24.56,24.56,331922.0
2015-10-01 11:00:00,24.56,24.56,24.55,24.56,551663.0
2015-10-01 11:15:00,24.55,24.55,24.55,24.55,449930.0
2015-10-01 11:30:00,24.49,24.5,24.49,24.49,429255.0
2015-10-01 11:45:00,24.48,24.48,24.48,24.48,554133.0
2015-10-01 12:00:00,24.44,24.45,24.44,24.44,526978.0
2015-10-01 12:15:00,24.42,24.43,24.42,24.42,609697.0
2015-10-01 12:30:00,24.41,24.41,24.41,24.41,487997.0
2015-10-01 13:00:00,24.38,24.38,24.38,24.38,427880.0
2015-10-01 13:15:00,24.36,24.37,24.36,24.36,580751.0
2015-10-01 13:30:00,24.34,24.35,24.34,24.34,412485.0
2015-10-01 13:45:00,24.29,24.3,24.29,24.3,499169.0
2015-10-01 14:00:00,24.27,24.28,24.27,24.27,609839.0
2015-10-01 14:15:00,24.29,24.29,24.29,24.29,598571.0
2015-10-01 14:30:00,24.25,24.26,24.25,24.26,486053.0
2015-10-01 15:00:00,24.23,24.23,24.23,24.23,376835.0
2015-10-01 15:15:00,24.2,24.2,24.2,24.2,500342.0
2015-10-01 15:30:00,24.21,24.22,24.21,24.21,436802.0
2015-10-01 15:45:00,24.16,24.16,24.16,24.16,456325.0
2015-10-02 09:30:00,24.04,24.04,24.03,24.04,355633.0
2015-10-02 09:45:00,24.08,24.08,24.08,24.08,446262.0
2015-10-02 10:00:00,24.1,24.1,24.1,24.1,285216.0
2015-10-02 10:30:00,24.19,24.2,24.19,24.19,384212.0
2015-10-02 10:45:00,24.2,24.21,24.2,24.21,441002.0
2015-10-02 11:00:00,24.23,24.23,24.23,24.23,271028.0
2015-10-02 11:15:00,24.24,24.24,24.24,24.24,293149.0
2015-10-02 11:30:00,24.28,24.28,24.28,24.28,449941.0
2015-10-02 11:45:00,24.31,24.31,24.31,24.31,387552.0
2015-10-02 12:00:00,24.3,24.3,24.3,24.3,302126.0
2015-10-02 12:15:00,24.37,24.37,24.37,24.37,359531.0
2015-10-02 12:30:00,24.4,24.41,24.4,24.4,364890.0
2015-10-02 12:45:00,24.47,24.48,24.47,24.47,363202.0
2015-10-02 13:00:00,24.46,24.46,24.46,24.46,475002.0
2015-10-02 13:15:00,24.5,24.5,24.5,24.5,301642.0
2015-10-02 13:30:00,24.52,24.52,24.52,24.52,357863.0
2015-10-02 13:45:00,24.56,24.57,24.56,24.56,277066.0
2015-10-02 14:00:00,24.57,24.57,24.57,24.57,419814.0
2015-10-02 14:15:00,24.62,24.62,24.62,24.62,381764.0
2015-10-02 14:30:00,24.65,24.65,24.65,24.65,327783.0
2015-10-02 14:45:00,24.7,24.71,24.7,24.7,289494.0
2015-10-02 15:00:00,24.7,24.7,24.7,24.7,279583.0
2015-10-02 15:15:00,24.74,24.74,24.74,24.74,384023.0
2015-10-02 15:30:00,24.8,24.8,24.79,24.8,413508.0
2015-10-02 15:45:00,24.8,24.8,24.79,24.8,325968.0
2015-10-05 09:30:00,25.01,25.01,25.01,25.01,345926.0
2015-10-05 09:45:00,24.97,24.97,24.97,24.97,473766.0
2015-10-05 10:00:00,25.0,25.0,24.99,25.0,597533.0
2015-10-05 10:15:00,25.0,25.0,25.0,25.0,450056.0
2015-10-05 10:30:00,25.04,25.04,25.04,25.04,546420.0
2015-10-05 10:45:00,25.05,25.05,25.05,25.05,589517.0
2015-10-05 11:00:00,25.05,25.06,25.05,25.05,528728.0
2015-10-05 11:15:00,25.09,25.09,25.09,25.09,556227.0
2015-10-05 11:30:00,25.1,25.1,25.1,25.1,466424.0
2015-10-05 11:45:00,25.13,25.13,25.13,25.13,344009.0
2015-10-05 12:00:00,25.14,25.14,25.14,25.14,580497.0
2015-10-05 12:15:00,25.16,25.16,25.16,25.16,475938.0
2015-10-05 12:45:00,25.2,25.2,25.2,25.2,393453.0
2015-10-05 13:00:00,25.22,25.22,25.22,25.22,469272.0
2015-10-05 13:15:00,25.23,25.23,25.23,25.23,578310.0
2015-10-05 13:30:00,25.26,25.26,25.26,25.26,349756.0
2015-10-05 13:45:00,25.27,25.27,25.27,25.27,373384.0
2015-10-05 14:00:00,25.3,25.3,25.3,25.3,425510.0
2015-10-05 14:15:00,25.32,25.32,25.32,25.32,355144.0
2015-10-05 14:30:00,25.35,25.35,25.35,25.35,476271.0
2015-10-05 15:00:00,25.37,25.37,25.37,25.37,503765.0
2015-10-05 15:15:00,25.38,25.38,25.38,25.38,374499.0
2015-10-05 15:30:00,25.4,25.4,25.4,25.4,582070.0
2015-10-05 15:45:00,25.42,25.42,25.42,25.42,363303.0
2015-10-06 09:30:00,25.14,25.14,25.14,25.14,449397.0
2015-10-06 09:45:00,25.17,25.17,25.17,25.17,374559.0
2015-10-06 10:00:00,25.2,25.2,25.2,25.2,484247.0
2015-10-06 10:15:00,25.22,25.22,25.22,25.22,539293.0
2015-10-06 10:30:00,25.24,25.25,25.24,25.24,440226.0
2015-10-06 10:45:00,25.28,25.28,25.28,25.28,382682.0
2015-10-06 11:00:00,25.29,25.29,25.29,25.29,324768.0
2015-10-06 11:15:00,25.28,25.29,25.28,25.28,401661.0
2015-10-06 11:30:00,25.34,25.34,25.34,25.34,378099.0
2015-10-06 11:45:00,25.36,25.37,25.36,25.37,399433.0
2015-10-06 12:00:00,25.39,25.39,25.39,25.39,395422.0
2015-10-06 12:15:00,25.42,25.42,25.42,25.42,415198.0
2015-10-06 12:30:00,25.43,25.44,25.43,25.43,450203.0
2015-10-06 12:45:00,25.46,25.46,25.46,25.46,543150.0
2015-10-06 13:00:00,25.48,25.49,25.48,25.48,501087.0
2015-10-06 13:15:00,25.52,25.52,25.51,25.52,475697.0
2015-10-06 13:30:00,25.54,25.54,25.54,25.54,470724.0
2015-10-06 13:45:00,25.56,25.56,25.56,25.56,454274.0
2015-10-06 14:00:00,25.56,25.57,25.56,25.56,309749.0
2015-10-06 14:15:00,25.6,25.61,25.6,25.6,362785.0
2015-10-06 14:30:00,25.63,25.63,25.63,25.63,322280.0
2015-10-06 14:45:00,25.66,25.67,25.66,25.66,388910.0
2015-10-06 15:00:00,25.66,25.66,25.66,25.66,412553.0
2015-10-06 15:15:00,25.7,25.7,25.7,25.7,320581.0
2015-10-06 15:30:00,25.72,25.72,25.72,25.72,330086.0
2015-10-06 15:45:00,25.76,25.76,25.76,25.76,548050.0
2015-10-07 09:30:00,25.82,25.82,25.81,25.82,322181.0
2015-10-07 09:45:00,25.81,25.81,25.81,25.81,335726.0
2015-10-07 10:00:00,25.83,25.83,25.83,25.83,247584.0
2015-10-07 10:15:00,25.84,25.84,25.84,25.84,221965.0
2015-10-07 10:30:00,25.84,25.85,25.84,25.84,212859.0
2015-10-07 10:45:00,25.85,25.85,25.85,25.85,227126.0
2015-10-07 11:00:00,25.87,25.88,25.87,25.87,214267.0
2015-10-07 11:15:00,25.87,25.88,25.87,25.88,337353.0
2015-10-07 11:30:00,25.86,25.87,25.86,25.86,286115.0
2015-10-07 11:45:00,25.9,25.9,25.9,25.9,228828.0
2015-10-07 12:00:00,25.9,25.9,25.9,25.9,339454.0
2015-10-07 12:15:00,25.9,25.9,25.9,25.9,306876.0
2015-10-07 12:30:00,25.89,25.89,25.89,25.89,219743.0
2015-10-07 12:45:00,25.94,25.94,25.94,25.94,317309.0
2015-10-07 13:00:00,25.93,25.94,25.93,25.93,217967.0
2015-10-07 13:15:00,25.94,25.94,25.94,25.94,232245.0
2015-10-07 13:30:00,25.94,25.95,25.94,25.94,232359.0
2015-10-07 13:45:00,25.94,25.95,25.94,25.95,288644.0
2015-10-07 14:00:00,25.95,25.96,25.95,25.96,352985.0
2015-10-07 14:15:00,25.97,25.97,25.96,25.97,221588.0
2015-10-07 14:30:00,25.97,25.97,25.97,25.97,372606.0
2015-10-07 14:45:00,25.99,26.0,25.99,25.99,292049.0
2015-10-07 15:00:00,25.99,25.99,25.99,25.99,329103.0
2015-10-07 15:15:00,26.01,26.01,26.0,26.01,235245.0
2015-10-07 15:30:00,26.01,26.01,26.01,26.01,317687.0
2015-10-07 15:45:00,26.02,26.03,26.02,26.02,295165.0
2015-10-08 09:30:00,25.9,25.9,25.9,25.9,541013.0
2015-10-08 09:45:00,25.92,25.92,25.92,25.92,340754.0
2015-10-08 10:00:00,25.92,25.92,25.92,25.92,438130.0
2015-10-08 10:15:00,25.94,25.94,25.94,25.94,338075.0
2015-10-08 10:30:00,25.93,25.94,25.93,25.94,516983.0
2015-10-08 10:45:00,25.97,25.97,25.97,25.97,484204.0
2015-10-08 11:00:00,25.97,25.98,25.97,25.97,482542.0
2015-10-08 11:15:00,25.96,25.97,25.96,25.97,533528.0
2015-10-08 11:30:00,26.0,26.0,26.0,26.0,343363.0
2015-10-08 11:45:00,26.01,26.02,26.01,26.01,510774.0
2015-10-08 12:00:00,26.02,26.02,26.02,26.02,558145.0
2015-10-08 12:15:00,26.03,26.03,26.03,26.03,446865.0
2015-10-08 12:30:00,26.04,26.04,26.04,26.04,479506.0
2015-10-08 12:45:00,26.05,26.05,26.05,26.05,443370.0
2015-10-08 13:00:00,26.06,26.06,26.06,26.06,486482.0
2015-10-08 13:30:00,26.09,26.09,26.08,26.09,417147.0
2015-10-08 13:45:00,26.08,26.08,26.08,26.08,408869.0
2015-10-08 14:00:00,26.09,26.1,26.09,26.09,395147.0
2015-10-08 14:15:00,26.11,26.11,26.11,26.11,561094.0
2015-10-08 14:30:00,26.13,26.13,26.13,26.13,552231.0
2015-10-08 14:45:00,26.14,26.15,26.14,26.15,330747.0
2015-10-08 15:00:00,26.14,26.14,26.14,26.14,528887.0
2015-10-08 15:30:00,26.17,26.17,26.17,26.17,368326.0
2015-10-08 15:45:00,26.17,26.17,26.17,26.17,411633.0
2015-10-09 09:30:00,26.02,26.03,26.02,26.03,432514.0
2015-10-09 09:45:00,26.05,26.05,26.04,26.05,484965.0
2015-10-09 10:00:00,26.04,26.05,26.04,26.05,404545.0
2015-10-09 10:15:00,26.04,26.04,26.04,26.04,362083.0
2015-10-09 10:30:00,26.04,26.04,26.04,26.04,480151.0
2015-10-09 10:45:00,26.04,26.04,26.04,26.04,351151.0
2015-10-09 11:00:00,26.04,26.04,26.04,26.04,335803.0
2015-10-09 11:15:00,26.04,26.04,26.04,26.04,398798.0
2015-10-09 11:30:00,26.05,26.05,26.05,26.05,288472.0
2015-10-09 11:45:00,26.04,26.04,26.04,26.04,456014.0
2015-10-09 12:00:00,26.05,26.06,26.05,26.05,361251.0
2015-10-09 12:15:00,26.05,26.06,26.05,26.05,313914.0
2015-10-09 12:30:00,26.05,26.05,26.05,26.05,405738.0
2015-10-09 12:45:00,26.04,26.04,26.04,26.04,426804.0
2015-10-09 13:00:00,26.05,26.06,26.05,26.06,444111.0
2015-10-09 13:15:00,26.05,26.05,26.05,26.05,429064.0
2015-10-09 13:30:00,26.04,26.04,26.04,26.04,377647.0
2015-10-09 13:45:00,26.06,26.07,26.06,26.07,353382.0
2015-10-09 14:00:00,26.06,26.06,26.06,26.06,372414.0
2015-10-09 14:15:00,26.06,26.06,26.05,26.06,350673.0
2015-10-09 14:30:00,26.06,26.06,26.06,26.06,318416.0
2015-10-09 14:45:00,26.07,26.07,26.07,26.07,492289.0
2015-10-09 15:00:00,26.07,26.07,26.07,26.07,471907.0
2015-10-09 15:15:00,26.06,26.06,26.06,26.06,369788.0
2015-10-09 15:30:00,26.07,26.07,26.07,26.07,359022.0
2015-10-09 15:45:00,26.08,26.08,26.08,26.08,299921.0
2015-10-12 09:30:00,26.09,26.09,26.09,26.09,206253.0
2015-10-12 09:45:00,26.11,26.11,26.11,26.11,239810.0
2015-10-12 10:00:00,26.12,26.12,26.12,26.12,228594.0
2015-10-12 10:15:00,26.13,26.14,26.13,26.13,154582.0
2015-10-12 10:30:00,26.15,26.15,26.15,26.15,188555.0
2015-10-12 10:45:00,26.15,26.15,26.15,26.15,197102.0
2015-10-12 11:00:00,26.16,26.16,26.16,26.16,223801.0
2015-10-12 11:15:00,26.17,26.17,26.17,26.17,163182.0
2015-10-12 11:30:00,26.19,26.19,26.18,26.18,187907.0
2015-10-12 11:45:00,26.19,26.19,26.19,26.19,160173.0
2015-10-12 12:00:00,26.2,26.2,26.2,26.2,191990.0
2015-10-12 12:15:00,26.21,26.21,26.21,26.21,273623.0
2015-10-12 12:30:00,26.22,26.22,26.22,26.22,163783.0
2015-10-12 12:45:00,26.23,26.23,26.23,26.23,180803.0
2015-10-12 13:00:00,26.25,26.25,26.25,26.25,153329.0
2015-10-12 13:15:00,26.23,26.24,26.23,26.23,278651.0
2015-10-12 13:30:00,26.26,26.26,26.26,26.26,249439.0
2015-10-12 13:45:00,26.26,26.27,26.26,26.26,223103.0
2015-10-12 14:00:00,26.28,26.28,26.28,26.28,220742.0
2015-10-12 14:15:00,26.28,26.29,26.28,26.28,154805.0
2015-10-12 14:30:00,26.31,26.31,26.31,26.31,163833.0
2015-10-12 14:45:00,26.31,26.31,26.31,26.31,276647.0
2015-10-12 15:00:00,26.32,26.32,26.32,26.32,259873.0
2015-10-12 15:15:00,26.33,26.33,26.33,26.33,227459.0
2015-10-12 15:30:00,26.34,26.34,26.34,26.34,265268.0
2015-10-12 15:45:00,26.35,26.35,26.35,26.35,226734.0
2015-10-13 09:30:00,26.14,26.14,26.14,26.14,277639.0
2015-10-13 09:45:00,26.14,26.14,26.14,26.14,364636.0
2015-10-13 10:00:00,26.16,26.16,26.16,26.16,236847.0
2015-10-13 10:15:00,26.17,26.17,26.17,26.17,227874.0
2015-10-13 10:30:00,26.18,26.19,26.18,26.18,217268.0
2015-10-13 10:45:00,26.19,26.19,26.19,26.19,297703.0
2015-10-13 11:00:00,26.2,26.2,26.2,26.2,351896.0
2015-10-13 11:15:00,26.21,26.21,26.21,26.21,353592.0
2015-10-13 11:30:00,26.21,26.21,26.21,26.21,300043.0
2015-10-13 11:45:00,26.24,26.24,26.24,26.24,202319.0
2015-10-13 12:00:00,26.25,26.25,26.25,26.25,362990.0
2015-10-13 12:15:00,26.26,26.26,26.26,26.26,274950.0
2015-10-13 12:30:00,26.27,26.27,26.27,26.27,340345.0
2015-10-13 12:45:00,26.27,26.27,26.27,26.27,314915.0
2015-10-13 13:00:00,26.28,26.28,26.28,26.28,242306.0
2015-10-13 13:15:00,26.3,26.3,26.3,26.3,279851.0
2015-10-13 13:30:00,26.3,26.3,26.3,26.3,355749.0
2015-10-13 13:45:00,26.32,26.32,26.32,26.32,210398.0
2015-10-13 14:00:00,26.33,26.33,26.33,26.33,218218.0
2015-10-13 14:15:00,26.36,26.36,26.36,26.36,280203.0
2015-10-13 14:45:00,26.35,26.36,26.35,26.35,299601.0
2015-10-13 15:00:00,26.35,26.35,26.35,26.35,206402.0
2015-10-13 15:15:00,26.37,26.37,26.37,26.37,313339.0
2015-10-13 15:30:00,26.39,26.39,26.39,26.39,308439.0
2015-10-13 15:45:00,26.41,26.41,26.41,26.41,238738.0
2015-10-14 09:30:00,26.43,26.43,26.43,26.43,449589.0
2015-10-14 09:45:00,26.5,26.5,26.49,26.5,674665.0
2015-10-14 10:00:00,26.49,26.49,26.49,26.49,434689.0
2015-10-14 10:15:00,26.52,26.53,26.52,26.53,446211.0
2015-10-14 10:30:00,26.58,26.59,26.58,26.58,525842.0
2015-10-14 10:45:00,26.6,26.6,26.59,26.59,481392.0
2015-10-14 11:00:00,26.65,26.65,26.65,26.65,702159.0
2015-10-14 11:15:00,26.69,26.69,26.69,26.69,586107.0
2015-10-14 11:30:00,26.73,26.73,26.73,26.73,686726.0
2015-10-14 11:45:00,26.78,26.78,26.77,26.78,628316.0
2015-10-14 12:00:00,26.83,26.83,26.82,26.83,764621.0
2015-10-14 12:15:00,26.82,26.82,26.82,26.82,688345.0
2015-10-14 12:30:00,26.91,26.91,26.9,26.9,756427.0
2015-10-14 12:45:00,26.88,26.89,26.88,26.88,643135.0
2015-10-14 13:00:00,26.95,26.95,26.95,26.95,726688.0
2015-10-14 13:15:00,27.0,27.0,27.0,27.0,683519.0
2015-10-14 13:30:00,27.03,27.03,27.03,27.03,650301.0
2015-10-14 14:00:00,27.12,27.12,27.12,27.12,560591.0
2015-10-14 14:15:00,27.09,27.09,27.09,27.09,522371.0
2015-10-14 14:30:00,27.19,27.19,27.19,27.19,638848.0
2015-10-14 14:45:00,27.21,27.21,27.21,27.21,457417.0
2015-10-14 15:00:00,27.23,27.24,27.23,27.24,432619.0
2015-10-14 15:15:00,27.27,27.27,27.26,27.26,652542.0
2015-10-14 15:30:00,27.33,27.33,27.32,27.33,737143.0
2015-10-14 15:45:00,27.38,27.39,27.38,27.38,451642.0
2015-10-15 09:30:00,27.42,27.42,27.42,27.42,378107.0
2015-10-15 09:45:00,27.43,27.43,27.43,27.43,463368.0
2015-10-15 10:00:00,27.43,27.43,27.43,27.43,620851.0
2015-10-15 10:15:00,27.41,27.41,27.41,27.41,626482.0
2015-10-15 10:30:00,27.42,27.42,27.42,27.42,374638.0
2015-10-15 10:45:00,27.41,27.41,27.41,27.41,368263.0
2015-10-15 11:00:00,27.42,27.42,27.42,27.42,536835.0
2015-10-15 11:30:00,27.42,27.42,27.42,27.42,478704.0
2015-10-15 11:45:00,27.42,27.42,27.42,27.42,427560.0
2015-10-15 12:00:00,27.41,27.41,27.41,27.41,354705.0
2015-10-15 12:15:00,27.42,27.42,27.42,27.42,601624.0
2015-10-15 12:30:00,27.41,27.41,27.41,27.41,465796.0
2015-10-15 12:45:00,27.41,27.41,27.41,27.41,510250.0
2015-10-15 13:00:00,27.42,27.42,27.42,27.42,585061.0
2015-10-15 13:15:00,27.42,27.42,27.42,27.42,421841.0
2015-10-15 13:45:00,27.43,27.43,27.43,27.43,598162.0
2015-10-15 14:00:00,27.45,27.46,27.45,27.46,420350.0
2015-10-15 14:15:00,27.43,27.43,27.43,27.43,519230.0
2015-10-15 14:30:00,27.42,27.43,27.42,27.42,601650.0
2015-10-15 14:45:00,27.44,27.44,27.44,27.44,651152.0
2015-10-15 15:00:00,27.43,27.43,27.42,27.43,591738.0
2015-10-15 15:15:00,27.44,27.44,27.44,27.44,641746.0
2015-10-15 15:30:00,27.43,27.43,27.43,27.43,355403.0
2015-10-15 15:45:00,27.43,27.43,27.43,27.43,559435.0
2015-10-16 09:30:00,27.53,27.53,27.52,27.53,458945.0
2015-10-16 09:45:00,27.54,27.54,27.54,27.54,387505.0
2015-10-16 10:00:00,27.54,27.54,27.54,27.54,452645.0
2015-10-16 10:15:00,27.56,27.56,27.56,27.56,423613.0
2015-10-16 10:30:00,27.57,27.57,27.57,27.57,352242.0
2015-10-16 10:45:00,27.59,27.59,27.59,27.59,343986.0
2015-10-16 11:00:00,27.6,27.6,27.6,27.6,528838.0
2015-10-16 11:15:00,27.61,27.62,27.61,27.62,470680.0
2015-10-16 11:30:00,27.64,27.64,27.64,27.64,303138.0
2015-10-16 11:45:00,27.65,27.65,27.64,27.65,379674.0
2015-10-16 12:00:00,27.65,27.65,27.65,27.65,382283.0
2015-10-16 12:15:00,27.67,27.67,27.67,27.67,341393.0
2015-10-16 12:30:00,27.68,27.69,27.68,27.69,403473.0
2015-10-16 12:45:00,27.7,27.71,27.7,27.7,370401.0
2015-10-16 13:00:00,27.72,27.72,27.72,27.72,410777.0
2015-10-16 13:15:00,27.73,27.73,27.73,27.73,471145.0
2015-10-16 13:30:00,27.73,27.74,27.73,27.73,545330.0
2015-10-16 13:45:00,27.75,27.75,27.75,27.75,383234.0
2015-10-16 14:00:00,27.76,27.77,27.76,27.76,315067.0
2015-10-16 14:15:00,27.79,27.79,27.79,27.79,308974.0
2015-10-16 14:30:00,27.8,27.8,27.8,27.8,541184.0
2015-10-16 15:00:00,27.81,27.81,27.81,27.81,428207.0
2015-10-16 15:15:00,27.84,27.84,27.84,27.84,319439.0
2015-10-16 15:30:00,27.84,27.84,27.84,27.84,439653.0
2015-10-16 15:45:00,27.84,27.85,27.84,27.84,473848.0
2015-10-19 09:45:00,27.94,27.94,27.94,27.94,235948.0
2015-10-19 10:00:00,27.94,27.94,27.94,27.94,221740.0
2015-10-19 10:15:00,27.94,27.94,27.94,27.94,255948.0
2015-10-19 10:30:00,27.93,27.93,27.93,27.93,292106.0
2015-10-19 10:45:00,27.91,27.92,27.91,27.91,209439.0
2015-10-19 11:00:00,27.91,27.91,27.91,27.91,275460.0
2015-10-19 11:15:00,27.91,27.92,27.91,27.91,305078.0
2015-10-19 11:30:00,27.91,27.91,27.91,27.91,326816.0
2015-10-19 11:45:00,27.91,27.91,27.9,27.91,222380.0
2015-10-19 12:00:00,27.89,27.89,27.89,27.89,298884.0
2015-10-19 12:15:00,27.88,27.88,27.88,27.88,316097.0
2015-10-19 12:30:00,27.89,27.89,27.89,27.89,280129.0
2015-10-19 12:45:00,27.88,27.88,27.88,27.88,213962.0
2015-10-19 13:00:00,27.87,27.87,27.87,27.87,203715.0
2015-10-19 13:15:00,27.88,27.88,27.88,27.88,339441.0
2015-10-19 13:30:00,27.86,27.86,27.86,27.86,291650.0
2015-10-19 13:45:00,27.86,27.87,27.86,27.86,327150.0
2015-10-19 14:15:00,27.85,27.85,27.85,27.85,316775.0
2015-10-19 14:30:00,27.83,27.83,27.83,27.83,224098.0
2015-10-19 14:45:00,27.84,27.84,27.84,27.84,230965.0
2015-10-19 15:00:00,27.81,27.82,27.81,27.82,342216.0
2015-10-19 15:15:00,27.82,27.82,27.82,27.82,243035.0
2015-10-19 15:30:00,27.82,27.82,27.82,27.82,303330.0
2015-10-19 15:45:00,27.82,27.83,27.82,27.82,259216.0
2015-10-20 09:30:00,27.7,27.7,27.7,27.7,246118.0
2015-10-20 09:45:00,27.69,27.69,27.69,27.69,314193.0
2015-10-20 10:00:00,27.7,27.7,27.69,27.7,203829.0
2015-10-20 10:15:00,27.7,27.7,27.69,27.7,290060.0
2015-10-20 10:30:00,27.71,27.71,27.71,27.71,226317.0
2015-10-20 10:45:00,27.71,27.71,27.71,27.71,290023.0
2015-10-20 11:00:00,27.71,27.71,27.71,27.71,185529.0
2015-10-20 11:15:00,27.71,27.71,27.71,27.71,220715.0
2015-10-20 11:30:00,27.71,27.71,27.71,27.71,186787.0
2015-10-20 11:45:00,27.72,27.72,27.72,27.72,329858.0
2015-10-20 12:00:00,27.73,27.73,27.73,27.73,185152.0
2015-10-20 12:30:00,27.75,27.75,27.75,27.75,294545.0
2015-10-20 12:45:00,27.75,27.75,27.75,27.75,325483.0
2015-10-20 13:00:00,27.73,27.73,27.73,27.73,283530.0
2015-10-20 13:15:00,27.74,27.74,27.74,27.74,185403.0
2015-10-20 13:30:00,27.75,27.75,27.75,27.75,228129.0
2015-10-20 13:45:00,27.74,27.75,27.74,27.74,203494.0
2015-10-20 14:00:00,27.75,27.75,27.75,27.75,212672.0
2015-10-20 14:15:00,27.75,27.75,27.75,27.75,196236.0
2015-10-20 14:30:00,27.75,27.75,27.75,27.75,312342.0
2015-10-20 14:45:00,27.76,27.76,27.76,27.76,321302.0
2015-10-20 15:00:00,27.76,27.76,27.76,27.76,188135.0
2015-10-20 15:15:00,27.76,27.76,27.76,27.76,310041.0
2015-10-20 15:30:00,27.77,27.77,27.77,27.77,192703.0
2015-10-20 15:45:00,27.76,27.77,27.76,27.77,195121.0
2015-10-21 09:30:00,27.95,27.95,27.95,27.95,354832.0
2015-10-21 09:45:00,27.91,27.92,27.91,27.92,282000.0
2015-10-21 10:00:00,27.93,27.93,27.93,27.93,438679.0
2015-10-21 10:15:00,27.87,27.87,27.87,27.87,427749.0
2015-10-21 10:30:00,27.86,27.86,27.86,27.86,307405.0
2015-10-21 10:45:00,27.83,27.83,27.83,27.83,377494.0
2015-10-21 11:00:00,27.83,27.83,27.82,27.83,260248.0
2015-10-21 11:15:00,27.79,27.79,27.79,27.79,319511.0
2015-10-21 11:30:00,27.77,27.77,27.77,27.77,291546.0
2015-10-21 11:45:00,27.75,27.75,27.75,27.75,395417.0
2015-10-21 12:00:00,27.72,27.72,27.72,27.72,325897.0
2015-10-21 12:15:00,27.71,27.71,27.71,27.71,421156.0
2015-10-21 12:30:00,27.69,27.7,27.69,27.69,444622.0
2015-10-21 12:45:00,27.67,27.67,27.67,27.67,384151.0
2015-10-21 13:00:00,27.65,27.65,27.65,27.65,380003.0
2015-10-21 13:15:00,27.62,27.62,27.62,27.62,399112.0
2015-10-21 13:30:00,27.6,27.6,27.6,27.6,338597.0
2015-10-21 13:45:00,27.58,27.59,27.58,27.58,395709.0
2015-10-21 14:00:00,27.55,27.56,27.55,27.56,402325.0
2015-10-21 14:15:00,27.52,27.53,27.52,27.53,332918.0
2015-10-21 14:30:00,27.51,27.51,27.51,27.51,421925.0
2015-10-21 14:45:00,27.49,27.5,27.49,27.5,432464.0
2015-10-21 15:00:00,27.49,27.5,27.49,27.49,468404.0
2015-10-21 15:15:00,27.45,27.46,27.45,27.45,348392.0
2015-10-21 15:30:00,27.43,27.44,27.43,27.44,268385.0
2015-10-21 15:45:00,27.41,27.41,27.41,27.41,367360.0
2015-10-22 09:30:00,27.72,27.73,27.72,27.73,249642.0
2015-10-22 09:45:00,27.76,27.76,27.76,27.76,242763.0
2015-10-22 10:00:00,27.78,27.79,27.78,27.78,251679.0
2015-10-22 10:15:00,27.8,27.8,27.8,27.8,358279.0
2015-10-22 10:30:00,27.84,27.84,27.84,27.84,362564.0
2015-10-22 10:45:00,27.87,27.87,27.87,27.87,320473.0
2015-10-22 11:00:00,27.9,27.9,27.9,27.9,298803.0
2015-10-22 11:15:00,27.92,27.92,27.92,27.92,350507.0
2015-10-22 11:30:00,27.94,27.94,27.94,27.94,236951.0
2015-10-22 11:45:00,27.97,27.97,27.97,27.97,207574.0
2015-10-22 12:00:00,27.99,27.99,27.99,27.99,292934.0
2015-10-22 12:15:00,28.02,28.02,28.02,28.02,212262.0
2015-10-22 12:30:00,28.06,28.06,28.06,28.06,356261.0
2015-10-22 12:45:00,28.07,28.08,28.07,28.08,219822.0
2015-10-22 13:00:00,28.11,28.11,28.11,28.11,289839.0
2015-10-22 13:15:00,28.13,28.14,28.13,28.13,371715.0
2015-10-22 13:30:00,28.15,28.15,28.15,28.15,337280.0
2015-10-22 13:45:00,28.17,28.17,28.17,28.17,281159.0
2015-10-22 14:00:00,28.18,28.18,28.18,28.18,376542.0
2015-10-22 14:15:00,28.23,28.24,28.23,28.24,249321.0
2015-10-22 14:30:00,28.27,28.27,28.27,28.27,279158.0
2015-10-22 14:45:00,28.29,28.29,28.29,28.29,241261.0
2015-10-22 15:00:00,28.32,28.32,28.32,28.32,379790.0
2015-10-22 15:15:00,28.35,28.35,28.35,28.35,249423.0
2015-10-22 15:30:00,28.39,28.4,28.39,28.39,371660.0
2015-10-23 09:30:00,28.65,28.65,28.65,28.65,423392.0
2015-10-23 09:45:00,28.64,28.64,28.64,28.64,412922.0
2015-10-23 10:00:00,28.65,28.65,28.65,28.65,286559.0
2015-10-23 10:15:00,28.65,28.65,28.65,28.65,303612.0
2015-10-23 10:30:00,28.64,28.65,28.64,28.65,371330.0
2015-10-23 10:45:00,28.63,28.64,28.63,28.63,389892.0
2015-10-23 11:00:00,28.64,28.64,28.64,28.64,467930.0
2015-10-23 11:15:00,28.63,28.63,28.63,28.63,386819.0
2015-10-23 11:30:00,28.63,28.64,28.63,28.63,372839.0
2015-10-23 11:45:00,28.62,28.63,28.62,28.62,344194.0
2015-10-23 12:00:00,28.63,28.63,28.63,28.63,415972.0
2015-10-23 12:15:00,28.63,28.63,28.63,28.63,325070.0
2015-10-23 12:30:00,28.62,28.62,28.62,28.62,408938.0
2015-10-23 12:45:00,28.62,28.62,28.62,28.62,461400.0
2015-10-23 13:00:00,28.61,28.61,28.61,28.61,318689.0
2015-10-23 13:15:00,28.61,28.61,28.61,28.61,463006.0
2015-10-23 13:30:00,28.61,28.61,28.61,28.61,334900.0
2015-10-23 13:45:00,28.63,28.63,28.63,28.63,317538.0
2015-10-23 14:00:00,28.6,28.6,28.6,28.6,272919.0
2015-10-23 14:15:00,28.6,28.61,28.6,28.6,465952.0
2015-10-23 14:30:00,28.6,28.61,28.6,28.6,446935.0
2015-10-23 14:45:00,28.6,28.6,28.6,28.6,421768.0
2015-10-23 15:00:00,28.59,28.6,28.59,28.59,473242.0
2015-10-23 15:30:00,28.61,28.61,28.61,28.61,294030.0
2015-10-23 15:45:00,28.59,28.59,28.59,28.59,419898.0
2015-10-26 09:30:00,28.62,28.62,28.62,28.62,293856.0
2015-10-26 09:45:00,28.58,28.58,28.58,28.58,170907.0
2015-10-26 10:00:00,28.6,28.6,28.6,28.6,183406.0
2015-10-26 10:15:00,28.59,28.59,28.59,28.59,199142.0
2015-10-26 10:30:00,28.59,28.59,28.59,28.59,230368.0
2015-10-26 10:45:00,28.59,28.59,28.59,28.59,269495.0
2015-10-26 11:00:00,28.58,28.58,28.58,28.58,242345.0
2015-10-26 11:15:00,28.57,28.57,28.57,28.57,296389.0
2015-10-26 11:30:00,28.55,28.55,28.55,28.55,207318.0
2015-10-26 11:45:00,28.56,28.56,28.56,28.56,175016.0
2015-10-26 12:00:00,28.56,28.56,28.56,28.56,175201.0
2015-10-26 12:15:00,28.55,28.55,28.55,28.55,294671.0
2015-10-26 12:30:00,28.54,28.54,28.54,28.54,202474.0
2015-10-26 12:45:00,28.54,28.54,28.54,28.54,239702.0
2015-10-26 13:00:00,28.53,28.53,28.53,28.53,227207.0
2015-10-26 13:15:00,28.51,28.52,28.51,28.51,267468.0
2015-10-26 13:30:00,28.51,28.51,28.51,28.51,280252.0
2015-10-26 13:45:00,28.51,28.51,28.51,28.51,290268.0
2015-10-26 14:00:00,28.49,28.49,28.49,28.49,264368.0
2015-10-26 14:15:00,28.49,28.49,28.49,28.49,235322.0
2015-10-26 14:30:00,28.49,28.49,28.49,28.49,208421.0
2015-10-26 14:45:00,28.48,28.48,28.48,28.48,285403.0
2015-10-26 15:00:00,28.48,28.48,28.47,28.47,175829.0
2015-10-26 15:15:00,28.47,28.47,28.47,28.47,223233.0
2015-10-26 15:30:00,28.47,28.47,28.47,28.47,287101.0
2015-10-26 15:45:00,28.46,28.46,28.46,28.46,292959.0
2015-10-27 09:30:00,28.32,28.32,28.32,28.32,184717.0
2015-10-27 09:45:00,28.33,28.33,28.33,28.33,234106.0
2015-10-27 10:00:00,28.33,28.33,28.33,28.33,203413.0
2015-10-27 10:15:00,28.33,28.33,28.33,28.33,235544.0
2015-10-27 10:30:00,28.34,28.34,28.34,28.34,220694.0
2015-10-27 10:45:00,28.35,28.35,28.35,28.35,244850.0
2015-10-27 11:00:00,28.35,28.35,28.35,28.35,166576.0
2015-10-27 11:15:00,28.35,28.35,28.35,28.35,229907.0
2015-10-27 11:30:00,28.36,28.36,28.36,28.36,143536.0
2015-10-27 11:45:00,28.36,28.36,28.36,28.36,175349.0
2015-10-27 12:00:00,28.37,28.37,28.37,28.37,140956.0
2015-10-27 12:15:00,28.37,28.37,28.37,28.37,222584.0
2015-10-27 12:30:00,28.39,28.39,28.39,28.39,253349.0
2015-10-27 12:45:00,28.38,28.38,28.38,28.38,253191.0
2015-10-27 13:00:00,28.39,28.4,28.39,28.4,210836.0
2015-10-27 13:15:00,28.39,28.39,28.39,28.39,246390.0
2015-10-27 13:30:00,28.39,28.39,28.39,28.39,202991.0
2015-10-27 13:45:00,28.4,28.4,28.4,28.4,237195.0
2015-10-27 14:00:00,28.4,28.41,28.4,28.41,216794.0
2015-10-27 14:15:00,28.41,28.41,28.41,28.41,146418.0
2015-10-27 14:30:00,28.41,28.41,28.41,28.41,170955.0
2015-10-27 14:45:00,28.43,28.43,28.43,28.43,253580.0
2015-10-27 15:00:00,28.43,28.43,28.43,28.43,150765.0
2015-10-27 15:15:00,28.43,28.43,28.43,28.43,143539.0
2015-10-27 15:30:00,28.44,28.44,28.44,28.44,158065.0
2015-10-27 15:45:00,28.44,28.45,28.44,28.45,231880.0
2015-10-28 09:30:00,28.61,28.61,28.61,28.61,224985.0
2015-10-28 09:45:00,28.61,28.61,28.61,28.61,258166.0
2015-10-28 10:00:00,28.62,28.62,28.62,28.62,148463.0
2015-10-28 10:15:00,28.62,28.62,28.62,28.62,252837.0
2015-10-28 10:30:00,28.63,28.63,28.63,28.63,210877.0
2015-10-28 10:45:00,28.63,28.63,28.63,28.63,270441.0
2015-10-28 11:00:00,28.64,28.64,28.64,28.64,227404.0
2015-10-28 11:15:00,28.64,28.64,28.64,28.64,257683.0
2015-10-28 11:30:00,28.64,28.64,28.64,28.64,169213.0
2015-10-28 11:45:00,28.64,28.64,28.64,28.64,203032.0
2015-10-28 12:00:00,28.64,28.64,28.64,28.64,176224.0
2015-10-28 12:15:00,28.64,28.65,28.64,28.64,242115.0
2015-10-28 12:30:00,28.63,28.64,28.63,28.63,198608.0
2015-10-28 12:45:00,28.64,28.64,28.64,28.64,197545.0
2015-10-28 13:00:00,28.65,28.65,28.65,28.65,174127.0
2015-10-28 13:15:00,28.65,28.65,28.65,28.65,226740.0
2015-10-28 13:30:00,28.66,28.66,28.66,28.66,179695.0
2015-10-28 13:45:00,28.66,28.66,28.66,28.66,181166.0
2015-10-28 14:00:00,28.65,28.65,28.65,28.65,227378.0
2015-10-28 14:15:00,28.66,28.66,28.66,28.66,230017.0
2015-10-28 14:30:00,28.65,28.66,28.65,28.65,168601.0
2015-10-28 14:45:00,28.66,28.66,28.66,28.66,268151.0
2015-10-28 15:00:00,28.67,28.67,28.67,28.67,198438.0
2015-10-28 15:15:00,28.66,28.66,28.66,28.66,208015.0
2015-10-28 15:30:00,28.67,28.67,28.67,28.67,211671.0
2015-10-28 15:45:00,28.67,28.67,28.67,28.67,261011.0
2015-10-29 09:30:00,28.21,28.21,28.21,28.21,325690.0
2015-10-29 09:45:00,28.19,28.2,28.19,28.2,262337.0
2015-10-29 10:00:00,28.17,28.17,28.17,28.17,361504.0
2015-10-29 10:15:00,28.16,28.16,28.16,28.16,389756.0
2015-10-29 10:30:00,28.15,28.15,28.14,28.15,372637.0
2015-10-29 10:45:00,28.12,28.12,28.12,28.12,259115.0
2015-10-29 11:00:00,28.11,28.12,28.11,28.11,310184.0
2015-10-29 11:15:00,28.06,28.06,28.06,28.06,359453.0
2015-10-29 11:30:00,28.04,28.05,28.04,28.04,224078.0
2015-10-29 11:45:00,28.02,28.02,28.01,28.02,336929.0
2015-10-29 12:00:00,27.99,27.99,27.99,27.99,376793.0
2015-10-29 12:15:00,27.98,27.98,27.98,27.98,322162.0
2015-10-29 12:30:00,27.96,27.96,27.96,27.96,287064.0
2015-10-29 12:45:00,27.93,27.93,27.93,27.93,336639.0
2015-10-29 13:00:00,27.92,27.92,27.92,27.92,308233.0
2015-10-29 13:15:00,27.9,27.9,27.9,27.9,257977.0
2015-10-29 13:30:00,27.87,27.87,27.87,27.87,247094.0
2015-10-29 13:45:00,27.85,27.85,27.85,27.85,311508.0
2015-10-29 14:00:00,27.83,27.83,27.83,27.83,353006.0
2015-10-29 14:15:00,27.8,27.8,27.79,27.8,343338.0
2015-10-29 14:30:00,27.78,27.78,27.78,27.78,222484.0
2015-10-29 14:45:00,27.76,27.76,27.76,27.76,309454.0
2015-10-29 15:00:00,27.74,27.74,27.74,27.74,370979.0
2015-10-29 15:15:00,27.72,27.72,27.72,27.72,333561.0
2015-10-29 15:30:00,27.71,27.72,27.71,27.72,333917.0
2015-10-29 15:45:00,27.68,27.68,27.68,27.68,287069.0
2015-10-30 09:30:00,27.97,27.97,27.97,27.97,277571.0
2015-10-30 09:45:00,27.98,27.99,27.98,27.99,356329.0
2015-10-30 10:00:00,28.02,28.03,28.02,28.02,254007.0
2015-10-30 10:15:00,28.03,28.03,28.03,28.03,249858.0
2015-10-30 10:30:00,28.03,28.03,28.03,28.03,308984.0
2015-10-30 10:45:00,28.04,28.05,28.04,28.04,267361.0
2015-10-30 11:00:00,28.08,28.08,28.07,28.08,311517.0
2015-10-30 11:15:00,28.08,28.08,28.08,28.08,241007.0
2015-10-30 11:30:00,28.1,28.1,28.1,28.1,216637.0
2015-10-30 11:45:00,28.11,28.11,28.11,28.11,208463.0
2015-10-30 12:00:00,28.13,28.13,28.13,28.13,346661.0
2015-10-30 12:15:00,28.15,28.15,28.15,28.15,242143.0
2015-10-30 12:30:00,28.16,28.17,28.16,28.17,237401.0
2015-10-30 12:45:00,28.18,28.18,28.18,28.18,356988.0
2015-10-30 13:00:00,28.2,28.2,28.2,28.2,256080.0
2015-10-30 13:15:00,28.22,28.22,28.22,28.22,210809.0
2015-10-30 13:30:00,28.25,28.25,28.25,28.25,265412.0
2015-10-30 13:45:00,28.25,28.25,28.25,28.25,303006.0
2015-10-30 14:15:00,28.27,28.27,28.27,28.27,363442.0
2015-10-30 14:30:00,28.3,28.31,28.3,28.31,337090.0
2015-10-30 14:45:00,28.31,28.31,28.31,28.31,298035.0
2015-10-30 15:00:00,28.31,28.32,28.31,28.31,238735.0
2015-10-30 15:15:00,28.35,28.35,28.35,28.35,225780.0
2015-10-30 15:45:00,28.37,28.38,28.37,28.37,321140.0
2015-11-02 09:30:00,28.46,28.46,28.46,28.46,129875.0
2015-11-02 09:45:00,28.47,28.47,28.47,28.47,143489.0
2015-11-02 10:00:00,28.48,28.48,28.48,28.48,191800.0
2015-11-02 10:15:00,28.49,28.5,28.49,28.5,192539.0
2015-11-02 10:30:00,28.5,28.5,28.49,28.5,231676.0
2015-11-02 10:45:00,28.51,28.51,28.51,28.51,215431.0
2015-11-02 11:00:00,28.5,28.5,28.5,28.5,149093.0
2015-11-02 11:15:00,28.53,28.53,28.53,28.53,181350.0
2015-11-02 11:30:00,28.54,28.55,28.54,28.54,177312.0
2015-11-02 11:45:00,28.54,28.54,28.54,28.54,181489.0
2015-11-02 12:00:00,28.55,28.55,28.55,28.55,129441.0
2015-11-02 12:15:00,28.57,28.57,28.57,28.57,216788.0
2015-11-02 12:30:00,28.58,28.58,28.58,28.58,222064.0
2015-11-02 12:45:00,28.58,28.58,28.58,28.58,211624.0
2015-11-02 13:00:00,28.6,28.6,28.6,28.6,182384.0
2015-11-02 13:15:00,28.61,28.61,28.61,28.61,139652.0
2015-11-02 13:30:00,28.61,28.61,28.61,28.61,162021.0
2015-11-02 13:45:00,28.62,28.63,28.62,28.63,145053.0
2015-11-02 14:00:00,28.64,28.64,28.64,28.64,181787.0
2015-11-02 14:15:00,28.65,28.65,28.65,28.65,188193.0
2015-11-02 14:30:00,28.65,28.65,28.65,28.65,212395.0
2015-11-02 14:45:00,28.67,28.67,28.67,28.67,236652.0
2015-11-02 15:00:00,28.67,28.67,28.67,28.67,131362.0
2015-11-02 15:15:00,28.69,28.69,28.69,28.69,148693.0
2015-11-02 15:30:00,28.69,28.69,28.69,28.69,222868.0
2015-11-02 15:45:00,28.7,28.7,28.7,28.7,134210.0
2015-11-03 09:30:00,28.53,28.53,28.53,28.53,369929.0
2015-11-03 09:45:00,28.53,28.53,28.53,28.53,269861.0
2015-11-03 10:00:00,28.52,28.52,28.52,28.52,431348.0
2015-11-03 10:15:00,28.52,28.52,28.52,28.52,327262.0
2015-11-03 10:30:00,28.54,28.54,28.54,28.54,358118.0
2015-11-03 10:45:00,28.54,28.54,28.54,28.54,381449.0
2015-11-03 11:00:00,28.52,28.52,28.52,28.52,352345.0
2015-11-03 11:15:00,28.53,28.53,28.53,28.53,263831.0
2015-11-03 11:30:00,28.52,28.52,28.52,28.52,418173.0
2015-11-03 11:45:00,28.51,28.51,28.51,28.51,388534.0
2015-11-03 12:00:00,28.52,28.52,28.52,28.52,443853.0
2015-11-03 12:15:00,28.52,28.53,28.52,28.52,383227.0
2015-11-03 12:30:00,28.51,28.51,28.51,28.51,388457.0
2015-11-03 12:45:00,28.51,28.51,28.51,28.51,276300.0
2015-11-03 13:00:00,28.51,28.51,28.51,28.51,303193.0
2015-11-03 13:15:00,28.51,28.52,28.51,28.52,363050.0
2015-11-03 13:30:00,28.51,28.51,28.51,28.51,343692.0
2015-11-03 13:45:00,28.51,28.51,28.51,28.51,402831.0
2015-11-03 14:00:00,28.52,28.52,28.52,28.52,276900.0
2015-11-03 14:15:00,28.5,28.5,28.5,28.5,338207.0
2015-11-03 14:30:00,28.51,28.51,28.51,28.51,356532.0
2015-11-03 14:45:00,28.5,28.5,28.5,28.5,452103.0
2015-11-03 15:00:00,28.5,28.5,28.5,28.5,357894.0
2015-11-03 15:15:00,28.51,28.51,28.51,28.51,417408.0
2015-11-03 15:30:00,28.5,28.5,28.5,28.5,466248.0
2015-11-03 15:45:00,28.5,28.5,28.5,28.5,313129.0
2015-11-04 09:30:00,28.41,28.41,28.41,28.41,545496.0
2015-11-04 09:45:00,28.4,28.4,28.4,28.4,395529.0
2015-11-04 10:00:00,28.39,28.39,28.39,28.39,355446.0
2015-11-04 10:15:00,28.37,28.37,28.37,28.37,430111.0
2015-11-04 10:30:00,28.36,28.36,28.36,28.36,417788.0
2015-11-04 10:45:00,28.33,28.33,28.33,28.33,438354.0
2015-11-04 11:00:00,28.34,28.34,28.34,28.34,440378.0
2015-11-04 11:15:00,28.3,28.3,28.3,28.3,524548.0
2015-11-04 11:30:00,28.29,28.29,28.29,28.29,523565.0
2015-11-04 11:45:00,28.28,28.28,28.28,28.28,350275.0
2015-11-04 12:00:00,28.26,28.27,28.26,28.27,377001.0
2015-11-04 12:15:00,28.24,28.24,28.24,28.24,523464.0
2015-11-04 12:30:00,28.23,28.23,28.23,28.23,346990.0
2015-11-04 12:45:00,28.22,28.23,28.22,28.23,500500.0
2015-11-04 13:00:00,28.2,28.2,28.2,28.2,340842.0
2015-11-04 13:30:00,28.17,28.17,28.17,28.17,429710.0
2015-11-04 13:45:00,28.15,28.15,28.15,28.15,543892.0
2015-11-04 14:00:00,28.12,28.12,28.12,28.12,371581.0
2015-11-04 14:15:00,28.13,28.13,28.12,28.12,525451.0
2015-11-04 14:30:00,28.13,28.13,28.12,28.13,517586.0
2015-11-04 14:45:00,28.09,28.1,28.09,28.09,370902.0
2015-11-04 15:00:00,28.07,28.07,28.07,28.07,337490.0
2015-11-04 15:15:00,28.06,28.06,28.06,28.06,473760.0
2015-11-04 15:30:00,28.05,28.05,28.04,28.05,457775.0
2015-11-04 15:45:00,28.04,28.04,28.04,28.04,349267.0
2015-11-05 09:30:00,28.18,28.18,28.17,28.18,388871.0
2015-11-05 09:45:00,28.15,28.15,28.15,28.15,369283.0
2015-11-05 10:00:00,28.13,28.13,28.13,28.13,389285.0
2015-11-05 10:15:00,28.12,28.12,28.12,28.12,407917.0
2015-11-05 10:30:00,28.1,28.1,28.1,28.1,431244.0
2015-11-05 10:45:00,28.08,28.09,28.08,28.08,376777.0
2015-11-05 11:00:00,28.06,28.06,28.06,28.06,381982.0
2015-11-05 11:15:00,28.01,28.02,28.01,28.01,399052.0
2015-11-05 11:30:00,28.03,28.03,28.03,28.03,372477.0
2015-11-05 11:45:00,28.01,28.01,28.01,28.01,452007.0
2015-11-05 12:00:00,27.98,27.98,27.98,27.98,450004.0
2015-11-05 12:15:00,27.96,27.96,27.96,27.96,385018.0
2015-11-05 12:30:00,27.95,27.95,27.95,27.95,413537.0
2015-11-05 12:45:00,27.93,27.94,27.93,27.93,356316.0
2015-11-05 13:00:00,27.9,27.91,27.9,27.91,363927.0
2015-11-05 13:15:00,27.89,27.89,27.89,27.89,522838.0
2015-11-05 13:45:00,27.86,27.86,27.86,27.86,545844.0
2015-11-05 14:00:00,27.84,27.84,27.84,27.84,397720.0
2015-11-05 14:15:00,27.82,27.82,27.82,27.82,521550.0
2015-11-05 14:30:00,27.79,27.79,27.79,27.79,443016.0
2015-11-05 14:45:00,27.78,27.78,27.78,27.78,326065.0
2015-11-05 15:00:00,27.78,27.78,27.78,27.78,510139.0
2015-11-05 15:15:00,27.75,27.75,27.75,27.75,433907.0
2015-11-05 15:30:00,27.73,27.73,27.73,27.73,348330.0
2015-11-05 15:45:00,27.71,27.71,27.71,27.71,347342.0
2015-11-06 09:30:00,30.42,30.42,30.42,30.42,821545.0
2015-11-06 09:45:00,30.47,30.48,30.47,30.48,1007021.0
2015-11-06 10:00:00,30.54,30.55,30.54,30.55,1113667.0
2015-11-06 10:15:00,30.59,30.6,30.59,30.59,927414.0
2015-11-06 10:45:00,30.72,30.74,30.72,30.73,1230926.0
2015-11-06 11:00:00,30.71,30.71,30.7,30.7,1418890.0
2015-11-06 11:15:00,30.76,30.76,30.76,30.76,1284357.0
2015-11-06 11:30:00,30.83,30.84,30.83,30.83,1174924.0
2015-11-06 11:45:00,30.87,30.87,30.87,30.87,1377756.0
2015-11-06 12:00:00,30.9,30.9,30.9,30.9,844048.0
2015-11-06 12:15:00,30.95,30.96,30.94,30.95,1453592.0
2015-11-06 12:30:00,30.98,30.99,30.98,30.99,831082.0
2015-11-06 12:45:00,31.01,31.02,31.01,31.01,1392174.0
2015-11-06 13:00:00,31.04,31.05,31.04,31.04,1158677.0
2015-11-06 13:15:00,31.12,31.13,31.12,31.12,1456121.0
2015-11-06 13:30:00,31.14,31.14,31.14,31.14,904900.0
2015-11-06 13:45:00,31.18,31.18,31.18,31.18,1146278.0
2015-11-06 14:00:00,31.24,31.24,31.24,31.24,987508.0
2015-11-06 14:15:00,31.29,31.29,31.28,31.29,968587.0
2015-11-06 14:30:00,31.32,31.33,31.32,31.32,1238130.0
2015-11-06 14:45:00,31.4,31.41,31.4,31.41,928588.0
2015-11-06 15:00:00,31.44,31.45,31.44,31.45,1002388.0
2015-11-06 15:15:00,31.48,31.48,31.48,31.48,1103073.0
2015-11-06 15:45:00,31.54,31.54,31.54,31.54,1337478.0
2015-11-09 09:30:00,31.25,31.25,31.25,31.25,577202.0
2015-11-09 09:45:00,31.26,31.26,31.26,31.26,467142.0
2015-11-09 10:00:00,31.26,31.26,31.26,31.26,393556.0
2015-11-09 10:15:00,31.25,31.25,31.25,31.25,372559.0
2015-11-09 10:30:00,31.27,31.27,31.27,31.27,484853.0
2015-11-09 10:45:00,31.27,31.28,31.27,31.27,453598.0
2015-11-09 11:00:00,31.28,31.28,31.28,31.28,573494.0
2015-11-09 11:15:00,31.29,31.29,31.29,31.29,337254.0
2015-11-09 11:30:00,31.29,31.29,31.29,31.29,445558.0
2015-11-09 11:45:00,31.3,31.3,31.3,31.3,353320.0
2015-11-09 12:00:00,31.31,31.31,31.31,31.31,585398.0
2015-11-09 12:15:00,31.32,31.32,31.32,31.32,577104.0
2015-11-09 12:30:00,31.32,31.32,31.32,31.32,461175.0
2015-11-09 12:45:00,31.33,31.33,31.33,31.33,577870.0
2015-11-09 13:00:00,31.33,31.34,31.33,31.34,429999.0
2015-11-09 13:15:00,31.34,31.34,31.34,31.34,365083.0
2015-11-09 13:30:00,31.35,31.35,31.35,31.35,438295.0
2015-11-09 13:45:00,31.35,31.36,31.35,31.35,527674.0
2015-11-09 14:00:00,31.36,31.36,31.36,31.36,592297.0
2015-11-09 14:15:00,31.37,31.38,31.37,31.37,583652.0
2015-11-09 14:30:00,31.38,31.38,31.38,31.38,492028.0
2015-11-09 14:45:00,31.38,31.38,31.38,31.38,612042.0
2015-11-09 15:00:00,31.39,31.39,31.39,31.39,484997.0
2015-11-09 15:15:00,31.41,31.41,31.41,31.41,549799.0
2015-11-09 15:30:00,31.4,31.4,31.4,31.4,392215.0
2015-11-09 15:45:00,31.42,31.42,31.42,31.42,598650.0
2015-11-10 09:30:00,30.99,30.99,30.99,30.99,646307.0
2015-11-10 09:45:00,30.99,31.0,30.99,31.0,518520.0
2015-11-10 10:00:00,31.0,31.0,30.99,31.0,381805.0
2015-11-10 10:15:00,30.98,30.99,30.98,30.98,679345.0
2015-11-10 10:30:00,30.98,30.98,30.98,30.98,483566.0
2015-11-10 10:45:00,30.95,30.96,30.95,30.95,583131.0
2015-11-10 11:00:00,30.94,30.94,30.94,30.94,592818.0
2015-11-10 11:15:00,30.94,30.94,30.94,30.94,584088.0
2015-11-10 11:30:00,30.93,30.94,30.93,30.93,443116.0
2015-11-10 11:45:00,30.94,30.94,30.94,30.94,662679.0
2015-11-10 12:00:00,30.91,30.92,30.91,30.92,391344.0
2015-11-10 12:15:00,30.92,30.92,30.91,30.92,666864.0
2015-11-10 12:30:00,30.91,30.91,30.9,30.91,547558.0
2015-11-10 12:45:00,30.9,30.91,30.9,30.91,660021.0
2015-11-10 13:00:00,30.89,30.89,30.89,30.89,406043.0
2015-11-10 13:15:00,30.88,30.88,30.88,30.88,518865.0
2015-11-10 13:30:00,30.89,30.89,30.89,30.89,539501.0
2015-11-10 13:45:00,30.88,30.88,30.88,30.88,462669.0
2015-11-10 14:00:00,30.86,30.86,30.85,30.86,425664.0
2015-11-10 14:15:00,30.84,30.84,30.84,30.84,429248.0
2015-11-10 14:30:00,30.85,30.86,30.85,30.85,613861.0
2015-11-10 14:45:00,30.84,30.84,30.84,30.84,623424.0
2015-11-10 15:00:00,30.82,30.82,30.82,30.82,461656.0
2015-11-10 15:15:00,30.82,30.82,30.82,30.82,386980.0
2015-11-10 15:30:00,30.82,30.82,30.82,30.82,405285.0
2015-11-10 15:45:00,30.81,30.81,30.81,30.81,575567.0
2015-11-11 09:30:00,30.83,30.83,30.83,30.83,743436.0
2015-11-11 09:45:00,30.81,30.82,30.81,30.81,574724.0
2015-11-11 10:00:00,30.81,30.81,30.81,30.81,547138.0
2015-11-11 10:15:00,30.78,30.79,30.78,30.79,588016.0
2015-11-11 10:30:00,30.78,30.78,30.78,30.78,681103.0
2015-11-11 10:45:00,30.76,30.77,30.76,30.77,555573.0
2015-11-11 11:00:00,30.75,30.75,30.75,30.75,518514.0
2015-11-11 11:15:00,30.71,30.72,30.71,30.71,437090.0
2015-11-11 11:30:00,30.73,30.74,30.73,30.74,422623.0
2015-11-11 11:45:00,30.71,30.71,30.71,30.71,468330.0
2015-11-11 12:00:00,30.7,30.7,30.7,30.7,613203.0
2015-11-11 12:15:00,30.69,30.69,30.69,30.69,436951.0
2015-11-11 12:30:00,30.67,30.67,30.67,30.67,533162.0
2015-11-11 12:45:00,30.66,30.66,30.66,30.66,767674.0
2015-11-11 13:00:00,30.65,30.65,30.65,30.65,596644.0
2015-11-11 13:15:00,30.63,30.63,30.63,30.63,496579.0
2015-11-11 13:30:00,30.64,30.65,30.64,30.64,763868.0
2015-11-11 13:45:00,30.62,30.63,30.62,30.62,565927.0
2015-11-11 14:00:00,30.61,30.61,30.61,30.61,464872.0
2015-11-11 14:15:00,30.6,30.6,30.6,30.6,610341.0
2015-11-11 14:30:00,30.57,30.57,30.56,30.57,518800.0
2015-11-11 14:45:00,30.58,30.59,30.58,30.58,727223.0
2015-11-11 15:00:00,30.55,30.55,30.55,30.55,471237.0
2015-11-11 15:15:00,30.52,30.52,30.52,30.52,527131.0
2015-11-11 15:30:00,30.52,30.52,30.52,30.52,504087.0
2015-11-11 15:45:00,30.51,30.51,30.51,30.51,687556.0
2015-11-12 09:30:00,30.44,30.44,30.44,30.44,239940.0
2015-11-12 09:45:00,30.44,30.44,30.44,30.44,274643.0
2015-11-12 10:00:00,30.44,30.44,30.44,30.44,302273.0
2015-11-12 10:15:00,30.44,30.44,30.44,30.44,213942.0
2015-11-12 10:30:00,30.43,30.43,30.43,30.43,224492.0
2015-11-12 10:45:00,30.44,30.44,30.44,30.44,220657.0
2015-11-12 11:00:00,30.41,30.42,30.41,30.42,312620.0
2015-11-12 11:15:00,30.44,30.44,30.44,30.44,342328.0
2015-11-12 11:30:00,30.43,30.43,30.43,30.43,263071.0
2015-11-12 11:45:00,30.42,30.43,30.42,30.42,347735.0
2015-11-12 12:00:00,30.42,30.43,30.42,30.42,346136.0
2015-11-12 12:15:00,30.41,30.42,30.41,30.41,203402.0
2015-11-12 12:30:00,30.42,30.42,30.42,30.42,284557.0
2015-11-12 12:45:00,30.42,30.42,30.42,30.42,242741.0
2015-11-12 13:00:00,30.41,30.41,30.41,30.41,316131.0
2015-11-12 13:15:00,30.42,30.42,30.42,30.42,267946.0
2015-11-12 13:30:00,30.41,30.41,30.41,30.41,220576.0
2015-11-12 13:45:00,30.42,30.42,30.42,30.42,316634.0
2015-11-12 14:00:00,30.41,30.41,30.41,30.41,349462.0
2015-11-12 14:15:00,30.41,30.41,30.41,30.41,301899.0
2015-11-12 14:30:00,30.41,30.41,30.41,30.41,201568.0
2015-11-12 14:45:00,30.4,30.4,30.4,30.4,215198.0
2015-11-12 15:00:00,30.41,30.41,30.41,30.41,347330.0
2015-11-12 15:15:00,30.4,30.4,30.4,30.4,219561.0
2015-11-12 15:30:00,30.4,30.4,30.4,30.4,340838.0
2015-11-12 15:45:00,30.4,30.41,30.4,30.4,351842.0
2015-11-13 09:30:00,30.43,30.43,30.43,30.43,355066.0
2015-11-13 09:45:00,30.37,30.37,30.36,30.36,335584.0
2015-11-13 10:00:00,30.38,30.38,30.37,30.38,275606.0
2015-11-13 10:15:00,30.36,30.36,30.36,30.36,210236.0
2015-11-13 10:30:00,30.33,30.33,30.33,30.33,216817.0
2015-11-13 10:45:00,30.31,30.31,30.31,30.31,364783.0
2015-11-13 11:00:00,30.27,30.27,30.27,30.27,336622.0
2015-11-13 11:15:00,30.26,30.26,30.26,30.26,268181.0
2015-11-13 11:30:00,30.23,30.23,30.23,30.23,360269.0
2015-11-13 11:45:00,30.2,30.2,30.2,30.2,238303.0
2015-11-13 12:00:00,30.18,30.18,30.18,30.18,329915.0
2015-11-13 12:15:00,30.15,30.15,30.15,30.15,236244.0
2015-11-13 12:30:00,30.13,30.14,30.13,30.14,248543.0
2015-11-13 13:00:00,30.08,30.09,30.08,30.08,254357.0
2015-11-13 13:15:00,30.05,30.05,30.05,30.05,309904.0
2015-11-13 13:30:00,30.03,30.03,30.03,30.03,279758.0
2015-11-13 13:45:00,30.01,30.01,30.01,30.01,247246.0
2015-11-13 14:00:00,29.99,29.99,29.99,29.99,347543.0
2015-11-13 14:15:00,29.96,29.97,29.96,29.97,357176.0
2015-11-13 14:30:00,29.95,29.95,29.95,29.95,356944.0
2015-11-13 14:45:00,29.91,29.91,29.9,29.91,276214.0
2015-11-13 15:00:00,29.9,29.9,29.9,29.9,284983.0
2015-11-13 15:15:00,29.83,29.84,29.83,29.83,330536.0
2015-11-13 15:30:00,29.82,29.82,29.82,29.82,202290.0
2015-11-13 15:45:00,29.8,29.8,29.8,29.8,328719.0
2015-11-16 09:30:00,30.21,30.22,30.21,30.22,252034.0
2015-11-16 09:45:00,30.2,30.2,30.2,30.2,393569.0
2015-11-16 10:00:00,30.21,30.21,30.21,30.21,243115.0
2015-11-16 10:15:00,30.2,30.21,30.2,30.2,248451.0
2015-11-16 10:30:00,30.22,30.22,30.22,30.22,419420.0
2015-11-16 10:45:00,30.23,30.23,30.23,30.23,402078.0
2015-11-16 11:00:00,30.24,30.24,30.24,30.24,417773.0
2015-11-16 11:15:00,30.24,30.24,30.24,30.24,329257.0
2015-11-16 11:30:00,30.25,30.25,30.25,30.25,273976.0
2015-11-16 11:45:00,30.26,30.26,30.26,30.26,334021.0
2015-11-16 12:00:00,30.28,30.28,30.28,30.28,315058.0
2015-11-16 12:15:00,30.29,30.29,30.29,30.29,376690.0
2015-11-16 12:30:00,30.29,30.29,30.29,30.29,263427.0
2015-11-16 12:45:00,30.3,30.3,30.3,30.3,311758.0
2015-11-16 13:00:00,30.32,30.32,30.32,30.32,404818.0
2015-11-16 13:15:00,30.33,30.33,30.33,30.33,264512.0
2015-11-16 13:30:00,30.32,30.32,30.32,30.32,277510.0
2015-11-16 13:45:00,30.33,30.33,30.33,30.33,376123.0
2015-11-16 14:00:00,30.34,30.34,30.34,30.34,286186.0
2015-11-16 14:15:00,30.35,30.35,30.35,30.35,378853.0
2015-11-16 14:45:00,30.37,30.37,30.37,30.37,364563.0
2015-11-16 15:00:00,30.38,30.38,30.38,30.38,278439.0
2015-11-16 15:15:00,30.38,30.38,30.38,30.38,380848.0
2015-11-16 15:30:00,30.41,30.41,30.41,30.41,410818.0
2015-11-16 15:45:00,30.4,30.4,30.4,30.4,375108.0
2015-11-17 09:30:00,30.47,30.47,30.47,30.47,299499.0
2015-11-17 09:45:00,30.47,30.47,30.47,30.47,251801.0
2015-11-17 10:00:00,30.46,30.46,30.46,30.46,266161.0
2015-11-17 10:15:00,30.47,30.47,30.47,30.47,231403.0
2015-11-17 10:30:00,30.47,30.47,30.47,30.47,308944.0
2015-11-17 10:45:00,30.46,30.46,30.46,30.46,286380.0
2015-11-17 11:00:00,30.46,30.47,30.46,30.46,175855.0
2015-11-17 11:15:00,30.46,30.46,30.46,30.46,199513.0
2015-11-17 11:30:00,30.45,30.45,30.44,30.45,282571.0
2015-11-17 11:45:00,30.46,30.46,30.46,30.46,288108.0
2015-11-17 12:00:00,30.44,30.44,30.44,30.44,240821.0
2015-11-17 12:15:00,30.44,30.45,30.44,30.44,281541.0
2015-11-17 12:30:00,30.44,30.44,30.44,30.44,319069.0
2015-11-17 12:45:00,30.43,30.43,30.43,30.43,260389.0
2015-11-17 13:00:00,30.44,30.44,30.44,30.44,211627.0
2015-11-17 13:15:00,30.44,30.44,30.44,30.44,175738.0
2015-11-17 13:30:00,30.42,30.43,30.42,30.42,201816.0
2015-11-17 13:45:00,30.42,30.42,30.42,30.42,173467.0
2015-11-17 14:00:00,30.42,30.42,30.42,30.42,251356.0
2015-11-17 14:15:00,30.42,30.43,30.42,30.42,267849.0
2015-11-17 14:30:00,30.42,30.42,30.42,30.42,266151.0
2015-11-17 14:45:00,30.41,30.41,30.41,30.41,279343.0
2015-11-17 15:00:00,30.41,30.41,30.41,30.41,317695.0
2015-11-17 15:15:00,30.41,30.41,30.41,30.41,278063.0
2015-11-17 15:30:00,30.4,30.4,30.4,30.4,177209.0
2015-11-17 15:45:00,30.4,30.4,30.4,30.4,181608.0
2015-11-18 09:30:00,30.41,30.41,30.41,30.41,255857.0
2015-11-18 09:45:00,30.44,30.44,30.44,30.44,356754.0
2015-11-18 10:00:00,30.47,30.47,30.47,30.47,391623.0
2015-11-18 10:15:00,30.47,30.47,30.46,30.47,320452.0
2015-11-18 10:30:00,30.48,30.48,30.47,30.48,256704.0
2015-11-18 10:45:00,30.53,30.54,30.53,30.53,319211.0
2015-11-18 11:15:00,30.59,30.59,30.59,30.59,329770.0
2015-11-18 11:30:00,30.61,30.62,30.61,30.62,286226.0
2015-11-18 11:45:00,30.63,30.63,30.63,30.63,356800.0
2015-11-18 12:00:00,30.67,30.67,30.67,30.67,336014.0
2015-11-18 12:15:00,30.7,30.7,30.7,30.7,322084.0
2015-11-18 12:30:00,30.7,30.7,30.7,30.7,417703.0
2015-11-18 12:45:00,30.72,30.72,30.72,30.72,293543.0
2015-11-18 13:00:00,30.77,30.78,30.77,30.78,314249.0
2015-11-18 13:15:00,30.78,30.78,30.78,30.78,338323.0
2015-11-18 13:30:00,30.8,30.8,30.8,30.8,304779.0
2015-11-18 13:45:00,30.83,30.83,30.83,30.83,306379.0
2015-11-18 14:00:00,30.85,30.85,30.85,30.85,309076.0
2015-11-18 14:30:00,30.93,30.94,30.93,30.93,243402.0
2015-11-18 14:45:00,30.94,30.94,30.94,30.94,245158.0
2015-11-18 15:00:00,30.94,30.94,30.94,30.94,277673.0
2015-11-18 15:15:00,30.97,30.97,30.97,30.97,257793.0
2015-11-18 15:30:00,31.03,31.03,31.03,31.03,290122.0
2015-11-18 15:45:00,31.04,31.04,31.04,31.04,406522.0
2015-11-19 09:30:00,31.14,31.14,31.14,31.14,299701.0
2015-11-19 09:45:00,31.14,31.14,31.14,31.14,267449.0
2015-11-19 10:00:00,31.14,31.14,31.14,31.14,264526.0
2015-11-19 10:15:00,31.13,31.13,31.13,31.13,277365.0
2015-11-19 10:30:00,31.13,31.13,31.13,31.13,236618.0
2015-11-19 10:45:00,31.14,31.14,31.14,31.14,195748.0
2015-11-19 11:00:00,31.13,31.14,31.13,31.14,210128.0
2015-11-19 11:15:00,31.14,31.14,31.14,31.14,268840.0
2015-11-19 11:30:00,31.13,31.14,31.13,31.13,183279.0
2015-11-19 11:45:00,31.13,31.13,31.13,31.13,269126.0
2015-11-19 12:00:00,31.12,31.13,31.12,31.12,173627.0
2015-11-19 12:15:00,31.12,31.12,31.12,31.12,294718.0
2015-11-19 12:30:00,31.13,31.13,31.13,31.13,316662.0
2015-11-19 12:45:00,31.13,31.13,31.13,31.13,287345.0
2015-11-19 13:00:00,31.12,31.12,31.12,31.12,183001.0
2015-11-19 13:15:00,31.12,31.13,31.12,31.12,234942.0
2015-11-19 13:30:00,31.11,31.12,31.11,31.11,171041.0
2015-11-19 13:45:00,31.13,31.13,31.13,31.13,188013.0
2015-11-19 14:00:00,31.12,31.12,31.12,31.12,275211.0
2015-11-19 14:15:00,31.13,31.13,31.13,31.13,273360.0
2015-11-19 14:30:00,31.12,31.12,31.12,31.12,299277.0
2015-11-19 14:45:00,31.13,31.13,31.13,31.13,208057.0
2015-11-19 15:00:00,31.13,31.14,31.13,31.14,297787.0
2015-11-19 15:15:00,31.12,31.13,31.12,31.13,283749.0
2015-11-19 15:30:00,31.11,31.12,31.11,31.11,273580.0
2015-11-19 15:45:00,31.11,31.11,31.11,31.11,312627.0
2015-11-20 09:30:00,31.35,31.35,31.35,31.35,271510.0
2015-11-20 09:45:00,31.35,31.35,31.35,31.35,205435.0
2015-11-20 10:00:00,31.35,31.35,31.35,31.35,174050.0
2015-11-20 10:15:00,31.36,31.36,31.35,31.36,214430.0
2015-11-20 10:30:00,31.35,31.35,31.35,31.35,280838.0
2015-11-20 10:45:00,31.36,31.36,31.36,31.36,260436.0
2015-11-20 11:00:00,31.36,31.36,31.36,31.36,219221.0
2015-11-20 11:15:00,31.36,31.36,31.36,31.36,190259.0
2015-11-20 11:30:00,31.36,31.36,31.36,31.36,194751.0
2015-11-20 11:45:00,31.36,31.36,31.36,31.36,221800.0
2015-11-20 12:00:00,31.36,31.36,31.36,31.36,181598.0
2015-11-20 12:15:00,31.36,31.37,31.36,31.37,287517.0
2015-11-20 12:30:00,31.37,31.37,31.37,31.37,173175.0
2015-11-20 12:45:00,31.37,31.37,31.37,31.37,206608.0
2015-11-20 13:00:00,31.38,31.38,31.38,31.38,240348.0
2015-11-20 13:15:00,31.38,31.38,31.38,31.38,223505.0
2015-11-20 13:30:00,31.38,31.38,31.38,31.38,206573.0
2015-11-20 13:45:00,31.38,31.38,31.38,31.38,296529.0
2015-11-20 14:00:00,31.38,31.38,31.38,31.38,173137.0
2015-11-20 14:15:00,31.38,31.38,31.38,31.38,202082.0
2015-11-20 14:30:00,31.38,31.38,31.38,31.38,180068.0
2015-11-20 14:45:00,31.38,31.38,31.38,31.38,239380.0
2015-11-20 15:00:00,31.39,31.39,31.39,31.39,290949.0
2015-11-20 15:15:00,31.39,31.39,31.39,31.39,238940.0
2015-11-20 15:30:00,31.39,31.39,31.39,31.39,164842.0
2015-11-20 15:45:00,31.39,31.39,31.39,31.39,174077.0
2015-11-23 09:30:00,31.65,31.65,31.65,31.65,226807.0
2015-11-23 09:45:00,31.62,31.62,31.62,31.62,268731.0
2015-11-23 10:00:00,31.61,31.61,31.6,31.61,301717.0
2015-11-23 10:15:00,31.56,31.56,31.56,31.56,198548.0
2015-11-23 10:30:00,31.53,31.54,31.53,31.53,208135.0
2015-11-23 10:45:00,31.5,31.51,31.5,31.5,233657.0
2015-11-23 11:00:00,31.47,31.48,31.47,31.47,200919.0
2015-11-23 11:15:00,31.45,31.46,31.45,31.45,182768.0
2015-11-23 11:30:00,31.42,31.42,31.42,31.42,202316.0
2015-11-23 11:45:00,31.39,31.39,31.39,31.39,279585.0
2015-11-23 12:00:00,31.36,31.36,31.36,31.36,226889.0
2015-11-23 12:15:00,31.33,31.33,31.33,31.33,260732.0
2015-11-23 12:30:00,31.29,31.29,31.29,31.29,179127.0
2015-11-23 12:45:00,31.27,31.27,31.27,31.27,201926.0
2015-11-23 13:00:00,31.24,31.24,31.24,31.24,298432.0
2015-11-23 13:15:00,31.23,31.23,31.23,31.23,208346.0
2015-11-23 13:45:00,31.16,31.16,31.16,31.16,177997.0
2015-11-23 14:00:00,31.13,31.13,31.13,31.13,292980.0
2015-11-23 14:15:00,31.1,31.11,31.1,31.1,205985.0
2015-11-23 14:30:00,31.07,31.07,31.07,31.07,233303.0
2015-11-23 14:45:00,31.03,31.04,31.03,31.03,187849.0
2015-11-23 15:00:00,31.01,31.02,31.01,31.01,193195.0
2015-11-23 15:15:00,30.97,30.97,30.97,30.97,268833.0
2015-11-23 15:30:00,30.95,30.95,30.95,30.95,289442.0
2015-11-23 15:45:00,30.89,30.9,30.89,30.89,176064.0
2015-11-24 09:30:00,30.93,30.93,30.93,30.93,143258.0
2015-11-24 09:45:00,30.95,30.95,30.94,30.95,135270.0
2015-11-24 10:00:00,30.94,30.94,30.94,30.94,156619.0
2015-11-24 10:15:00,30.94,30.95,30.94,30.94,202483.0
2015-11-24 10:30:00,30.97,30.97,30.97,30.97,172850.0
2015-11-24 10:45:00,30.97,30.97,30.97,30.97,235862.0
2015-11-24 11:15:00,30.98,30.98,30.97,30.98,187796.0
2015-11-24 11:30:00,31.0,31.0,31.0,31.0,161703.0
2015-11-24 11:45:00,30.99,31.0,30.99,30.99,237054.0
2015-11-24 12:00:00,31.03,31.03,31.03,31.03,141759.0
2015-11-24 12:15:00,31.02,31.03,31.02,31.02,210318.0
2015-11-24 12:30:00,31.04,31.04,31.04,31.04,226456.0
2015-11-24 12:45:00,31.06,31.06,31.06,31.06,155797.0
2015-11-24 13:00:00,31.05,31.05,31.05,31.05,147410.0
2015-11-24 13:15:00,31.07,31.07,31.07,31.07,184877.0
2015-11-24 13:30:00,31.08,31.08,31.08,31.08,234110.0
2015-11-24 13:45:00,31.09,31.09,31.09,31.09,151969.0
2015-11-24 14:00:00,31.08,31.08,31.08,31.08,139786.0
2015-11-24 14:15:00,31.1,31.1,31.1,31.1,132474.0
2015-11-24 14:30:00,31.12,31.12,31.12,31.12,242704.0
2015-11-24 14:45:00,31.12,31.13,31.12,31.12,174010.0
2015-11-24 15:00:00,31.14,31.14,31.14,31.14,134927.0
2015-11-24 15:15:00,31.16,31.16,31.16,31.16,225869.0
2015-11-24 15:30:00,31.16,31.16,31.16,31.16,236310.0
2015-11-24 15:45:00,31.16,31.16,31.16,31.16,216139.0
2015-11-25 09:30:00,31.11,31.11,31.11,31.11,141656.0
2015-11-25 09:45:00,31.11,31.11,31.11,31.11,114645.0
2015-11-25 10:00:00,31.11,31.11,31.11,31.11,115022.0
2015-11-25 10:15:00,31.12,31.12,31.12,31.12,169178.0
2015-11-25 10:30:00,31.11,31.11,31.11,31.11,127022.0
2015-11-25 10:45:00,31.11,31.11,31.11,31.11,153551.0
2015-11-25 11:00:00,31.11,31.11,31.11,31.11,149035.0
2015-11-25 11:15:00,31.12,31.12,31.12,31.12,138709.0
2015-11-25 11:30:00,31.12,31.12,31.12,31.12,137186.0
2015-11-25 11:45:00,31.12,31.12,31.12,31.12,117304.0
2015-11-25 12:00:00,31.12,31.12,31.12,31.12,158239.0
2015-11-25 12:15:00,31.12,31.12,31.11,31.12,104537.0
2015-11-25 12:30:00,31.12,31.12,31.12,31.12,158478.0
2015-11-25 12:45:00,31.11,31.12,31.11,31.11,150742.0
2015-11-25 13:00:00,31.12,31.12,31.12,31.12,130601.0
2015-11-25 13:15:00,31.12,31.12,31.12,31.12,161428.0
2015-11-25 13:30:00,31.12,31.12,31.12,31.12,161089.0
2015-11-25 13:45:00,31.12,31.12,31.12,31.12,161862.0
2015-11-25 14:00:00,31.12,31.12,31.12,31.12,157566.0
2015-11-25 14:15:00,31.12,31.13,31.12,31.13,115905.0
2015-11-25 14:30:00,31.13,31.14,31.13,31.14,151373.0
2015-11-25 14:45:00,31.13,31.13,31.13,31.13,157325.0
2015-11-25 15:00:00,31.13,31.13,31.13,31.13,105151.0
2015-11-25 15:15:00,31.12,31.13,31.12,31.12,166423.0
2015-11-25 15:30:00,31.13,31.13,31.13,31.13,121718.0
2015-11-25 15:45:00,31.13,31.13,31.13,31.13,165405.0
2015-11-27 09:30:00,31.19,31.19,31.19,31.19,100286.0
2015-11-27 09:45:00,31.2,31.2,31.2,31.2,71312.0
2015-11-27 10:00:00,31.2,31.2,31.2,31.2,106222.0
2015-11-27 10:15:00,31.21,31.21,31.21,31.21,104863.0
2015-11-27 10:30:00,31.23,31.23,31.23,31.23,98514.0
2015-11-27 10:45:00,31.23,31.23,31.23,31.23,86029.0
2015-11-27 11:00:00,31.24,31.24,31.24,31.24,104303.0
2015-11-27 11:15:00,31.24,31.24,31.24,31.24,65669.0
2015-11-27 11:30:00,31.26,31.26,31.26,31.26,83344.0
2015-11-27 11:45:00,31.27,31.27,31.27,31.27,61594.0
2015-11-27 12:00:00,31.27,31.27,31.27,31.27,88707.0
2015-11-27 12:15:00,31.28,31.28,31.28,31.28,75124.0
2015-11-27 12:30:00,31.28,31.29,31.28,31.29,58936.0
2015-11-27 12:45:00,31.3,31.3,31.3,31.3,73426.0
2015-11-27 13:00:00,31.3,31.3,31.3,31.3,64015.0
2015-11-27 13:15:00,31.3,31.31,31.3,31.3,99694.0
2015-11-27 13:30:00,31.31,31.31,31.31,31.31,83727.0
2015-11-27 13:45:00,31.33,31.33,31.33,31.33,87224.0
2015-11-27 14:00:00,31.33,31.33,31.33,31.33,74480.0
2015-11-27 14:15:00,31.34,31.34,31.34,31.34,82166.0
2015-11-27 14:30:00,31.34,31.35,31.34,31.34,100547.0
2015-11-27 14:45:00,31.35,31.36,31.35,31.35,95461.0
2015-11-27 15:00:00,31.35,31.35,31.35,31.35,80666.0
2015-11-27 15:15:00,31.37,31.37,31.37,31.37,76482.0
2015-11-27 15:30:00,31.38,31.38,31.38,31.38,93070.0
2015-11-27 15:45:00,31.39,31.39,31.39,31.39,98175.0
2015-11-30 09:30:00,31.42,31.42,31.42,31.42,339557.0
2015-11-30 09:45:00,31.42,31.42,31.42,31.42,235805.0
2015-11-30 10:00:00,31.44,31.44,31.44,31.44,389807.0
2015-11-30 10:15:00,31.46,31.46,31.46,31.46,300000.0
2015-11-30 10:30:00,31.47,31.47,31.47,31.47,265251.0
2015-11-30 10:45:00,31.48,31.48,31.48,31.48,305394.0
2015-11-30 11:00:00,31.49,31.49,31.49,31.49,311123.0
2015-11-30 11:15:00,31.49,31.5,31.49,31.5,291924.0
2015-11-30 11:30:00,31.52,31.52,31.52,31.52,385987.0
2015-11-30 11:45:00,31.52,31.52,31.52,31.52,305092.0
2015-11-30 12:00:00,31.54,31.55,31.54,31.54,266508.0
2015-11-30 12:15:00,31.54,31.55,31.54,31.55,386393.0
2015-11-30 12:45:00,31.58,31.59,31.58,31.58,339740.0
2015-11-30 13:00:00,31.59,31.59,31.59,31.59,393039.0
2015-11-30 13:15:00,31.6,31.6,31.6,31.6,245297.0
2015-11-30 13:30:00,31.61,31.61,31.61,31.61,247937.0
2015-11-30 13:45:00,31.62,31.62,31.62,31.62,257332.0
2015-11-30 14:00:00,31.64,31.64,31.64,31.64,305105.0
2015-11-30 14:15:00,31.65,31.65,31.65,31.65,394354.0
2015-11-30 14:30:00,31.66,31.66,31.66,31.66,365788.0
2015-11-30 14:45:00,31.67,31.67,31.67,31.67,306982.0
2015-11-30 15:00:00,31.68,31.69,31.68,31.68,342769.0
2015-11-30 15:15:00,31.7,31.7,31.7,31.7,379625.0
2015-11-30 15:30:00,31.7,31.7,31.7,31.7,295346.0
2015-11-30 15:45:00,31.71,31.72,31.71,31.71,363209.0
2015-12-01 09:30:00,31.99,32.0,31.99,31.99,454138.0
2015-12-01 09:45:00,32.02,32.03,32.02,32.02,439791.0
2015-12-01 10:00:00,32.07,32.07,32.06,32.07,465992.0
2015-12-01 10:15:00,32.08,32.09,32.08,32.09,511856.0
2015-12-01 10:30:00,32.11,32.11,32.11,32.11,485786.0
2015-12-01 10:45:00,32.16,32.16,32.16,32.16,360937.0
2015-12-01 11:00:00,32.18,32.18,32.18,32.18,294682.0
2015-12-01 11:15:00,32.24,32.25,32.24,32.24,327793.0
2015-12-01 11:30:00,32.21,32.22,32.21,32.21,389440.0
2015-12-01 11:45:00,32.27,32.27,32.27,32.27,379221.0
2015-12-01 12:00:00,32.3,32.3,32.3,32.3,348640.0
2015-12-01 12:15:00,32.33,32.33,32.33,32.33,387780.0
2015-12-01 12:30:00,32.36,32.36,32.36,32.36,363074.0
2015-12-01 12:45:00,32.39,32.39,32.39,32.39,281747.0
2015-12-01 13:00:00,32.43,32.43,32.43,32.43,316562.0
2015-12-01 13:15:00,32.44,32.44,32.44,32.44,304832.0
2015-12-01 13:30:00,32.5,32.5,32.5,32.5,448200.0
2015-12-01 13:45:00,32.52,32.52,32.52,32.52,406971.0
2015-12-01 14:00:00,32.53,32.54,32.53,32.54,365773.0
2015-12-01 14:15:00,32.56,32.56,32.56,32.56,430241.0
2015-12-01 14:30:00,32.61,32.61,32.6,32.61,406050.0
2015-12-01 14:45:00,32.64,32.64,32.64,32.64,384810.0
2015-12-01 15:00:00,32.67,32.67,32.67,32.67,353911.0
2015-12-01 15:15:00,32.7,32.7,32.7,32.7,497833.0
2015-12-01 15:30:00,32.72,32.72,32.72,32.72,494025.0
2015-12-01 15:45:00,32.75,32.75,32.75,32.75,501881.0
2015-12-02 09:30:00,32.8,32.8,32.8,32.8,214196.0
2015-12-02 09:45:00,32.79,32.79,32.79,32.79,234492.0
2015-12-02 10:00:00,32.76,32.76,32.76,32.76,257056.0
2015-12-02 10:15:00,32.77,32.77,32.77,32.77,244270.0
2015-12-02 10:30:00,32.75,32.75,32.75,32.75,211441.0
2015-12-02 10:45:00,32.73,32.73,32.73,32.73,277810.0
2015-12-02 11:00:00,32.73,32.73,32.73,32.73,213836.0
2015-12-02 11:15:00,32.72,32.72,32.72,32.72,269441.0
2015-12-02 11:30:00,32.71,32.72,32.71,32.71,314294.0
2015-12-02 11:45:00,32.7,32.7,32.7,32.7,250700.0
2015-12-02 12:00:00,32.68,32.68,32.68,32.68,290521.0
2015-12-02 12:15:00,32.66,32.66,32.66,32.66,331979.0
2015-12-02 12:30:00,32.68,32.68,32.68,32.68,367766.0
2015-12-02 12:45:00,32.64,32.64,32.64,32.64,246973.0
2015-12-02 13:00:00,32.63,32.63,32.63,32.63,277116.0
2015-12-02 13:15:00,32.63,32.63,32.63,32.63,208528.0
2015-12-02 13:30:00,32.61,32.61,32.61,32.61,356706.0
2015-12-02 13:45:00,32.6,32.6,32.59,32.6,206653.0
2015-12-02 14:00:00,32.58,32.58,32.58,32.58,348728.0
2015-12-02 14:15:00,32.57,32.57,32.57,32.57,319552.0
2015-12-02 14:30:00,32.54,32.55,32.54,32.55,319334.0
2015-12-02 14:45:00,32.57,32.57,32.56,32.57,359894.0
2015-12-02 15:00:00,32.53,32.54,32.53,32.53,252355.0
2015-12-02 15:15:00,32.52,32.52,32.52,32.52,293714.0
2015-12-02 15:30:00,32.52,32.52,32.52,32.52,199398.0
2015-12-02 15:45:00,32.5,32.5,32.5,32.5,292891.0
2015-12-03 09:30:00,32.75,32.76,32.75,32.75,183429.0
2015-12-03 09:45:00,32.75,32.75,32.75,32.75,182549.0
2015-12-03 10:00:00,32.73,32.73,32.73,32.73,275383.0
2015-12-03 10:15:00,32.72,32.72,32.72,32.72,279074.0
2015-12-03 10:30:00,32.71,32.72,32.71,32.71,238394.0
2015-12-03 10:45:00,32.69,32.69,32.69,32.69,265111.0
2015-12-03 11:00:00,32.68,32.68,32.68,32.68,292930.0
2015-12-03 11:15:00,32.66,32.66,32.66,32.66,286107.0
2015-12-03 11:30:00,32.65,32.65,32.65,32.65,216001.0
2015-12-03 11:45:00,32.63,32.64,32.63,32.63,175782.0
2015-12-03 12:00:00,32.63,32.63,32.62,32.63,182661.0
2015-12-03 12:15:00,32.61,32.61,32.61,32.61,281545.0
2015-12-03 12:30:00,32.6,32.6,32.6,32.6,239445.0
2015-12-03 12:45:00,32.58,32.58,32.57,32.58,208527.0
2015-12-03 13:00:00,32.56,32.57,32.56,32.57,197254.0
2015-12-03 13:15:00,32.56,32.56,32.56,32.56,274879.0
2015-12-03 13:30:00,32.55,32.55,32.55,32.55,301511.0
2015-12-03 13:45:00,32.53,32.53,32.53,32.53,300210.0
2015-12-03 14:00:00,32.53,32.53,32.52,32.53,209995.0
2015-12-03 14:15:00,32.53,32.53,32.53,32.53,227053.0
2015-12-03 14:30:00,32.48,32.48,32.48,32.48,305533.0
2015-12-03 14:45:00,32.48,32.48,32.48,32.48,285649.0
2015-12-03 15:00:00,32.48,32.48,32.47,32.48,272003.0
2015-12-03 15:15:00,32.47,32.47,32.47,32.47,168524.0
2015-12-03 15:30:00,32.44,32.44,32.44,32.44,254816.0
2015-12-03 15:45:00,32.43,32.43,32.43,32.43,218757.0
2015-12-04 09:30:00,32.46,32.46,32.46,32.46,547544.0
2015-12-04 09:45:00,32.48,32.48,32.48,32.48,330507.0
2015-12-04 10:00:00,32.58,32.59,32.58,32.58,390490.0
2015-12-04 10:15:00,32.58,32.58,32.58,32.58,402240.0
2015-12-04 10:30:00,32.65,32.65,32.65,32.65,403966.0
2015-12-04 10:45:00,32.68,32.68,32.68,32.68,420134.0
2015-12-04 11:00:00,32.75,32.75,32.75,32.75,371275.0
2015-12-04 11:15:00,32.78,32.79,32.78,32.78,309482.0
2015-12-04 11:30:00,32.84,32.85,32.84,32.85,484684.0
2015-12-04 11:45:00,32.9,32.91,32.9,32.9,439726.0
2015-12-04 12:00:00,32.96,32.96,32.96,32.96,392985.0
2015-12-04 12:15:00,32.97,32.97,32.96,32.97,525356.0
2015-12-04 12:30:00,33.06,33.06,33.06,33.06,485134.0
2015-12-04 12:45:00,33.11,33.12,33.11,33.11,389479.0
2015-12-04 13:00:00,33.17,33.17,33.17,33.17,416200.0
2015-12-04 13:15:00,33.23,33.23,33.23,33.23,511196.0
2015-12-04 13:45:00,33.33,33.33,33.32,33.33,359414.0
2015-12-04 14:00:00,33.38,33.39,33.38,33.39,394430.0
2015-12-04 14:15:00,33.45,33.45,33.44,33.45,419767.0
2015-12-04 14:30:00,33.5,33.51,33.5,33.5,550423.0
2015-12-04 14:45:00,33.56,33.56,33.56,33.56,553448.0
2015-12-04 15:00:00,33.57,33.58,33.57,33.57,537651.0
2015-12-04 15:15:00,33.64,33.65,33.64,33.64,458494.0
2015-12-04 15:30:00,33.7,33.7,33.7,33.7,356352.0
2015-12-04 15:45:00,33.75,33.75,33.75,33.75,466732.0
2015-12-07 09:30:00,33.73,33.74,33.73,33.74,346730.0
2015-12-07 09:45:00,33.71,33.72,33.71,33.72,403296.0
2015-12-07 10:00:00,33.69,33.69,33.69,33.69,289602.0
2015-12-07 10:15:00,33.66,33.66,33.66,33.66,377924.0
2015-12-07 10:30:00,33.64,33.64,33.64,33.64,363845.0
2015-12-07 10:45:00,33.61,33.61,33.61,33.61,237357.0
2015-12-07 11:00:00,33.6,33.61,33.6,33.6,390903.0
2015-12-07 11:15:00,33.55,33.55,33.55,33.55,323927.0
2015-12-07 11:30:00,33.54,33.54,33.54,33.54,335625.0
2015-12-07 11:45:00,33.5,33.51,33.5,33.5,333593.0
2015-12-07 12:00:00,33.48,33.48,33.48,33.48,270572.0
2015-12-07 12:15:00,33.46,33.46,33.46,33.46,345621.0
2015-12-07 12:30:00,33.46,33.46,33.46,33.46,347107.0
2015-12-07 12:45:00,33.42,33.42,33.42,33.42,382486.0
2015-12-07 13:00:00,33.38,33.39,33.38,33.38,251734.0
2015-12-07 13:15:00,33.35,33.36,33.35,33.35,272276.0
2015-12-07 13:30:00,33.34,33.34,33.34,33.34,395159.0
2015-12-07 13:45:00,33.31,33.31,33.31,33.31,354744.0
2015-12-07 14:00:00,33.29,33.29,33.29,33.29,284633.0
2015-12-07 14:15:00,33.26,33.26,33.26,33.26,339787.0
2015-12-07 14:30:00,33.22,33.22,33.22,33.22,274628.0
2015-12-07 14:45:00,33.22,33.22,33.22,33.22,328846.0
2015-12-07 15:00:00,33.18,33.18,33.18,33.18,403551.0
2015-12-07 15:15:00,33.16,33.16,33.16,33.16,274764.0
2015-12-07 15:30:00,33.14,33.14,33.14,33.14,315597.0
2015-12-07 15:45:00,33.11,33.11,33.11,33.11,236558.0
2015-12-08 09:30:00,32.69,32.7,32.69,32.7,265753.0
2015-12-08 09:45:00,32.74,32.74,32.74,32.74,262892.0
2015-12-08 10:00:00,32.77,32.77,32.77,32.77,277599.0
2015-12-08 10:15:00,32.78,32.79,32.78,32.79,361373.0
2015-12-08 10:30:00,32.83,32.84,32.83,32.83,223498.0
2015-12-08 10:45:00,32.87,32.87,32.87,32.87,232592.0
2015-12-08 11:00:00,32.9,32.9,32.9,32.9,345570.0
2015-12-08 11:30:00,32.98,32.98,32.98,32.98,263458.0
2015-12-08 11:45:00,33.0,33.0,33.0,33.0,374226.0
2015-12-08 12:00:00,33.04,33.05,33.04,33.05,381528.0
2015-12-08 12:15:00,33.11,33.12,33.11,33.12,258027.0
2015-12-08 12:30:00,33.11,33.11,33.1,33.11,230828.0
2015-12-08 12:45:00,33.17,33.17,33.17,33.17,304637.0
2015-12-08 13:15:00,33.22,33.22,33.22,33.22,326777.0
2015-12-08 13:30:00,33.26,33.26,33.26,33.26,280442.0
2015-12-08 13:45:00,33.3,33.31,33.3,33.3,362151.0
2015-12-08 14:00:00,33.33,33.34,33.33,33.34,368484.0
2015-12-08 14:15:00,33.35,33.35,33.35,33.35,286154.0
2015-12-08 14:30:00,33.39,33.39,33.39,33.39,231754.0
2015-12-08 14:45:00,33.43,33.43,33.43,33.43,317949.0
2015-12-08 15:00:00,33.48,33.48,33.47,33.48,242681.0
2015-12-08 15:15:00,33.46,33.46,33.46,33.46,343185.0
2015-12-08 15:45:00,33.56,33.56,33.56,33.56,236437.0
2015-12-09 09:30:00,33.55,33.55,33.55,33.55,361732.0
2015-12-09 09:45:00,33.53,33.54,33.52,33.53,439755.0
2015-12-09 10:00:00,33.49,33.49,33.49,33.49,275280.0
2015-12-09 10:15:00,33.48,33.49,33.48,33.48,368290.0
2015-12-09 10:30:00,33.41,33.42,33.41,33.41,274888.0
2015-12-09 10:45:00,33.39,33.39,33.39,33.39,404618.0
2015-12-09 11:15:00,33.31,33.31,33.31,33.31,357024.0
2015-12-09 11:30:00,33.29,33.29,33.29,33.29,279888.0
2015-12-09 11:45:00,33.23,33.23,33.23,33.23,461700.0
2015-12-09 12:00:00,33.21,33.21,33.21,33.21,277592.0
2015-12-09 12:15:00,33.18,33.18,33.17,33.18,366591.0
2015-12-09 12:30:00,33.16,33.17,33.16,33.17,365339.0
2015-12-09 12:45:00,33.12,33.12,33.11,33.12,442210.0
2015-12-09 13:00:00,33.07,33.07,33.07,33.07,414696.0
2015-12-09 13:15:00,33.02,33.03,33.02,33.02,253737.0
2015-12-09 13:30:00,33.0,33.01,33.0,33.0,392662.0
2015-12-09 13:45:00,32.98,32.98,32.98,32.98,415068.0
2015-12-09 14:00:00,32.98,32.99,32.98,32.98,329830.0
2015-12-09 14:15:00,32.86,32.86,32.86,32.86,410868.0
2015-12-09 14:30:00,32.88,32.88,32.88,32.88,421167.0
2015-12-09 14:45:00,32.84,32.84,32.84,32.84,463575.0
2015-12-09 15:00:00,32.81,32.81,32.81,32.81,425226.0
2015-12-09 15:15:00,32.76,32.77,32.76,32.76,422759.0
2015-12-09 15:30:00,32.75,32.75,32.75,32.75,356954.0
2015-12-09 15:45:00,32.71,32.71,32.71,32.71,417826.0
2015-12-10 09:30:00,32.81,32.81,32.81,32.81,214877.0
2015-12-10 09:45:00,32.82,32.82,32.82,32.82,281466.0
2015-12-10 10:00:00,32.83,32.83,32.83,32.83,208157.0
2015-12-10 10:15:00,32.83,32.83,32.83,32.83,183083.0
2015-12-10 10:30:00,32.84,32.84,32.84,32.84,275693.0
2015-12-10 10:45:00,32.84,32.84,32.84,32.84,240867.0
2015-12-10 11:00:00,32.85,32.85,32.85,32.85,222546.0
2015-12-10 11:15:00,32.85,32.85,32.85,32.85,201803.0
2015-12-10 11:30:00,32.87,32.87,32.87,32.87,164845.0
2015-12-10 11:45:00,32.87,32.87,32.87,32.87,272462.0
2015-12-10 12:00:00,32.87,32.87,32.87,32.87,175193.0
2015-12-10 12:15:00,32.89,32.89,32.89,32.89,220366.0
2015-12-10 12:30:00,32.89,32.89,32.89,32.89,218280.0
2015-12-10 12:45:00,32.9,32.9,32.9,32.9,218196.0
2015-12-10 13:00:00,32.9,32.9,32.9,32.9,274560.0
2015-12-10 13:15:00,32.91,32.91,32.91,32.91,287418.0
2015-12-10 13:30:00,32.92,32.92,32.92,32.92,215868.0
2015-12-10 13:45:00,32.93,32.94,32.93,32.93,224491.0
2015-12-10 14:00:00,32.93,32.93,32.93,32.93,262003.0
2015-12-10 14:15:00,32.95,32.95,32.95,32.95,294082.0
2015-12-10 14:30:00,32.95,32.95,32.95,32.95,165872.0
2015-12-10 14:45:00,32.95,32.95,32.95,32.95,196115.0
2015-12-10 15:00:00,32.96,32.96,32.96,32.96,208243.0
2015-12-10 15:15:00,32.97,32.98,32.97,32.97,228708.0
2015-12-10 15:30:00,32.97,32.97,32.97,32.97,213881.0
2015-12-11 09:30:00,32.65,32.65,32.65,32.65,216669.0
2015-12-11 09:45:00,32.64,32.64,32.64,32.64,247341.0
2015-12-11 10:00:00,32.63,32.63,32.63,32.63,207385.0
2015-12-11 10:15:00,32.63,32.63,32.63,32.63,270310.0
2015-12-11 10:30:00,32.62,32.63,32.62,32.63,178594.0
2015-12-11 10:45:00,32.61,32.61,32.61,32.61,222812.0
2015-12-11 11:00:00,32.61,32.61,32.61,32.61,236196.0
2015-12-11 11:30:00,32.6,32.6,32.6,32.6,241355.0
2015-12-11 11:45:00,32.59,32.59,32.59,32.59,154264.0
2015-12-11 12:00:00,32.59,32.59,32.59,32.59,188455.0
2015-12-11 12:15:00,32.59,32.59,32.58,32.59,214085.0
2015-12-11 12:30:00,32.57,32.57,32.57,32.57,268752.0
2015-12-11 12:45:00,32.57,32.57,32.57,32.57,223760.0
2015-12-11 13:00:00,32.56,32.56,32.55,32.56,237352.0
2015-12-11 13:15:00,32.55,32.55,32.55,32.55,162589.0
2015-12-11 13:30:00,32.55,32.55,32.55,32.55,153799.0
2015-12-11 13:45:00,32.54,32.54,32.54,32.54,242501.0
2015-12-11 14:00:00,32.54,32.54,32.54,32.54,227087.0
2015-12-11 14:15:00,32.53,32.53,32.53,32.53,238289.0
2015-12-11 14:30:00,32.52,32.52,32.52,32.52,266198.0
2015-12-11 14:45:00,32.53,32.53,32.53,32.53,185837.0
2015-12-11 15:00:00,32.51,32.51,32.51,32.51,202981.0
2015-12-11 15:15:00,32.5,32.5,32.5,32.5,192086.0
2015-12-11 15:30:00,32.5,32.5,32.5,32.5,233374.0
2015-12-11 15:45:00,32.49,32.49,32.49,32.49,203677.0
2015-12-14 09:30:00,32.52,32.52,32.52,32.52,336890.0
2015-12-14 09:45:00,32.52,32.52,32.52,32.52,196930.0
2015-12-14 10:00:00,32.52,32.53,32.52,32.53,212529.0
2015-12-14 10:15:00,32.52,32.52,32.52,32.52,255174.0
2015-12-14 10:30:00,32.53,32.53,32.53,32.53,219898.0
2015-12-14 10:45:00,32.54,32.54,32.54,32.54,219839.0
2015-12-14 11:00:00,32.53,32.53,32.53,32.53,333060.0
2015-12-14 11:15:00,32.54,32.54,32.54,32.54,317512.0
2015-12-14 11:30:00,32.53,32.53,32.53,32.53,202771.0
2015-12-14 11:45:00,32.53,32.53,32.52,32.53,291970.0
2015-12-14 12:00:00,32.55,32.55,32.55,32.55,320631.0
2015-12-14 12:15:00,32.54,32.54,32.54,32.54,258612.0
2015-12-14 12:30:00,32.55,32.56,32.55,32.55,335700.0
2015-12-14 12:45:00,32.55,32.55,32.55,32.55,219034.0
2015-12-14 13:00:00,32.55,32.55,32.55,32.55,319593.0
2015-12-14 13:15:00,32.55,32.55,32.55,32.55,311865.0
2015-12-14 13:30:00,32.54,32.55,32.54,32.54,211869.0
2015-12-14 13:45:00,32.55,32.55,32.55,32.55,195298.0
2015-12-14 14:00:00,32.56,32.56,32.56,32.56,302045.0
2015-12-14 14:15:00,32.55,32.55,32.55,32.55,202601.0
2015-12-14 14:30:00,32.55,32.55,32.55,32.55,273096.0
2015-12-14 14:45:00,32.56,32.56,32.56,32.56,189328.0
2015-12-14 15:00:00,32.55,32.55,32.54,32.55,274505.0
2015-12-14 15:15:00,32.56,32.56,32.56,32.56,340852.0
2015-12-14 15:30:00,32.56,32.57,32.56,32.57,198097.0
2015-12-14 15:45:00,32.57,32.57,32.57,32.57,318155.0
2015-12-15 09:30:00,32.94,32.94,32.94,32.94,208602.0
2015-12-15 09:45:00,32.94,32.94,32.94,32.94,308781.0
2015-12-15 10:00:00,32.94,32.94,32.94,32.94,377558.0
2015-12-15 10:15:00,32.95,32.95,32.95,32.95,223340.0
2015-12-15 10:30:00,32.95,32.95,32.95,32.95,266563.0
2015-12-15 10:45:00,32.94,32.94,32.94,32.94,288011.0
2015-12-15 11:00:00,32.95,32.95,32.95,32.95,342567.0
2015-12-15 11:15:00,32.95,32.95,32.95,32.95,375407.0
2015-12-15 11:30:00,32.96,32.96,32.96,32.96,258321.0
2015-12-15 11:45:00,32.93,32.94,32.93,32.93,229549.0
2015-12-15 12:00:00,32.96,32.96,32.96,32.96,316815.0
2015-12-15 12:15:00,32.96,32.96,32.95,32.96,294098.0
2015-12-15 12:30:00,32.95,32.96,32.95,32.96,324646.0
2015-12-15 12:45:00,32.97,32.97,32.97,32.97,261187.0
2015-12-15 13:00:00,32.95,32.95,32.95,32.95,256335.0
2015-12-15 13:15:00,32.96,32.96,32.96,32.96,275670.0
2015-12-15 13:30:00,32.96,32.96,32.96,32.96,212170.0
2015-12-15 13:45:00,32.96,32.96,32.96,32.96,223901.0
2015-12-15 14:00:00,32.96,32.96,32.96,32.96,277128.0
2015-12-15 14:15:00,32.96,32.96,32.95,32.96,338584.0
2015-12-15 14:30:00,32.96,32.96,32.96,32.96,381442.0
2015-12-15 14:45:00,32.96,32.96,32.96,32.96,383799.0
2015-12-15 15:00:00,32.97,32.97,32.96,32.97,250312.0
2015-12-15 15:15:00,32.95,32.95,32.95,32.95,296965.0
2015-12-15 15:30:00,32.96,32.96,32.96,32.96,308015.0
2015-12-15 15:45:00,32.97,32.97,32.97,32.97,335077.0
2015-12-16 09:30:00,33.04,33.04,33.04,33.04,189564.0
2015-12-16 09:45:00,33.05,33.05,33.05,33.05,261411.0
2015-12-16 10:00:00,33.05,33.05,33.05,33.05,174792.0
2015-12-16 10:15:00,33.06,33.06,33.06,33.06,164689.0
2015-12-16 10:45:00,33.07,33.07,33.06,33.07,209753.0
2015-12-16 11:00:00,33.07,33.07,33.07,33.07,231798.0
2015-12-16 11:15:00,33.08,33.08,33.08,33.08,262017.0
2015-12-16 11:30:00,33.09,33.09,33.08,33.09,163455.0
2015-12-16 11:45:00,33.09,33.09,33.09,33.09,257601.0
2015-12-16 12:00:00,33.1,33.1,33.1,33.1,167060.0
2015-12-16 12:15:00,33.11,33.11,33.11,33.11,181037.0
2015-12-16 12:30:00,33.1,33.1,33.1,33.1,178839.0
2015-12-16 12:45:00,33.11,33.11,33.11,33.11,185000.0
2015-12-16 13:15:00,33.12,33.12,33.12,33.12,214576.0
2015-12-16 13:30:00,33.12,33.12,33.12,33.12,254622.0
2015-12-16 13:45:00,33.13,33.13,33.13,33.13,270166.0
2015-12-16 14:00:00,33.13,33.13,33.13,33.13,255158.0
2015-12-16 14:15:00,33.13,33.14,33.13,33.13,257940.0
2015-12-16 14:30:00,33.14,33.14,33.14,33.14,242056.0
2015-12-16 14:45:00,33.15,33.15,33.15,33.15,229729.0
2015-12-16 15:00:00,33.16,33.16,33.16,33.16,224113.0
2015-12-16 15:15:00,33.16,33.16,33.16,33.16,213817.0
2015-12-16 15:30:00,33.16,33.16,33.16,33.16,278850.0
2015-12-16 15:45:00,33.17,33.17,33.17,33.17,294146.0
2015-12-17 09:30:00,33.23,33.23,33.23,33.23,280337.0
2015-12-17 09:45:00,33.2,33.2,33.2,33.2,230944.0
2015-12-17 10:00:00,33.16,33.17,33.16,33.16,225807.0
2015-12-17 10:15:00,33.15,33.15,33.15,33.15,295089.0
2015-12-17 10:30:00,33.13,33.13,33.12,33.13,268231.0
2015-12-17 10:45:00,33.12,33.13,33.12,33.13,300122.0
2015-12-17 11:00:00,33.08,33.08,33.08,33.08,211146.0
2015-12-17 11:15:00,33.06,33.06,33.06,33.06,189303.0
2015-12-17 11:30:00,33.05,33.05,33.05,33.05,192397.0
2015-12-17 12:00:00,33.0,33.0,33.0,33.0,182780.0
2015-12-17 12:15:00,32.98,32.98,32.98,32.98,230915.0
2015-12-17 12:30:00,32.96,32.96,32.96,32.96,171327.0
2015-12-17 12:45:00,32.94,32.94,32.94,32.94,171248.0
2015-12-17 13:00:00,32.92,32.92,32.92,32.92,219827.0
2015-12-17 13:15:00,32.89,32.9,32.89,32.9,240520.0
2015-12-17 13:30:00,32.87,32.87,32.87,32.87,311715.0
2015-12-17 13:45:00,32.85,32.85,32.85,32.85,231292.0
2015-12-17 14:00:00,32.83,32.83,32.83,32.83,190355.0
2015-12-17 14:15:00,32.8,32.8,32.8,32.8,241272.0
2015-12-17 14:30:00,32.77,32.77,32.77,32.77,290403.0
2015-12-17 14:45:00,32.74,32.74,32.74,32.74,233700.0
2015-12-17 15:00:00,32.73,32.73,32.73,32.73,305663.0
2015-12-17 15:15:00,32.71,32.71,32.71,32.71,211933.0
2015-12-17 15:30:00,32.69,32.69,32.69,32.69,288628.0
2015-12-17 15:45:00,32.67,32.67,32.67,32.67,171431.0
2015-12-18 09:30:00,32.44,32.45,32.44,32.45,279335.0
2015-12-18 09:45:00,32.43,32.44,32.43,32.43,429564.0
2015-12-18 10:00:00,32.4,32.4,32.4,32.4,305854.0
2015-12-18 10:15:00,32.39,32.39,32.39,32.39,455326.0
2015-12-18 10:30:00,32.39,32.39,32.39,32.39,274674.0
2015-12-18 10:45:00,32.38,32.38,32.38,32.38,417283.0
2015-12-18 11:00:00,32.37,32.37,32.37,32.37,279568.0
2015-12-18 11:15:00,32.35,32.36,32.35,32.35,451275.0
2015-12-18 11:30:00,32.35,32.35,32.35,32.35,314232.0
2015-12-18 11:45:00,32.33,32.33,32.33,32.33,493711.0
2015-12-18 12:00:00,32.32,32.33,32.32,32.33,322684.0
2015-12-18 12:15:00,32.31,32.31,32.31,32.31,391917.0
2015-12-18 12:30:00,32.28,32.29,32.28,32.28,337357.0
2015-12-18 12:45:00,32.28,32.28,32.28,32.28,458850.0
2015-12-18 13:00:00,32.27,32.27,32.27,32.27,303197.0
2015-12-18 13:15:00,32.27,32.27,32.27,32.27,422958.0
2015-12-18 13:30:00,32.25,32.25,32.25,32.25,435534.0
2015-12-18 13:45:00,32.25,32.25,32.25,32.25,328042.0
2015-12-18 14:00:00,32.26,32.26,32.26,32.26,355958.0
2015-12-18 14:15:00,32.23,32.23,32.22,32.23,303066.0
2015-12-18 14:30:00,32.2,32.2,32.2,32.2,297906.0
2015-12-18 14:45:00,32.19,32.19,32.19,32.19,399942.0
2015-12-18 15:00:00,32.18,32.18,32.18,32.18,352007.0
2015-12-18 15:15:00,32.16,32.16,32.16,32.16,395011.0
2015-12-18 15:30:00,32.15,32.15,32.15,32.15,287616.0
2015-12-18 15:45:00,32.12,32.13,32.12,32.13,344520.0
2015-12-21 09:30:00,32.48,32.48,32.48,32.48,346415.0
2015-12-21 09:45:00,32.51,32.51,32.51,32.51,346900.0
2015-12-21 10:00:00,32.53,32.53,32.53,32.53,198636.0
2015-12-21 10:15:00,32.54,32.54,32.54,32.54,266284.0
2015-12-21 10:30:00,32.55,32.55,32.55,32.55,265416.0
2015-12-21 10:45:00,32.57,32.57,32.57,32.57,266010.0
2015-12-21 11:00:00,32.58,32.58,32.58,32.58,225668.0
2015-12-21 11:15:00,32.6,32.6,32.6,32.6,305621.0
2015-12-21 11:30:00,32.62,32.63,32.62,32.63,323082.0
2015-12-21 11:45:00,32.65,32.65,32.64,32.65,352370.0
2015-12-21 12:00:00,32.65,32.65,32.65,32.65,219700.0
2015-12-21 12:15:00,32.67,32.67,32.67,32.67,193069.0
2015-12-21 12:30:00,32.67,32.67,32.67,32.67,239460.0
2015-12-21 12:45:00,32.72,32.73,32.72,32.73,240871.0
2015-12-21 13:00:00,32.72,32.72,32.72,32.72,235016.0
2015-12-21 13:15:00,32.72,32.72,32.71,32.72,329071.0
2015-12-21 13:30:00,32.75,32.76,32.75,32.76,225033.0
2015-12-21 13:45:00,32.77,32.77,32.77,32.77,214651.0
2015-12-21 14:00:00,32.78,32.78,32.78,32.78,203841.0
2015-12-21 14:15:00,32.81,32.81,32.8,32.81,265373.0
2015-12-21 14:30:00,32.82,32.83,32.82,32.83,216569.0
2015-12-21 14:45:00,32.83,32.83,32.83,32.83,302670.0
2015-12-21 15:00:00,32.85,32.85,32.85,32.85,265212.0
2015-12-21 15:15:00,32.86,32.86,32.86,32.86,232209.0
2015-12-21 15:30:00,32.88,32.88,32.88,32.88,341956.0
2015-12-21 15:45:00,32.91,32.91,32.91,32.91,262135.0
2015-12-22 09:30:00,33.0,33.0,33.0,33.0,136699.0
2015-12-22 09:45:00,32.99,32.99,32.99,32.99,126963.0
2015-12-22 10:00:00,33.0,33.0,33.0,33.0,90771.0
2015-12-22 10:15:00,33.0,33.01,33.0,33.0,127027.0
2015-12-22 10:30:00,32.99,32.99,32.99,32.99,149600.0
2015-12-22 10:45:00,32.99,32.99,32.99,32.99,98424.0
2015-12-22 11:00:00,32.98,32.98,32.98,32.98,128702.0
2015-12-22 11:15:00,32.98,32.98,32.98,32.98,138866.0
2015-12-22 11:30:00,32.97,32.97,32.97,32.97,109059.0
2015-12-22 11:45:00,32.98,32.98,32.98,32.98,91621.0
2015-12-22 12:00:00,32.97,32.97,32.97,32.97,105532.0
2015-12-22 12:15:00,32.97,32.97,32.97,32.97,88192.0
2015-12-22 12:30:00,32.96,32.96,32.96,32.96,138903.0
2015-12-22 12:45:00,32.97,32.97,32.97,32.97,101430.0
2015-12-22 13:00:00,32.97,32.98,32.97,32.97,106694.0
2015-12-22 13:15:00,32.96,32.96,32.96,32.96,145773.0
2015-12-22 13:30:00,32.95,32.95,32.95,32.95,156105.0
2015-12-22 13:45:00,32.95,32.95,32.95,32.95,129099.0
2015-12-22 14:00:00,32.95,32.95,32.95,32.95,89186.0
2015-12-22 14:15:00,32.95,32.95,32.95,32.95,135617.0
2015-12-22 14:45:00,32.93,32.94,32.93,32.93,94665.0
2015-12-22 15:00:00,32.94,32.94,32.94,32.94,101096.0
2015-12-22 15:15:00,32.94,32.94,32.94,32.94,130726.0
2015-12-22 15:30:00,32.93,32.94,32.93,32.94,133586.0
2015-12-22 15:45:00,32.93,32.93,32.93,32.93,125734.0
2015-12-23 09:30:00,32.98,32.98,32.98,32.98,118303.0
2015-12-23 09:45:00,32.98,32.98,32.98,32.98,148447.0
2015-12-23 10:00:00,32.99,32.99,32.99,32.99,131540.0
2015-12-23 10:15:00,32.99,32.99,32.99,32.99,82884.0
2015-12-23 10:30:00,32.99,32.99,32.99,32.99,112247.0
2015-12-23 10:45:00,33.0,33.0,33.0,33.0,115588.0
2015-12-23 11:00:00,33.0,33.0,33.0,33.0,140139.0
2015-12-23 11:15:00,33.0,33.0,33.0,33.0,153076.0
2015-12-23 11:30:00,33.01,33.01,33.01,33.01,128903.0
2015-12-23 11:45:00,33.0,33.01,33.0,33.0,104293.0
2015-12-23 12:00:00,33.01,33.01,33.01,33.01,100402.0
2015-12-23 12:15:00,33.01,33.01,33.01,33.01,128594.0
2015-12-23 12:30:00,33.02,33.02,33.02,33.02,86109.0
2015-12-23 12:45:00,33.02,33.02,33.02,33.02,89934.0
2015-12-23 13:00:00,33.02,33.02,33.02,33.02,145026.0
2015-12-23 13:15:00,33.03,33.03,33.03,33.03,151509.0
2015-12-23 13:30:00,33.03,33.03,33.03,33.03,101846.0
2015-12-23 13:45:00,33.03,33.03,33.03,33.03,113842.0
2015-12-23 14:00:00,33.04,33.04,33.04,33.04,84968.0
2015-12-23 14:15:00,33.04,33.04,33.04,33.04,124000.0
2015-12-23 14:30:00,33.04,33.04,33.04,33.04,115691.0
2015-12-23 14:45:00,33.05,33.05,33.05,33.05,107967.0
2015-12-23 15:00:00,33.05,33.05,33.05,33.05,92445.0
2015-12-23 15:15:00,33.05,33.05,33.05,33.05,127631.0
2015-12-23 15:30:00,33.06,33.06,33.06,33.06,94545.0
2015-12-23 15:45:00,33.06,33.06,33.06,33.06,146457.0
2015-12-24 09:30:00,32.96,32.96,32.96,32.96,43723.0
2015-12-24 09:45:00,32.97,32.97,32.97,32.97,60120.0
2015-12-24 10:00:00,32.98,32.98,32.98,32.98,46435.0
2015-12-24 10:15:00,32.99,32.99,32.99,32.99,39119.0
2015-12-24 10:30:00,32.99,32.99,32.99,32.99,35691.0
2015-12-24 10:45:00,33.0,33.0,33.0,33.0,58230.0
2015-12-24 11:00:00,33.01,33.01,33.01,33.01,51600.0
2015-12-24 11:15:00,33.01,33.01,33.01,33.01,51358.0
2015-12-24 11:30:00,33.03,33.03,33.03,33.03,62126.0
2015-12-24 11:45:00,33.04,33.04,33.04,33.04,64771.0
2015-12-24 12:00:00,33.04,33.04,33.04,33.04,51862.0
2015-12-24 12:15:00,33.05,33.05,33.05,33.05,37644.0
2015-12-24 12:30:00,33.06,33.06,33.06,33.06,56135.0
2015-12-24 12:45:00,33.06,33.06,33.06,33.06,35582.0
2015-12-24 13:00:00,33.07,33.08,33.07,33.08,63941.0
2015-12-24 13:15:00,33.08,33.08,33.08,33.08,50704.0
2015-12-24 13:30:00,33.08,33.08,33.08,33.08,45979.0
2015-12-24 13:45:00,33.11,33.11,33.11,33.11,36451.0
2015-12-24 14:00:00,33.11,33.11,33.11,33.11,58057.0
2015-12-24 14:15:00,33.12,33.12,33.12,33.12,37831.0
2015-12-24 14:30:00,33.13,33.13,33.12,33.13,54006.0
2015-12-24 14:45:00,33.13,33.13,33.13,33.13,52977.0
2015-12-24 15:00:00,33.15,33.15,33.15,33.15,60103.0
2015-12-24 15:15:00,33.16,33.16,33.16,33.16,38568.0
2015-12-24 15:30:00,33.16,33.16,33.16,33.16,52264.0
2015-12-24 15:45:00,33.17,33.17,33.17,33.17,47067.0
2015-12-28 09:30:00,32.81,32.81,32.81,32.81,141363.0
2015-12-28 09:45:00,32.84,32.84,32.84,32.84,174183.0
2015-12-28 10:00:00,32.83,32.84,32.83,32.84,107690.0
2015-12-28 10:15:00,32.86,32.86,32.86,32.86,108365.0
2015-12-28 10:30:00,32.85,32.85,32.85,32.85,98030.0
2015-12-28 10:45:00,32.88,32.88,32.88,32.88,135625.0
2015-12-28 11:00:00,32.9,32.9,32.9,32.9,177061.0
2015-12-28 11:15:00,32.91,32.91,32.91,32.91,152073.0
2015-12-28 11:30:00,32.92,32.92,32.92,32.92,101475.0
2015-12-28 11:45:00,32.94,32.94,32.94,32.94,158023.0
2015-12-28 12:00:00,32.94,32.95,32.94,32.94,104529.0
2015-12-28 12:15:00,32.96,32.97,32.96,32.97,168650.0
2015-12-28 12:30:00,32.96,32.96,32.96,32.96,152730.0
2015-12-28 12:45:00,32.97,32.97,32.97,32.97,107736.0
2015-12-28 13:00:00,33.0,33.0,33.0,33.0,152737.0
2015-12-28 13:15:00,33.01,33.01,33.01,33.01,111304.0
2015-12-28 13:30:00,33.02,33.02,33.02,33.02,156284.0
2015-12-28 13:45:00,33.04,33.04,33.04,33.04,127994.0
2015-12-28 14:15:00,33.07,33.07,33.06,33.07,103875.0
2015-12-28 14:30:00,33.08,33.08,33.07,33.08,157486.0
2015-12-28 14:45:00,33.08,33.08,33.08,33.08,164641.0
2015-12-28 15:00:00,33.08,33.08,33.08,33.08,127697.0
2015-12-28 15:15:00,33.12,33.12,33.12,33.12,107469.0
2015-12-28 15:30:00,33.12,33.12,33.12,33.12,95687.0
2015-12-28 15:45:00,33.14,33.14,33.14,33.14,156480.0
2015-12-29 09:30:00,33.16,33.16,33.16,33.16,239705.0
2015-12-29 09:45:00,33.19,33.2,33.19,33.19,200544.0
2015-12-29 10:00:00,33.19,33.19,33.19,33.19,200401.0
2015-12-29 10:15:00,33.23,33.23,33.23,33.23,152908.0
2015-12-29 10:30:00,33.24,33.24,33.24,33.24,147738.0
2015-12-29 10:45:00,33.26,33.26,33.26,33.26,157335.0
2015-12-29 11:00:00,33.28,33.28,33.28,33.28,140056.0
2015-12-29 11:15:00,33.31,33.31,33.31,33.31,201241.0
2015-12-29 11:30:00,33.33,33.33,33.33,33.33,208216.0
2015-12-29 11:45:00,33.34,33.34,33.34,33.34,175005.0
2015-12-29 12:00:00,33.37,33.37,33.37,33.37,138353.0
2015-12-29 12:15:00,33.39,33.39,33.38,33.38,147432.0
2015-12-29 12:30:00,33.41,33.41,33.41,33.41,180920.0
2015-12-29 12:45:00,33.44,33.45,33.44,33.45,203715.0
2015-12-29 13:00:00,33.45,33.46,33.45,33.45,223145.0
2015-12-29 13:15:00,33.47,33.48,33.47,33.47,168588.0
2015-12-29 13:30:00,33.5,33.5,33.5,33.5,213810.0
2015-12-29 14:00:00,33.53,33.53,33.53,33.53,237112.0
2015-12-29 14:15:00,33.54,33.54,33.54,33.54,224162.0
2015-12-29 14:30:00,33.59,33.59,33.59,33.59,236418.0
2015-12-29 14:45:00,33.59,33.59,33.59,33.59,149259.0
2015-12-29 15:00:00,33.61,33.61,33.61,33.61,166931.0
2015-12-29 15:15:00,33.64,33.64,33.64,33.64,144106.0
2015-12-29 15:30:00,33.66,33.66,33.66,33.66,225267.0
2015-12-29 15:45:00,33.67,33.67,33.67,33.67,186161.0
2015-12-30 09:45:00,33.64,33.64,33.64,33.64,159269.0
2015-12-30 10:00:00,33.63,33.63,33.63,33.63,168391.0
2015-12-30 10:15:00,33.62,33.62,33.62,33.62,220539.0
2015-12-30 10:30:00,33.63,33.63,33.63,33.63,174215.0
2015-12-30 10:45:00,33.6,33.6,33.6,33.6,141850.0
2015-12-30 11:00:00,33.59,33.59,33.59,33.59,178237.0
2015-12-30 11:15:00,33.58,33.58,33.58,33.58,189269.0
2015-12-30 11:30:00,33.57,33.57,33.57,33.57,202863.0
2015-12-30 11:45:00,33.55,33.55,33.55,33.55,211126.0
2015-12-30 12:00:00,33.54,33.54,33.54,33.54,138891.0
2015-12-30 12:15:00,33.53,33.53,33.53,33.53,155327.0
2015-12-30 12:30:00,33.53,33.53,33.53,33.53,200211.0
2015-12-30 12:45:00,33.51,33.51,33.51,33.51,189619.0
2015-12-30 13:00:00,33.5,33.5,33.5,33.5,175402.0
2015-12-30 13:15:00,33.48,33.49,33.48,33.48,163153.0
2015-12-30 13:30:00,33.48,33.48,33.48,33.48,172710.0
2015-12-30 13:45:00,33.47,33.47,33.47,33.47,142877.0
2015-12-30 14:00:00,33.46,33.46,33.46,33.46,132329.0
2015-12-30 14:15:00,33.45,33.45,33.45,33.45,178838.0
2015-12-30 14:30:00,33.44,33.45,33.44,33.44,209851.0
2015-12-30 14:45:00,33.42,33.43,33.42,33.42,182323.0
2015-12-30 15:00:00,33.42,33.42,33.42,33.42,200448.0
2015-12-30 15:15:00,33.41,33.41,33.41,33.41,161580.0
2015-12-30 15:30:00,33.4,33.4,33.4,33.4,219778.0
2015-12-30 15:45:00,33.41,33.41,33.41,33.41,156599.0
2015-12-31 09:30:00,33.34,33.34,33.33,33.34,155003.0
2015-12-31 09:45:00,33.32,33.32,33.32,33.32,129867.0
2015-12-31 10:00:00,33.31,33.31,33.31,33.31,117929.0
2015-12-31 10:15:00,33.3,33.3,33.3,33.3,125966.0
2015-12-31 10:30:00,33.28,33.28,33.28,33.28,145145.0
2015-12-31 10:45:00,33.26,33.26,33.26,33.26,119237.0
2015-12-31 11:00:00,33.24,33.25,33.24,33.24,154030.0
2015-12-31 11:15:00,33.23,33.23,33.23,33.23,131146.0
2015-12-31 11:30:00,33.22,33.22,33.22,33.22,149500.0
2015-12-31 11:45:00,33.21,33.21,33.21,33.21,115939.0
2015-12-31 12:00:00,33.19,33.2,33.19,33.19,157939.0
2015-12-31 12:15:00,33.16,33.16,33.16,33.16,172491.0
2015-12-31 12:30:00,33.14,33.15,33.14,33.14,157899.0
2015-12-31 12:45:00,33.15,33.15,33.15,33.15,174414.0
2015-12-31 13:00:00,33.14,33.14,33.14,33.14,173033.0
2015-12-31 13:15:00,33.1,33.1,33.1,33.1,160410.0
2015-12-31 13:30:00,33.09,33.09,33.09,33.09,171229.0
2015-12-31 13:45:00,33.08,33.08,33.08,33.08,127366.0
2015-12-31 14:00:00,33.07,33.07,33.07,33.07,139834.0
2015-12-31 14:15:00,33.05,33.05,33.05,33.05,117555.0
2015-12-31 14:30:00,33.04,33.04,33.04,33.04,138489.0
2015-12-31 14:45:00,33.02,33.02,33.02,33.02,155608.0
2015-12-31 15:00:00,33.01,33.01,33.01,33.01,167015.0
2015-12-31 15:15:00,32.98,32.98,32.98,32.98,180782.0
2015-12-31 15:30:00,32.97,32.97,32.97,32.97,151515.0
2015-12-31 15:45:00,32.96,32.96,32.96,32.96,121317.0
2016-01-04 09:30:00,32.29,32.29,32.28,32.29,271243.0
2016-01-04 09:45:00,32.29,32.29,32.29,32.29,377138.0
2016-01-04 10:00:00,32.3,32.3,32.3,32.3,287734.0
2016-01-04 10:15:00,32.3,32.3,32.3,32.3,444904.0
2016-01-04 10:30:00,32.3,32.31,32.3,32.31,255138.0
2016-01-04 10:45:00,32.29,32.29,32.29,32.29,383861.0
2016-01-04 11:00:00,32.31,32.31,32.3,32.31,340319.0
2016-01-04 11:15:00,32.31,32.31,32.31,32.31,358010.0
2016-01-04 11:30:00,32.31,32.31,32.31,32.31,285261.0
2016-01-04 11:45:00,32.32,32.32,32.32,32.32,399246.0
2016-01-04 12:00:00,32.33,32.33,32.33,32.33,334682.0
2016-01-04 12:15:00,32.33,32.33,32.33,32.33,272761.0
2016-01-04 12:30:00,32.32,32.33,32.32,32.32,359054.0
2016-01-04 12:45:00,32.34,32.34,32.34,32.34,347732.0
2016-01-04 13:00:00,32.33,32.33,32.33,32.33,430840.0
2016-01-04 13:15:00,32.34,32.34,32.34,32.34,447357.0
2016-01-04 13:45:00,32.33,32.34,32.33,32.33,411613.0
2016-01-04 14:00:00,32.34,32.34,32.34,32.34,387853.0
2016-01-04 14:15:00,32.37,32.37,32.37,32.37,435083.0
2016-01-04 14:30:00,32.34,32.34,32.34,32.34,345015.0
2016-01-04 14:45:00,32.36,32.36,32.36,32.36,299899.0
2016-01-04 15:00:00,32.36,32.36,32.36,32.36,355497.0
2016-01-04 15:15:00,32.35,32.35,32.35,32.35,327769.0
2016-01-04 15:30:00,32.37,32.37,32.37,32.37,429111.0
2016-01-04 15:45:00,32.37,32.38,32.37,32.37,346084.0
2016-01-05 09:30:00,32.98,32.98,32.98,32.98,440829.0
2016-01-05 09:45:00,32.97,32.97,32.97,32.97,447195.0
2016-01-05 10:00:00,32.97,32.97,32.97,32.97,352836.0
2016-01-05 10:15:00,32.99,33.0,32.99,32.99,599345.0
2016-01-05 10:30:00,32.96,32.96,32.96,32.96,380103.0
2016-01-05 10:45:00,32.96,32.97,32.96,32.96,440807.0
2016-01-05 11:00:00,32.96,32.96,32.96,32.96,506760.0
2016-01-05 11:15:00,32.95,32.95,32.95,32.95,390983.0
2016-01-05 11:30:00,32.95,32.95,32.95,32.95,535274.0
2016-01-05 11:45:00,32.95,32.95,32.95,32.95,400263.0
2016-01-05 12:00:00,32.93,32.94,32.93,32.93,402663.0
2016-01-05 12:30:00,32.94,32.94,32.94,32.94,596191.0
2016-01-05 12:45:00,32.93,32.93,32.93,32.93,445362.0
2016-01-05 13:00:00,32.93,32.93,32.93,32.93,529198.0
2016-01-05 13:15:00,32.93,32.93,32.93,32.93,387962.0
2016-01-05 13:30:00,32.92,32.92,32.92,32.92,570222.0
2016-01-05 13:45:00,32.92,32.92,32.92,32.92,452941.0
2016-01-05 14:00:00,32.92,32.92,32.92,32.92,535694.0
2016-01-05 14:15:00,32.91,32.91,32.91,32.91,499272.0
2016-01-05 14:30:00,32.91,32.91,32.91,32.91,399295.0
2016-01-05 14:45:00,32.89,32.9,32.89,32.89,521421.0
2016-01-05 15:00:00,32.89,32.9,32.89,32.9,343218.0
2016-01-05 15:15:00,32.9,32.9,32.9,32.9,488715.0
2016-01-05 15:30:00,32.91,32.91,32.91,32.91,365979.0
2016-01-05 15:45:00,32.89,32.89,32.89,32.89,512577.0
2016-01-06 09:30:00,32.35,32.35,32.35,32.35,374851.0
2016-01-06 09:45:00,32.32,32.32,32.32,32.32,369685.0
2016-01-06 10:00:00,32.28,32.28,32.28,32.28,350779.0
2016-01-06 10:15:00,32.3,32.3,32.3,32.3,492006.0
2016-01-06 10:30:00,32.21,32.21,32.21,32.21,517793.0
2016-01-06 10:45:00,32.2,32.21,32.2,32.2,396869.0
2016-01-06 11:00:00,32.16,32.16,32.15,32.16,442401.0
2016-01-06 11:30:00,32.08,32.09,32.08,32.09,371791.0
2016-01-06 11:45:00,32.05,32.05,32.05,32.05,516251.0
2016-01-06 12:00:00,32.06,32.07,32.06,32.07,438126.0
2016-01-06 12:15:00,31.98,31.98,31.98,31.98,449449.0
2016-01-06 12:30:00,31.95,31.95,31.95,31.95,449283.0
2016-01-06 12:45:00,31.91,31.92,31.91,31.91,360826.0
2016-01-06 13:00:00,31.91,31.92,31.91,31.91,511769.0
2016-01-06 13:15:00,31.86,31.86,31.85,31.86,541345.0
2016-01-06 13:45:00,31.81,31.82,31.81,31.82,500084.0
2016-01-06 14:00:00,31.75,31.76,31.75,31.75,528955.0
2016-01-06 14:15:00,31.73,31.73,31.73,31.73,381916.0
2016-01-06 14:30:00,31.7,31.7,31.7,31.7,544774.0
2016-01-06 14:45:00,31.68,31.68,31.67,31.68,558252.0
2016-01-06 15:00:00,31.64,31.64,31.64,31.64,380060.0
2016-01-06 15:15:00,31.59,31.59,31.59,31.59,532336.0
2016-01-06 15:30:00,31.57,31.58,31.57,31.57,560837.0
2016-01-07 09:30:00,30.73,30.74,30.73,30.73,513844.0
2016-01-07 09:45:00,30.7,30.71,30.7,30.7,457969.0
2016-01-07 10:00:00,30.71,30.71,30.71,30.71,495345.0
2016-01-07 10:15:00,30.69,30.7,30.69,30.69,662685.0
2016-01-07 10:30:00,30.65,30.65,30.65,30.65,480754.0
2016-01-07 10:45:00,30.66,30.66,30.66,30.66,692407.0
2016-01-07 11:00:00,30.67,30.68,30.67,30.68,801125.0
2016-01-07 11:15:00,30.63,30.64,30.63,30.63,715512.0
2016-01-07 11:30:00,30.59,30.59,30.59,30.59,445568.0
2016-01-07 11:45:00,30.59,30.59,30.59,30.59,619153.0
2016-01-07 12:00:00,30.56,30.56,30.56,30.56,554964.0
2016-01-07 12:15:00,30.54,30.54,30.53,30.54,559612.0
2016-01-07 12:30:00,30.54,30.55,30.54,30.54,688272.0
2016-01-07 12:45:00,30.52,30.53,30.52,30.53,439822.0
2016-01-07 13:00:00,30.47,30.48,30.47,30.47,567951.0
2016-01-07 13:15:00,30.47,30.47,30.46,30.47,649086.0
2016-01-07 13:30:00,30.44,30.45,30.44,30.44,756570.0
2016-01-07 13:45:00,30.44,30.44,30.44,30.44,767769.0
2016-01-07 14:00:00,30.41,30.41,30.4,30.41,466435.0
2016-01-07 14:15:00,30.4,30.41,30.4,30.41,499581.0
2016-01-07 14:30:00,30.37,30.37,30.37,30.37,657452.0
2016-01-07 15:00:00,30.34,30.34,30.34,30.34,703627.0
2016-01-07 15:15:00,30.31,30.31,30.31,30.31,597519.0
2016-01-07 15:30:00,30.29,30.3,30.29,30.29,705976.0
2016-01-07 15:45:00,30.27,30.27,30.27,30.27,582699.0
2016-01-08 09:30:00,30.67,30.67,30.67,30.67,274016.0
2016-01-08 09:45:00,30.64,30.64,30.63,30.64,452365.0
2016-01-08 10:00:00,30.59,30.59,30.59,30.59,328049.0
2016-01-08 10:15:00,30.53,30.53,30.53,30.53,377944.0
2016-01-08 10:30:00,30.53,30.53,30.53,30.53,401335.0
2016-01-08 10:45:00,30.48,30.49,30.48,30.48,372448.0
2016-01-08 11:00:00,30.42,30.42,30.42,30.42,409502.0
2016-01-08 11:15:00,30.39,30.39,30.38,30.39,278026.0
2016-01-08 11:30:00,30.31,30.32,30.31,30.32,332280.0
2016-01-08 11:45:00,30.29,30.29,30.29,30.29,355445.0
2016-01-08 12:00:00,30.25,30.25,30.25,30.25,397048.0
2016-01-08 12:15:00,30.21,30.21,30.21,30.21,365096.0
2016-01-08 12:30:00,30.17,30.17,30.16,30.17,354471.0
2016-01-08 12:45:00,30.13,30.13,30.13,30.13,405996.0
2016-01-08 13:00:00,30.08,30.08,30.07,30.08,396593.0
2016-01-08 13:15:00,30.03,30.04,30.03,30.03,453611.0
2016-01-08 13:30:00,30.01,30.02,30.01,30.01,472411.0
2016-01-08 13:45:00,29.97,29.98,29.97,29.98,453641.0
2016-01-08 14:00:00,29.91,29.92,29.91,29.91,353470.0
2016-01-08 14:15:00,29.88,29.88,29.88,29.88,313982.0
2016-01-08 14:30:00,29.85,29.85,29.85,29.85,347102.0
2016-01-08 14:45:00,29.79,29.8,29.79,29.79,395548.0
2016-01-08 15:00:00,29.79,29.79,29.79,29.79,464960.0
2016-01-08 15:15:00,29.68,29.69,29.68,29.69,471501.0
2016-01-08 15:30:00,29.69,29.7,29.69,29.69,339604.0
2016-01-08 15:45:00,29.63,29.63,29.63,29.63,272247.0
2016-01-11 09:30:00,29.66,29.67,29.66,29.66,432481.0
2016-01-11 09:45:00,29.66,29.66,29.66,29.66,504585.0
2016-01-11 10:00:00,29.66,29.67,29.66,29.67,386734.0
2016-01-11 10:15:00,29.66,29.66,29.66,29.66,346705.0
2016-01-11 10:30:00,29.64,29.65,29.64,29.65,412960.0
2016-01-11 10:45:00,29.65,29.65,29.65,29.65,378321.0
2016-01-11 11:15:00,29.65,29.66,29.65,29.66,296642.0
2016-01-11 11:30:00,29.66,29.66,29.66,29.66,450973.0
2016-01-11 11:45:00,29.68,29.69,29.68,29.69,428834.0
2016-01-11 12:00:00,29.66,29.67,29.66,29.66,500305.0
2016-01-11 12:15:00,29.68,29.68,29.68,29.68,473976.0
2016-01-11 12:30:00,29.67,29.67,29.67,29.67,361433.0
2016-01-11 12:45:00,29.66,29.67,29.66,29.67,368256.0
2016-01-11 13:00:00,29.68,29.68,29.67,29.68,416306.0
2016-01-11 13:15:00,29.67,29.67,29.67,29.67,502870.0
2016-01-11 13:30:00,29.69,29.69,29.69,29.69,448170.0
2016-01-11 13:45:00,29.66,29.66,29.66,29.66,495002.0
2016-01-11 14:00:00,29.7,29.7,29.7,29.7,501411.0
2016-01-11 14:15:00,29.67,29.67,29.67,29.67,368878.0
2016-01-11 14:30:00,29.68,29.68,29.68,29.68,303075.0
2016-01-11 14:45:00,29.68,29.68,29.68,29.68,488395.0
2016-01-11 15:00:00,29.68,29.68,29.68,29.68,507976.0
2016-01-11 15:15:00,29.68,29.68,29.68,29.68,450032.0
2016-01-11 15:30:00,29.68,29.69,29.68,29.69,494196.0
2016-01-11 15:45:00,29.68,29.68,29.68,29.68,323693.0
2016-01-12 09:30:00,30.2,30.2,30.2,30.2,461078.0
2016-01-12 09:45:00,30.21,30.21,30.21,30.21,493173.0
2016-01-12 10:00:00,30.2,30.21,30.2,30.21,409718.0
2016-01-12 10:15:00,30.21,30.21,30.21,30.21,503664.0
2016-01-12 10:30:00,30.2,30.2,30.2,30.2,395325.0
2016-01-12 10:45:00,30.2,30.2,30.2,30.2,406402.0
2016-01-12 11:00:00,30.21,30.21,30.21,30.21,439366.0
2016-01-12 11:15:00,30.21,30.21,30.21,30.21,582590.0
2016-01-12 11:30:00,30.2,30.21,30.2,30.2,359450.0
2016-01-12 11:45:00,30.2,30.2,30.2,30.2,353892.0
2016-01-12 12:00:00,30.19,30.19,30.19,30.19,543839.0
2016-01-12 12:15:00,30.2,30.2,30.2,30.2,344890.0
2016-01-12 12:30:00,30.2,30.2,30.2,30.2,375687.0
2016-01-12 12:45:00,30.2,30.2,30.2,30.2,502680.0
2016-01-12 13:00:00,30.2,30.2,30.2,30.2,386865.0
2016-01-12 13:30:00,30.19,30.19,30.19,30.19,419133.0
2016-01-12 13:45:00,30.19,30.19,30.19,30.19,366664.0
2016-01-12 14:00:00,30.19,30.19,30.19,30.19,536613.0
2016-01-12 14:15:00,30.19,30.19,30.19,30.19,507004.0
2016-01-12 14:30:00,30.19,30.19,30.19,30.19,394647.0
2016-01-12 14:45:00,30.19,30.19,30.19,30.19,473848.0
2016-01-12 15:00:00,30.18,30.18,30.18,30.18,516799.0
2016-01-12 15:15:00,30.2,30.2,30.2,30.2,364529.0
2016-01-12 15:30:00,30.18,30.18,30.18,30.18,571914.0
2016-01-12 15:45:00,30.19,30.19,30.19,30.19,576336.0
2016-01-13 09:30:00,30.43,30.44,30.43,30.44,535767.0
2016-01-13 09:45:00,30.38,30.39,30.38,30.38,441181.0
2016-01-13 10:00:00,30.33,30.33,30.33,30.33,325137.0
2016-01-13 10:15:00,30.28,30.28,30.28,30.28,580525.0
2016-01-13 10:30:00,30.23,30.23,30.23,30.23,588797.0
2016-01-13 10:45:00,30.18,30.18,30.18,30.18,421023.0
2016-01-13 11:00:00,30.18,30.18,30.18,30.18,420070.0
2016-01-13 11:15:00,30.09,30.09,30.09,30.09,592513.0
2016-01-13 11:30:00,30.04,30.05,30.04,30.04,490076.0
2016-01-13 11:45:00,30.02,30.03,30.02,30.02,577813.0
2016-01-13 12:00:00,29.95,29.95,29.95,29.95,349371.0
2016-01-13 12:15:00,29.87,29.88,29.87,29.88,453929.0
2016-01-13 12:30:00,29.88,29.88,29.88,29.88,465585.0
2016-01-13 13:15:00,29.77,29.78,29.77,29.78,530286.0
2016-01-13 13:30:00,29.68,29.69,29.68,29.68,568199.0
2016-01-13 13:45:00,29.63,29.63,29.63,29.63,529715.0
2016-01-13 14:00:00,29.59,29.59,29.59,29.59,328310.0
2016-01-13 14:15:00,29.53,29.54,29.53,29.54,580230.0
2016-01-13 14:30:00,29.54,29.54,29.54,29.54,527856.0
2016-01-13 14:45:00,29.42,29.43,29.42,29.43,492944.0
2016-01-13 15:00:00,29.41,29.41,29.41,29.41,338985.0
2016-01-13 15:15:00,29.36,29.36,29.36,29.36,387819.0
2016-01-13 15:30:00,29.29,29.29,29.28,29.28,515013.0
2016-01-13 15:45:00,29.23,29.23,29.23,29.23,427340.0
2016-01-14 09:30:00,28.65,28.66,28.65,28.65,419578.0
2016-01-14 09:45:00,28.67,28.67,28.66,28.66,650502.0
2016-01-14 10:00:00,28.69,28.69,28.69,28.69,554696.0
2016-01-14 10:15:00,28.67,28.67,28.67,28.67,648615.0
2016-01-14 10:30:00,28.69,28.69,28.69,28.69,515394.0
2016-01-14 11:15:00,28.67,28.67,28.67,28.67,625505.0
2016-01-14 11:45:00,28.66,28.66,28.66,28.66,648196.0
2016-01-14 12:00:00,28.64,28.65,28.64,28.64,507833.0
2016-01-14 12:15:00,28.65,28.66,28.65,28.65,546503.0
2016-01-14 12:30:00,28.66,28.67,28.66,28.67,550262.0
2016-01-14 12:45:00,28.68,28.68,28.68,28.68,508059.0
2016-01-14 13:00:00,28.65,28.66,28.65,28.66,600419.0
2016-01-14 13:15:00,28.66,28.67,28.66,28.67,626182.0
2016-01-14 13:30:00,28.67,28.67,28.67,28.67,583082.0
2016-01-14 13:45:00,28.69,28.69,28.69,28.69,415647.0
2016-01-14 14:00:00,28.66,28.66,28.66,28.66,730512.0
2016-01-14 14:15:00,28.67,28.67,28.67,28.67,703806.0
2016-01-14 14:30:00,28.66,28.67,28.66,28.67,436562.0
2016-01-14 14:45:00,28.65,28.65,28.65,28.65,698608.0
2016-01-14 15:00:00,28.67,28.67,28.67,28.67,470704.0
2016-01-14 15:15:00,28.67,28.67,28.67,28.67,513209.0
2016-01-14 15:30:00,28.66,28.66,28.65,28.66,495850.0
2016-01-14 15:45:00,28.66,28.66,28.66,28.66,548038.0
2016-01-15 09:30:00,27.51,27.51,27.51,27.51,839977.0
2016-01-15 09:45:00,27.49,27.49,27.49,27.49,690830.0
2016-01-15 10:00:00,27.49,27.5,27.49,27.5,879908.0
2016-01-15 10:15:00,27.47,27.47,27.47,27.47,980802.0
2016-01-15 10:30:00,27.45,27.45,27.45,27.45,779151.0
2016-01-15 10:45:00,27.42,27.42,27.42,27.42,713959.0
2016-01-15 11:00:00,27.4,27.41,27.4,27.41,604341.0
2016-01-15 11:15:00,27.4,27.4,27.4,27.4,942098.0
2016-01-15 11:30:00,27.39,27.39,27.39,27.39,628634.0
2016-01-15 11:45:00,27.4,27.41,27.4,27.4,693336.0
2016-01-15 12:00:00,27.33,27.34,27.33,27.33,803497.0
2016-01-15 12:15:00,27.32,27.33,27.32,27.32,871918.0
2016-01-15 12:30:00,27.35,27.36,27.35,27.36,798353.0
2016-01-15 12:45:00,27.31,27.32,27.31,27.32,1051371.0
2016-01-15 13:00:00,27.31,27.32,27.31,27.32,606025.0
2016-01-15 13:15:00,27.28,27.28,27.28,27.28,1012877.0
2016-01-15 13:30:00,27.26,27.26,27.26,27.26,691626.0
2016-01-15 13:45:00,27.23,27.24,27.23,27.23,786652.0
2016-01-15 14:45:00,27.17,27.18,27.17,27.18,873264.0
2016-01-15 15:00:00,27.16,27.16,27.16,27.16,1003488.0
2016-01-15 15:15:00,27.14,27.14,27.14,27.14,1036107.0
2016-01-15 15:30:00,27.14,27.15,27.14,27.14,847024.0
2016-01-15 15:45:00,27.1,27.11,27.1,27.1,837057.0
2016-01-19 09:45:00,27.64,27.64,27.64,27.64,549758.0
2016-01-19 10:00:00,27.64,27.64,27.64,27.64,395500.0
2016-01-19 10:15:00,27.67,27.67,27.67,27.67,455961.0
2016-01-19 10:30:00,27.6,27.61,27.6,27.61,389447.0
2016-01-19 10:45:00,27.6,27.6,27.6,27.6,438626.0
2016-01-19 11:00:00,27.6,27.6,27.6,27.6,457612.0
2016-01-19 11:15:00,27.56,27.57,27.56,27.56,322675.0
2016-01-19 11:30:00,27.56,27.56,27.56,27.56,552463.0
2016-01-19 11:45:00,27.56,27.56,27.55,27.56,370257.0
2016-01-19 12:00:00,27.52,27.52,27.52,27.52,406849.0
2016-01-19 12:15:00,27.52,27.52,27.52,27.52,355853.0
2016-01-19 12:30:00,27.5,27.5,27.5,27.5,325049.0
2016-01-19 12:45:00,27.49,27.49,27.49,27.49,381420.0
2016-01-19 13:00:00,27.51,27.51,27.51,27.51,508804.0
2016-01-19 13:15:00,27.46,27.47,27.46,27.46,438700.0
2016-01-19 13:30:00,27.44,27.45,27.44,27.45,454678.0
2016-01-19 13:45:00,27.45,27.45,27.45,27.45,555119.0
2016-01-19 14:15:00,27.4,27.4,27.4,27.4,366856.0
2016-01-19 14:30:00,27.4,27.4,27.4,27.4,566699.0
2016-01-19 14:45:00,27.38,27.39,27.38,27.38,483389.0
2016-01-19 15:00:00,27.37,27.37,27.37,27.37,411029.0
2016-01-19 15:15:00,27.35,27.35,27.35,27.35,337728.0
2016-01-19 15:30:00,27.34,27.35,27.34,27.34,511954.0
2016-01-19 15:45:00,27.31,27.32,27.31,27.32,386627.0
2016-01-20 09:30:00,26.81,26.81,26.81,26.81,464045.0
2016-01-20 09:45:00,26.85,26.85,26.85,26.85,431104.0
2016-01-20 10:00:00,26.86,26.86,26.86,26.86,446089.0
2016-01-20 10:15:00,26.88,26.88,26.88,26.88,519101.0
2016-01-20 10:30:00,26.9,26.91,26.9,26.91,392664.0
2016-01-20 10:45:00,26.93,26.94,26.93,26.93,553176.0
2016-01-20 11:00:00,26.97,26.97,26.97,26.97,562725.0
2016-01-20 11:15:00,26.99,26.99,26.99,26.99,493981.0
2016-01-20 11:30:00,27.06,27.07,27.06,27.06,411986.0
2016-01-20 11:45:00,27.05,27.05,27.05,27.05,487286.0
2016-01-20 12:00:00,27.06,27.06,27.06,27.06,378109.0
2016-01-20 12:15:00,27.14,27.14,27.13,27.14,367042.0
2016-01-20 12:30:00,27.13,27.13,27.13,27.13,403569.0
2016-01-20 12:45:00,27.16,27.17,27.16,27.16,594628.0
2016-01-20 13:00:00,27.16,27.16,27.15,27.16,419055.0
2016-01-20 13:15:00,27.19,27.19,27.18,27.19,571446.0
2016-01-20 13:30:00,27.24,27.24,27.24,27.24,401624.0
2016-01-20 13:45:00,27.23,27.23,27.23,27.23,463151.0
2016-01-20 14:00:00,27.29,27.29,27.29,27.29,469225.0
2016-01-20 14:15:00,27.33,27.33,27.32,27.33,515963.0
2016-01-20 14:30:00,27.32,27.32,27.32,27.32,346288.0
2016-01-20 14:45:00,27.37,27.37,27.37,27.37,438215.0
2016-01-20 15:00:00,27.43,27.44,27.43,27.44,494943.0
2016-01-20 15:15:00,27.43,27.43,27.43,27.43,561966.0
2016-01-20 15:30:00,27.45,27.46,27.45,27.46,341077.0
2016-01-20 15:45:00,27.48,27.48,27.47,27.48,547819.0
2016-01-22 09:30:00,28.33,28.33,28.33,28.33,233164.0
2016-01-22 10:00:00,28.34,28.34,28.34,28.34,173761.0
2016-01-22 10:15:00,28.35,28.35,28.35,28.35,284069.0
2016-01-22 10:45:00,28.35,28.35,28.35,28.35,174634.0
2016-01-22 11:00:00,28.36,28.36,28.36,28.36,262609.0
2016-01-22 11:15:00,28.36,28.37,28.36,28.37,275893.0
2016-01-22 11:30:00,28.37,28.37,28.37,28.37,214924.0
2016-01-22 11:45:00,28.37,28.38,28.37,28.38,187639.0
2016-01-22 12:00:00,28.38,28.38,28.38,28.38,249239.0
2016-01-22 12:15:00,28.38,28.38,28.38,28.38,220530.0
2016-01-22 12:30:00,28.39,28.39,28.39,28.39,294935.0
2016-01-22 12:45:00,28.39,28.39,28.39,28.39,219677.0
2016-01-22 13:00:00,28.4,28.4,28.4,28.4,260616.0
2016-01-22 13:15:00,28.4,28.4,28.4,28.4,199840.0
2016-01-22 13:30:00,28.4,28.4,28.4,28.4,312083.0
2016-01-22 13:45:00,28.41,28.41,28.41,28.41,180803.0
2016-01-22 14:00:00,28.42,28.42,28.42,28.42,234197.0
2016-01-22 14:15:00,28.41,28.41,28.41,28.41,300189.0
2016-01-22 14:30:00,28.43,28.43,28.42,28.43,275975.0
2016-01-22 14:45:00,28.43,28.44,28.43,28.44,185577.0
2016-01-22 15:00:00,28.43,28.43,28.43,28.43,218771.0
2016-01-22 15:15:00,28.44,28.44,28.44,28.44,287649.0
2016-01-22 15:30:00,28.45,28.45,28.45,28.45,251375.0
2016-01-22 15:45:00,28.45,28.45,28.45,28.45,318290.0
2016-01-25 09:30:00,28.44,28.44,28.44,28.44,190374.0
2016-01-25 09:45:00,28.44,28.44,28.44,28.44,329323.0
2016-01-25 10:00:00,28.44,28.44,28.44,28.44,223685.0
2016-01-25 10:30:00,28.44,28.44,28.44,28.44,210221.0
2016-01-25 10:45:00,28.44,28.44,28.44,28.44,325686.0
2016-01-25 11:00:00,28.44,28.44,28.44,28.44,278444.0
2016-01-25 11:15:00,28.44,28.44,28.44,28.44,325743.0
2016-01-25 11:30:00,28.44,28.44,28.44,28.44,296354.0
2016-01-25 11:45:00,28.44,28.44,28.44,28.44,187165.0
2016-01-25 12:00:00,28.43,28.43,28.43,28.43,273072.0
2016-01-25 12:15:00,28.43,28.43,28.43,28.43,278181.0
2016-01-25 12:30:00,28.43,28.43,28.43,28.43,270530.0
2016-01-25 12:45:00,28.42,28.42,28.42,28.42,270014.0
2016-01-25 13:00:00,28.43,28.43,28.43,28.43,240990.0
2016-01-25 13:15:00,28.43,28.43,28.43,28.43,290278.0
2016-01-25 13:30:00,28.42,28.42,28.42,28.42,302566.0
2016-01-25 13:45:00,28.42,28.42,28.42,28.42,189600.0
2016-01-25 14:00:00,28.43,28.43,28.43,28.43,332704.0
2016-01-25 14:15:00,28.43,28.43,28.43,28.43,312101.0
2016-01-25 14:30:00,28.43,28.43,28.43,28.43,216503.0
2016-01-25 14:45:00,28.43,28.43,28.43,28.43,260203.0
2016-01-25 15:00:00,28.42,28.42,28.42,28.42,205001.0
2016-01-25 15:15:00,28.42,28.43,28.42,28.42,243116.0
2016-01-25 15:30:00,28.42,28.42,28.42,28.42,201843.0
2016-01-25 15:45:00,28.41,28.42,28.41,28.41,194120.0
2016-01-26 09:30:00,28.47,28.48,28.47,28.47,217005.0
2016-01-26 09:45:00,28.49,28.49,28.49,28.49,220182.0
2016-01-26 10:00:00,28.5,28.5,28.5,28.5,165542.0
2016-01-26 10:15:00,28.5,28.5,28.5,28.5,203690.0
2016-01-26 10:30:00,28.52,28.53,28.52,28.53,239772.0
2016-01-26 10:45:00,28.53,28.53,28.53,28.53,173985.0
2016-01-26 11:00:00,28.54,28.54,28.54,28.54,199365.0
2016-01-26 11:15:00,28.53,28.53,28.53,28.53,160183.0
2016-01-26 11:30:00,28.56,28.56,28.56,28.56,203408.0
2016-01-26 11:45:00,28.56,28.56,28.55,28.56,201422.0
2016-01-26 12:00:00,28.57,28.57,28.57,28.57,159950.0
2016-01-26 12:15:00,28.58,28.58,28.58,28.58,161863.0
2016-01-26 12:30:00,28.58,28.58,28.58,28.58,229134.0
2016-01-26 12:45:00,28.59,28.59,28.58,28.59,276080.0
2016-01-26 13:00:00,28.6,28.6,28.6,28.6,282571.0
2016-01-26 13:15:00,28.6,28.6,28.6,28.6,163187.0
2016-01-26 13:30:00,28.62,28.62,28.62,28.62,237215.0
2016-01-26 13:45:00,28.63,28.63,28.63,28.63,269068.0
2016-01-26 14:00:00,28.64,28.64,28.64,28.64,277696.0
2016-01-26 14:15:00,28.65,28.65,28.65,28.65,182945.0
2016-01-26 14:30:00,28.65,28.65,28.65,28.65,154177.0
2016-01-26 14:45:00,28.66,28.67,28.66,28.66,270974.0
2016-01-26 15:00:00,28.67,28.67,28.67,28.67,163679.0
2016-01-26 15:15:00,28.68,28.69,28.68,28.69,170996.0
2016-01-26 15:30:00,28.69,28.69,28.69,28.69,188205.0
2016-01-26 15:45:00,28.7,28.7,28.7,28.7,215697.0
2016-01-27 09:30:00,28.66,28.66,28.66,28.66,193184.0
2016-01-27 09:45:00,28.63,28.63,28.63,28.63,170043.0
2016-01-27 10:15:00,28.61,28.62,28.61,28.61,240833.0
2016-01-27 10:30:00,28.61,28.61,28.61,28.61,175953.0
2016-01-27 10:45:00,28.6,28.6,28.6,28.6,199690.0
2016-01-27 11:00:00,28.56,28.57,28.56,28.57,198909.0
2016-01-27 11:15:00,28.57,28.57,28.57,28.57,191835.0
2016-01-27 11:30:00,28.57,28.57,28.57,28.57,159460.0
2016-01-27 11:45:00,28.54,28.55,28.54,28.54,252952.0
2016-01-27 12:00:00,28.55,28.56,28.55,28.55,166324.0
2016-01-27 12:15:00,28.51,28.51,28.51,28.51,189933.0
2016-01-27 12:30:00,28.52,28.52,28.51,28.52,251507.0
2016-01-27 12:45:00,28.51,28.51,28.51,28.51,205379.0
2016-01-27 13:00:00,28.49,28.49,28.49,28.49,275448.0
2016-01-27 13:15:00,28.49,28.49,28.49,28.49,226833.0
2016-01-27 13:30:00,28.48,28.48,28.48,28.48,202113.0
2016-01-27 13:45:00,28.45,28.45,28.45,28.45,164066.0
2016-01-27 14:00:00,28.45,28.45,28.45,28.45,166207.0
2016-01-27 14:15:00,28.41,28.41,28.4,28.41,244415.0
2016-01-27 14:30:00,28.44,28.44,28.44,28.44,204728.0
2016-01-27 14:45:00,28.41,28.41,28.41,28.41,171741.0
2016-01-27 15:00:00,28.41,28.42,28.41,28.41,257200.0
2016-01-27 15:15:00,28.38,28.38,28.38,28.38,174495.0
2016-01-27 15:30:00,28.38,28.39,28.38,28.39,251131.0
2016-01-27 15:45:00,28.36,28.36,28.36,28.36,211464.0
2016-01-28 09:30:00,28.61,28.61,28.61,28.61,276912.0
2016-01-28 09:45:00,28.57,28.57,28.57,28.57,273594.0
2016-01-28 10:00:00,28.55,28.55,28.55,28.55,328765.0
2016-01-28 10:15:00,28.53,28.53,28.53,28.53,216515.0
2016-01-28 10:30:00,28.49,28.49,28.49,28.49,195411.0
2016-01-28 10:45:00,28.49,28.5,28.49,28.49,335635.0
2016-01-28 11:00:00,28.46,28.46,28.46,28.46,195627.0
2016-01-28 11:15:00,28.43,28.43,28.43,28.43,275426.0
2016-01-28 11:30:00,28.43,28.44,28.43,28.44,190317.0
2016-01-28 12:00:00,28.37,28.37,28.37,28.37,341276.0
2016-01-28 12:15:00,28.37,28.37,28.37,28.37,257442.0
2016-01-28 12:30:00,28.33,28.33,28.33,28.33,260881.0
2016-01-28 12:45:00,28.29,28.3,28.29,28.3,244564.0
2016-01-28 13:00:00,28.28,28.29,28.28,28.28,191184.0
2016-01-28 13:15:00,28.26,28.26,28.26,28.26,276380.0
2016-01-28 13:30:00,28.23,28.23,28.23,28.23,259024.0
2016-01-28 14:00:00,28.19,28.19,28.19,28.19,297224.0
2016-01-28 14:15:00,28.22,28.23,28.22,28.22,340598.0
2016-01-28 14:30:00,28.18,28.19,28.17,28.19,292179.0
2016-01-28 14:45:00,28.14,28.14,28.14,28.14,189827.0
2016-01-28 15:00:00,28.14,28.15,28.14,28.14,280658.0
2016-01-28 15:15:00,28.09,28.09,28.09,28.09,193570.0
2016-01-28 15:30:00,28.05,28.06,28.05,28.05,212817.0
2016-01-28 15:45:00,28.08,28.09,28.08,28.09,298407.0
2016-01-29 09:45:00,28.35,28.35,28.34,28.35,387873.0
2016-01-29 10:15:00,28.42,28.42,28.42,28.42,361965.0
2016-01-29 10:30:00,28.46,28.46,28.46,28.46,296413.0
2016-01-29 10:45:00,28.48,28.49,28.48,28.48,274976.0
2016-01-29 11:00:00,28.54,28.54,28.54,28.54,346563.0
2016-01-29 11:15:00,28.56,28.56,28.56,28.56,233177.0
2016-01-29 11:30:00,28.6,28.6,28.59,28.6,223831.0
2016-01-29 11:45:00,28.65,28.66,28.65,28.65,274002.0
2016-01-29 12:00:00,28.69,28.69,28.69,28.69,231439.0
2016-01-29 12:15:00,28.7,28.71,28.7,28.7,324219.0
2016-01-29 12:30:00,28.76,28.76,28.75,28.76,253095.0
2016-01-29 12:45:00,28.82,28.82,28.82,28.82,258128.0
2016-01-29 13:00:00,28.86,28.86,28.86,28.86,387392.0
2016-01-29 13:15:00,28.9,28.9,28.9,28.9,213576.0
2016-01-29 13:30:00,28.92,28.93,28.92,28.92,330561.0
2016-01-29 13:45:00,28.96,28.96,28.96,28.96,321407.0
2016-01-29 14:00:00,29.01,29.01,29.01,29.01,356523.0
2016-01-29 14:15:00,29.05,29.06,29.05,29.06,325130.0
2016-01-29 14:30:00,29.09,29.09,29.09,29.09,342027.0
2016-01-29 15:00:00,29.17,29.17,29.17,29.17,317000.0
2016-01-29 15:15:00,29.22,29.22,29.22,29.22,334953.0
2016-01-29 15:45:00,29.29,29.29,29.28,29.29,259289.0
2016-02-01 09:30:00,29.26,29.27,29.26,29.27,287821.0
2016-02-01 09:45:00,29.27,29.27,29.26,29.27,199295.0
2016-02-01 10:00:00,29.27,29.27,29.27,29.27,299503.0
2016-02-01 10:15:00,29.27,29.27,29.27,29.27,210999.0
2016-02-01 10:30:00,29.27,29.27,29.27,29.27,217763.0
2016-02-01 10:45:00,29.27,29.27,29.27,29.27,298833.0
2016-02-01 11:00:00,29.26,29.27,29.26,29.27,307271.0
2016-02-01 11:15:00,29.27,29.27,29.27,29.27,280523.0
2016-02-01 11:30:00,29.27,29.27,29.26,29.27,248795.0
2016-02-01 11:45:00,29.27,29.27,29.27,29.27,237768.0
2016-02-01 12:00:00,29.26,29.26,29.26,29.26,340129.0
2016-02-01 12:15:00,29.27,29.28,29.27,29.28,295068.0
2016-02-01 12:30:00,29.28,29.28,29.28,29.28,204092.0
2016-02-01 13:00:00,29.28,29.29,29.28,29.28,321682.0
2016-02-01 13:15:00,29.28,29.28,29.28,29.28,234829.0
2016-02-01 13:30:00,29.29,29.3,29.29,29.29,221845.0
2016-02-01 13:45:00,29.3,29.3,29.3,29.3,318902.0
2016-02-01 14:00:00,29.3,29.3,29.3,29.3,349384.0
2016-02-01 14:15:00,29.29,29.29,29.29,29.29,348982.0
2016-02-01 14:30:00,29.29,29.29,29.29,29.29,355138.0
2016-02-01 14:45:00,29.29,29.29,29.29,29.29,204280.0
2016-02-01 15:00:00,29.3,29.3,29.3,29.3,274418.0
2016-02-01 15:15:00,29.3,29.3,29.3,29.3,272945.0
2016-02-01 15:30:00,29.3,29.3,29.3,29.3,231083.0
2016-02-01 15:45:00,29.3,29.3,29.3,29.3,240216.0
2016-02-02 09:30:00,29.0,29.01,29.0,29.0,344877.0
2016-02-02 09:45:00,28.96,28.96,28.96,28.96,289773.0
2016-02-02 10:00:00,28.92,28.93,28.92,28.92,287408.0
2016-02-02 10:15:00,28.93,28.93,28.92,28.92,230880.0
2016-02-02 10:30:00,28.83,28.84,28.83,28.83,342731.0
2016-02-02 10:45:00,28.82,28.82,28.82,28.82,237084.0
2016-02-02 11:00:00,28.78,28.78,28.78,28.78,280858.0
2016-02-02 11:15:00,28.72,28.73,28.72,28.72,318192.0
2016-02-02 11:30:00,28.69,28.69,28.69,28.69,307171.0
2016-02-02 11:45:00,28.66,28.66,28.66,28.66,241130.0
2016-02-02 12:00:00,28.61,28.61,28.61,28.61,355617.0
2016-02-02 12:15:00,28.6,28.6,28.59,28.6,234642.0
2016-02-02 12:30:00,28.55,28.55,28.55,28.55,397280.0
2016-02-02 12:45:00,28.53,28.53,28.53,28.53,404340.0
2016-02-02 13:00:00,28.46,28.47,28.46,28.46,315223.0
2016-02-02 13:15:00,28.44,28.44,28.44,28.44,344751.0
2016-02-02 13:30:00,28.39,28.4,28.39,28.39,413653.0
2016-02-02 13:45:00,28.35,28.36,28.35,28.35,272806.0
2016-02-02 14:00:00,28.34,28.35,28.34,28.35,336891.0
2016-02-02 14:15:00,28.23,28.24,28.23,28.23,307919.0
2016-02-02 14:30:00,28.19,28.2,28.19,28.2,266739.0
2016-02-02 15:15:00,28.16,28.16,28.15,28.16,422671.0
2016-02-02 15:30:00,28.13,28.13,28.13,28.13,411327.0
2016-02-02 15:45:00,28.06,28.06,28.06,28.06,324904.0
2016-02-03 09:30:00,28.27,28.27,28.27,28.27,370783.0
2016-02-03 09:45:00,28.28,28.28,28.28,28.28,387985.0
2016-02-03 10:00:00,28.28,28.28,28.28,28.28,221255.0
2016-02-03 10:15:00,28.25,28.25,28.25,28.25,221444.0
2016-02-03 10:30:00,28.26,28.26,28.26,28.26,366496.0
2016-02-03 10:45:00,28.25,28.25,28.25,28.25,395828.0
2016-02-03 11:00:00,28.26,28.26,28.26,28.26,270233.0
2016-02-03 11:15:00,28.26,28.26,28.26,28.26,352897.0
2016-02-03 11:30:00,28.25,28.25,28.25,28.25,283124.0
2016-02-03 11:45:00,28.26,28.26,28.26,28.26,347001.0
2016-02-03 12:00:00,28.24,28.24,28.24,28.24,368882.0
2016-02-03 12:15:00,28.24,28.24,28.24,28.24,231470.0
2016-02-03 12:30:00,28.25,28.25,28.25,28.25,359513.0
2016-02-03 12:45:00,28.24,28.24,28.24,28.24,333593.0
2016-02-03 13:00:00,28.23,28.24,28.23,28.23,267238.0
2016-02-03 13:15:00,28.22,28.22,28.22,28.22,371156.0
2016-02-03 13:30:00,28.22,28.23,28.22,28.23,280774.0
2016-02-03 13:45:00,28.22,28.23,28.22,28.23,234201.0
2016-02-03 14:00:00,28.2,28.21,28.2,28.21,307553.0
2016-02-03 14:15:00,28.21,28.22,28.21,28.22,264446.0
2016-02-03 14:30:00,28.22,28.22,28.22,28.22,263957.0
2016-02-03 14:45:00,28.21,28.21,28.21,28.21,374131.0
2016-02-03 15:00:00,28.21,28.21,28.21,28.21,290851.0
2016-02-03 15:15:00,28.21,28.21,28.21,28.21,324030.0
2016-02-03 15:30:00,28.2,28.2,28.19,28.19,226246.0
2016-02-03 15:45:00,28.19,28.2,28.19,28.19,386810.0
2016-02-04 09:30:00,28.25,28.25,28.25,28.25,376956.0
2016-02-04 09:45:00,28.25,28.26,28.25,28.25,318302.0
2016-02-04 10:00:00,28.21,28.22,28.21,28.22,402085.0
2016-02-04 10:15:00,28.24,28.24,28.24,28.24,263282.0
2016-02-04 10:30:00,28.24,28.24,28.24,28.24,313668.0
2016-02-04 10:45:00,28.21,28.21,28.21,28.21,413011.0
2016-02-04 11:00:00,28.23,28.23,28.23,28.23,295076.0
2016-02-04 11:15:00,28.23,28.24,28.23,28.23,343021.0
2016-02-04 11:30:00,28.22,28.23,28.22,28.23,333981.0
2016-02-04 11:45:00,28.22,28.23,28.22,28.23,426753.0
2016-02-04 12:00:00,28.23,28.23,28.23,28.23,396826.0
2016-02-04 12:15:00,28.23,28.23,28.23,28.23,244335.0
2016-02-04 12:30:00,28.24,28.24,28.23,28.24,303417.0
2016-02-04 12:45:00,28.23,28.23,28.23,28.23,399974.0
2016-02-04 13:00:00,28.21,28.21,28.21,28.21,275077.0
2016-02-04 13:30:00,28.22,28.22,28.22,28.22,258051.0
2016-02-04 13:45:00,28.22,28.22,28.22,28.22,320120.0
2016-02-04 14:00:00,28.22,28.22,28.22,28.22,304627.0
2016-02-04 14:15:00,28.21,28.21,28.2,28.21,412417.0
2016-02-04 14:30:00,28.22,28.22,28.22,28.22,382047.0
2016-02-04 14:45:00,28.23,28.23,28.22,28.23,426144.0
2016-02-04 15:00:00,28.21,28.22,28.21,28.21,327311.0
2016-02-04 15:15:00,28.2,28.2,28.2,28.2,381463.0
2016-02-04 15:30:00,28.21,28.21,28.21,28.21,236233.0
2016-02-04 15:45:00,28.21,28.21,28.21,28.21,269881.0
2016-02-05 09:30:00,27.98,27.98,27.98,27.98,487361.0
2016-02-05 09:45:00,27.94,27.95,27.94,27.95,506765.0
2016-02-05 10:15:00,27.79,27.8,27.79,27.79,512120.0
2016-02-05 10:30:00,27.76,27.76,27.75,27.76,708844.0
2016-02-05 10:45:00,27.69,27.7,27.69,27.69,622157.0
2016-02-05 11:00:00,27.59,27.59,27.59,27.59,732202.0
2016-02-05 11:15:00,27.57,27.58,27.57,27.57,590594.0
2016-02-05 11:30:00,27.5,27.51,27.5,27.5,455582.0
2016-02-05 11:45:00,27.4,27.41,27.4,27.4,709778.0
2016-02-05 12:00:00,27.36,27.37,27.36,27.37,429738.0
2016-02-05 12:15:00,27.3,27.31,27.3,27.3,486479.0
2016-02-05 12:30:00,27.21,27.22,27.21,27.21,570298.0
2016-02-05 12:45:00,27.18,27.19,27.18,27.18,516324.0
2016-02-05 13:00:00,27.13,27.13,27.13,27.13,643096.0
2016-02-05 13:15:00,27.06,27.06,27.05,27.06,550608.0
2016-02-05 13:30:00,27.02,27.03,27.02,27.02,592441.0
2016-02-05 14:00:00,26.9,26.91,26.9,26.9,582845.0
2016-02-05 14:15:00,26.81,26.81,26.8,26.81,716676.0
2016-02-05 14:30:00,26.75,26.75,26.75,26.75,698057.0
2016-02-05 14:45:00,26.68,26.69,26.68,26.69,411101.0
2016-02-05 15:00:00,26.62,26.62,26.61,26.62,519308.0
2016-02-05 15:15:00,26.56,26.57,26.56,26.56,658852.0
2016-02-05 15:30:00,26.49,26.49,26.48,26.49,722811.0
2016-02-05 15:45:00,26.44,26.45,26.44,26.45,613783.0
2016-02-08 09:30:00,26.06,26.07,26.06,26.06,439831.0
2016-02-08 09:45:00,26.01,26.02,26.01,26.02,692798.0
2016-02-08 10:00:00,25.91,25.92,25.9,25.91,507173.0
2016-02-08 10:15:00,25.95,25.96,25.95,25.96,746261.0
2016-02-08 10:30:00,25.9,25.9,25.9,25.9,517595.0
2016-02-08 10:45:00,25.85,25.86,25.85,25.86,473674.0
2016-02-08 11:00:00,25.83,25.84,25.83,25.83,411415.0
2016-02-08 11:15:00,25.82,25.82,25.82,25.82,594841.0
2016-02-08 11:30:00,25.81,25.82,25.81,25.81,508296.0
2016-02-08 11:45:00,25.74,25.75,25.74,25.74,677131.0
2016-02-08 12:00:00,25.72,25.72,25.72,25.72,570652.0
2016-02-08 12:15:00,25.67,25.68,25.67,25.68,559941.0
2016-02-08 12:30:00,25.63,25.64,25.63,25.63,433547.0
2016-02-08 12:45:00,25.61,25.61,25.61,25.61,664657.0
2016-02-08 13:00:00,25.57,25.57,25.57,25.57,517523.0
2016-02-08 13:15:00,25.54,25.54,25.54,25.54,656685.0
2016-02-08 13:30:00,25.5,25.5,25.5,25.5,541205.0
2016-02-08 13:45:00,25.48,25.49,25.48,25.48,476771.0
2016-02-08 14:00:00,25.44,25.44,25.44,25.44,535139.0
2016-02-08 14:15:00,25.39,25.39,25.39,25.39,524259.0
2016-02-08 14:30:00,25.36,25.37,25.36,25.36,536655.0
2016-02-08 14:45:00,25.36,25.36,25.36,25.36,498509.0
2016-02-08 15:00:00,25.3,25.3,25.3,25.3,700961.0
2016-02-08 15:15:00,25.29,25.29,25.28,25.28,529812.0
2016-02-08 15:30:00,25.24,25.24,25.24,25.24,449928.0
2016-02-08 15:45:00,25.19,25.2,25.19,25.2,581220.0
2016-02-09 09:30:00,24.93,24.93,24.93,24.93,424122.0
2016-02-09 09:45:00,24.9,24.91,24.9,24.91,433610.0
2016-02-09 10:00:00,24.97,24.97,24.96,24.96,401478.0
2016-02-09 10:15:00,24.98,24.99,24.98,24.99,516456.0
2016-02-09 10:30:00,25.04,25.05,25.04,25.05,430279.0
2016-02-09 10:45:00,24.99,25.0,24.99,25.0,488739.0
2016-02-09 11:00:00,25.04,25.05,25.04,25.04,419121.0
2016-02-09 11:15:00,25.05,25.06,25.05,25.05,511397.0
2016-02-09 11:30:00,25.1,25.11,25.1,25.1,384348.0
2016-02-09 11:45:00,25.14,25.14,25.14,25.14,491671.0
2016-02-09 12:00:00,25.17,25.18,25.17,25.18,316786.0
2016-02-09 12:15:00,25.17,25.17,25.17,25.17,330164.0
2016-02-09 12:30:00,25.18,25.19,25.18,25.18,376954.0
2016-02-09 12:45:00,25.21,25.22,25.21,25.22,366402.0
2016-02-09 13:15:00,25.19,25.19,25.19,25.19,526862.0
2016-02-09 13:30:00,25.26,25.27,25.26,25.27,382758.0
2016-02-09 13:45:00,25.31,25.31,25.31,25.31,355583.0
2016-02-09 14:00:00,25.33,25.33,25.33,25.33,469575.0
2016-02-09 14:15:00,25.35,25.35,25.35,25.35,300671.0
2016-02-09 14:30:00,25.37,25.37,25.36,25.37,513091.0
2016-02-09 14:45:00,25.4,25.4,25.4,25.4,292216.0
2016-02-09 15:00:00,25.4,25.4,25.4,25.4,325831.0
2016-02-09 15:15:00,25.46,25.47,25.45,25.46,422739.0
2016-02-09 15:30:00,25.47,25.48,25.47,25.48,460301.0
2016-02-09 15:45:00,25.49,25.49,25.49,25.49,444737.0
2016-02-10 09:30:00,25.65,25.66,25.65,25.66,283205.0
2016-02-10 09:45:00,25.63,25.63,25.63,25.63,380410.0
2016-02-10 10:00:00,25.62,25.63,25.62,25.62,299008.0
2016-02-10 10:15:00,25.61,25.62,25.61,25.62,247717.0
2016-02-10 10:30:00,25.61,25.61,25.61,25.61,381911.0
2016-02-10 10:45:00,25.6,25.61,25.6,25.61,319222.0
2016-02-10 11:00:00,25.59,25.59,25.59,25.59,387143.0
2016-02-10 11:15:00,25.59,25.59,25.59,25.59,318283.0
2016-02-10 11:30:00,25.58,25.58,25.58,25.58,309296.0
2016-02-10 11:45:00,25.56,25.56,25.56,25.56,296250.0
2016-02-10 12:00:00,25.56,25.57,25.56,25.57,240056.0
2016-02-10 12:15:00,25.54,25.54,25.54,25.54,317542.0
2016-02-10 12:30:00,25.52,25.53,25.52,25.53,342942.0
2016-02-10 12:45:00,25.53,25.53,25.53,25.53,388642.0
2016-02-10 13:00:00,25.52,25.53,25.52,25.52,292255.0
2016-02-10 13:15:00,25.51,25.52,25.51,25.51,414823.0
2016-02-10 13:30:00,25.52,25.52,25.52,25.52,408183.0
2016-02-10 13:45:00,25.51,25.51,25.51,25.51,419207.0
2016-02-10 14:00:00,25.5,25.5,25.5,25.5,311888.0
2016-02-10 14:15:00,25.46,25.47,25.46,25.46,364609.0
2016-02-10 14:30:00,25.48,25.48,25.48,25.48,409099.0
2016-02-10 14:45:00,25.46,25.46,25.46,25.46,371337.0
2016-02-10 15:00:00,25.46,25.46,25.46,25.46,247463.0
2016-02-10 15:15:00,25.42,25.42,25.42,25.42,390632.0
2016-02-10 15:30:00,25.47,25.47,25.47,25.47,414063.0
2016-02-11 09:30:00,24.78,24.78,24.78,24.78,238214.0
2016-02-11 09:45:00,24.8,24.81,24.8,24.81,398493.0
2016-02-11 10:00:00,24.81,24.81,24.81,24.81,355040.0
2016-02-11 10:15:00,24.85,24.85,24.85,24.85,395308.0
2016-02-11 10:30:00,24.86,24.86,24.86,24.86,313423.0
2016-02-11 10:45:00,24.88,24.89,24.88,24.88,366549.0
2016-02-11 11:00:00,24.91,24.91,24.91,24.91,348859.0
2016-02-11 11:30:00,24.94,24.94,24.94,24.94,325333.0
2016-02-11 11:45:00,24.96,24.97,24.96,24.96,294888.0
2016-02-11 12:00:00,24.99,24.99,24.99,24.99,369882.0
2016-02-11 12:15:00,25.01,25.01,25.01,25.01,387693.0
2016-02-11 12:30:00,25.03,25.03,25.03,25.03,363024.0
2016-02-11 12:45:00,25.05,25.05,25.05,25.05,404936.0
2016-02-11 13:00:00,25.06,25.07,25.06,25.06,364852.0
2016-02-11 13:15:00,25.09,25.09,25.09,25.09,232278.0
2016-02-11 13:30:00,25.11,25.11,25.11,25.11,386708.0
2016-02-11 13:45:00,25.14,25.14,25.14,25.14,319990.0
2016-02-11 14:00:00,25.18,25.18,25.18,25.18,345322.0
2016-02-11 14:15:00,25.18,25.18,25.18,25.18,305789.0
2016-02-11 14:30:00,25.19,25.19,25.19,25.19,414902.0
2016-02-11 14:45:00,25.22,25.22,25.22,25.22,262844.0
2016-02-11 15:00:00,25.23,25.24,25.23,25.24,412546.0
2016-02-11 15:15:00,25.26,25.26,25.26,25.26,421410.0
2016-02-11 15:30:00,25.28,25.28,25.28,25.28,247623.0
2016-02-11 15:45:00,25.3,25.3,25.3,25.3,229465.0
2016-02-12 09:30:00,25.7,25.71,25.7,25.7,291144.0
2016-02-12 09:45:00,25.7,25.7,25.7,25.7,419358.0
2016-02-12 10:00:00,25.7,25.7,25.69,25.7,410510.0
2016-02-12 10:15:00,25.67,25.67,25.67,25.67,325542.0
2016-02-12 10:30:00,25.71,25.72,25.71,25.72,322066.0
2016-02-12 11:00:00,25.69,25.7,25.69,25.69,320415.0
2016-02-12 11:15:00,25.72,25.72,25.71,25.71,425917.0
2016-02-12 11:30:00,25.7,25.7,25.7,25.7,281174.0
2016-02-12 11:45:00,25.68,25.69,25.68,25.68,323375.0
2016-02-12 12:00:00,25.72,25.72,25.72,25.72,397513.0
2016-02-12 12:15:00,25.73,25.74,25.73,25.74,300479.0
2016-02-12 12:30:00,25.71,25.71,25.71,25.71,348953.0
2016-02-12 12:45:00,25.71,25.72,25.71,25.71,352831.0
2016-02-12 13:00:00,25.72,25.72,25.72,25.72,274845.0
2016-02-12 13:15:00,25.71,25.71,25.71,25.71,236578.0
2016-02-12 13:30:00,25.72,25.72,25.72,25.72,252680.0
2016-02-12 13:45:00,25.72,25.73,25.72,25.72,320627.0
2016-02-12 14:00:00,25.69,25.7,25.69,25.69,306095.0
2016-02-12 14:15:00,25.73,25.73,25.73,25.73,276704.0
2016-02-12 14:30:00,25.72,25.72,25.72,25.72,330522.0
2016-02-12 14:45:00,25.72,25.72,25.72,25.72,250306.0
2016-02-12 15:00:00,25.73,25.73,25.73,25.73,282180.0
2016-02-12 15:15:00,25.73,25.73,25.73,25.73,304435.0
2016-02-12 15:30:00,25.72,25.73,25.72,25.73,382772.0
2016-02-12 15:45:00,25.74,25.74,25.74,25.74,405323.0
2016-02-16 09:30:00,26.08,26.08,26.07,26.08,423845.0
2016-02-16 09:45:00,26.15,26.16,26.15,26.16,552074.0
2016-02-16 10:00:00,26.17,26.17,26.17,26.17,452918.0
2016-02-16 10:15:00,26.2,26.2,26.2,26.2,443263.0
2016-02-16 10:30:00,26.24,26.24,26.24,26.24,461932.0
2016-02-16 10:45:00,26.28,26.28,26.28,26.28,493355.0
2016-02-16 11:00:00,26.33,26.34,26.33,26.33,541683.0
2016-02-16 11:15:00,26.36,26.36,26.36,26.36,397514.0
2016-02-16 11:30:00,26.38,26.38,26.38,26.38,395526.0
2016-02-16 11:45:00,26.42,26.42,26.42,26.42,390993.0
2016-02-16 12:00:00,26.44,26.44,26.44,26.44,433903.0
2016-02-16 12:15:00,26.52,26.52,26.52,26.52,510239.0
2016-02-16 12:30:00,26.53,26.54,26.53,26.53,471810.0
2016-02-16 12:45:00,26.56,26.56,26.56,26.56,465385.0
2016-02-16 13:00:00,26.6,26.6,26.6,26.6,488053.0
2016-02-16 13:15:00,26.64,26.64,26.64,26.64,413485.0
2016-02-16 13:30:00,26.66,26.66,26.66,26.66,365240.0
2016-02-16 13:45:00,26.68,26.68,26.68,26.68,425726.0
2016-02-16 14:00:00,26.75,26.76,26.75,26.76,547256.0
2016-02-16 14:15:00,26.77,26.77,26.77,26.77,562181.0
2016-02-16 14:30:00,26.8,26.8,26.8,26.8,400072.0
2016-02-16 15:00:00,26.88,26.89,26.88,26.89,343499.0
2016-02-16 15:15:00,26.91,26.92,26.91,26.92,494436.0
2016-02-16 15:30:00,26.95,26.95,26.95,26.95,529929.0
2016-02-16 15:45:00,27.01,27.01,27.01,27.01,523261.0
2016-02-17 09:30:00,27.32,27.32,27.32,27.32,806492.0
2016-02-17 09:45:00,27.34,27.34,27.34,27.34,838661.0
2016-02-17 10:00:00,27.36,27.36,27.36,27.36,680142.0
2016-02-17 10:15:00,27.37,27.37,27.37,27.37,635441.0
2016-02-17 10:30:00,27.39,27.39,27.38,27.39,586765.0
2016-02-17 10:45:00,27.38,27.38,27.38,27.38,935224.0
2016-02-17 11:00:00,27.4,27.41,27.4,27.41,842320.0
2016-02-17 11:15:00,27.43,27.43,27.43,27.43,719787.0
2016-02-17 11:30:00,27.43,27.44,27.43,27.43,803054.0
2016-02-17 11:45:00,27.45,27.45,27.45,27.45,871587.0
2016-02-17 12:15:00,27.49,27.49,27.49,27.49,838357.0
2016-02-17 12:30:00,27.48,27.48,27.48,27.48,897483.0
2016-02-17 12:45:00,27.51,27.51,27.51,27.51,852432.0
2016-02-17 13:00:00,27.52,27.52,27.51,27.52,798896.0
2016-02-17 13:30:00,27.54,27.55,27.54,27.54,612778.0
2016-02-17 13:45:00,27.57,27.57,27.57,27.57,619482.0
2016-02-17 14:00:00,27.57,27.57,27.57,27.57,815150.0
2016-02-17 14:15:00,27.58,27.59,27.58,27.59,662834.0
2016-02-17 14:30:00,27.59,27.6,27.59,27.6,717201.0
2016-02-17 14:45:00,27.61,27.61,27.61,27.61,807356.0
2016-02-17 15:00:00,27.62,27.62,27.62,27.62,642642.0
2016-02-17 15:15:00,27.61,27.61,27.61,27.61,567008.0
2016-02-17 15:30:00,27.65,27.65,27.65,27.65,879774.0
2016-02-18 09:30:00,29.95,29.95,29.94,29.95,1025207.0
2016-02-18 09:45:00,29.92,29.92,29.92,29.92,1230147.0
2016-02-18 10:00:00,29.95,29.95,29.94,29.95,821782.0
2016-02-18 10:15:00,29.94,29.94,29.94,29.94,921338.0
2016-02-18 10:30:00,29.95,29.95,29.95,29.95,765896.0
2016-02-18 10:45:00,29.96,29.96,29.95,29.95,1132554.0
2016-02-18 11:15:00,29.96,29.96,29.96,29.96,978098.0
2016-02-18 11:30:00,29.96,29.96,29.96,29.96,1164151.0
2016-02-18 11:45:00,29.97,29.97,29.97,29.97,1098414.0
2016-02-18 12:00:00,29.99,30.0,29.99,30.0,729657.0
2016-02-18 12:15:00,29.98,29.99,29.98,29.99,1053487.0
2016-02-18 12:30:00,29.98,29.98,29.98,29.98,880668.0
2016-02-18 12:45:00,30.03,30.03,30.02,30.03,973270.0
2016-02-18 13:00:00,30.0,30.0,30.0,30.0,905175.0
2016-02-18 13:15:00,30.01,30.02,30.01,30.01,1238736.0
2016-02-18 13:30:00,30.02,30.03,30.02,30.03,1002627.0
2016-02-18 13:45:00,30.0,30.01,30.0,30.0,769721.0
2016-02-18 14:00:00,30.01,30.01,30.01,30.01,866392.0
2016-02-18 14:30:00,30.03,30.03,30.03,30.03,1071542.0
2016-02-18 14:45:00,30.0,30.01,30.0,30.0,731503.0
2016-02-18 15:00:00,30.03,30.03,30.03,30.03,921889.0
2016-02-18 15:15:00,30.04,30.04,30.04,30.04,719520.0
2016-02-18 15:30:00,30.05,30.05,30.05,30.05,1261579.0
2016-02-18 15:45:00,30.04,30.04,30.04,30.04,867802.0
2016-02-19 09:30:00,29.88,29.88,29.88,29.88,541714.0
2016-02-19 09:45:00,29.9,29.91,29.9,29.91,538779.0
2016-02-19 10:00:00,29.92,29.93,29.92,29.92,389490.0
2016-02-19 10:15:00,29.95,29.95,29.95,29.95,490623.0
2016-02-19 10:30:00,29.96,29.96,29.96,29.96,408050.0
2016-02-19 10:45:00,29.99,30.0,29.99,29.99,655826.0
2016-02-19 11:00:00,29.97,29.97,29.97,29.97,373143.0
2016-02-19 11:15:00,30.04,30.04,30.04,30.04,468646.0
2016-02-19 11:45:00,30.06,30.06,30.06,30.06,378458.0
2016-02-19 12:00:00,30.1,30.1,30.1,30.1,512917.0
2016-02-19 12:15:00,30.11,30.12,30.11,30.12,478265.0
2016-02-19 12:30:00,30.15,30.15,30.15,30.15,445942.0
2016-02-19 12:45:00,30.18,30.18,30.18,30.18,612089.0
2016-02-19 13:00:00,30.19,30.19,30.19,30.19,519469.0
2016-02-19 13:15:00,30.22,30.23,30.22,30.22,360298.0
2016-02-19 13:30:00,30.23,30.24,30.23,30.24,355747.0
2016-02-19 13:45:00,30.23,30.24,30.23,30.24,426323.0
2016-02-19 14:00:00,30.29,30.3,30.29,30.29,556481.0
2016-02-19 14:15:00,30.3,30.3,30.3,30.3,597828.0
2016-02-19 14:30:00,30.32,30.33,30.32,30.33,547669.0
2016-02-19 14:45:00,30.32,30.32,30.32,30.32,504874.0
2016-02-19 15:15:00,30.39,30.39,30.39,30.39,545598.0
2016-02-19 15:30:00,30.42,30.42,30.42,30.42,453034.0
2016-02-19 15:45:00,30.46,30.47,30.46,30.46,476096.0
2016-02-22 09:30:00,30.9,30.91,30.9,30.9,526880.0
2016-02-22 09:45:00,30.9,30.9,30.9,30.9,472901.0
2016-02-22 10:00:00,30.93,30.93,30.93,30.93,432093.0
2016-02-22 10:15:00,30.97,30.98,30.97,30.98,398866.0
2016-02-22 10:30:00,30.99,30.99,30.98,30.99,426889.0
2016-02-22 10:45:00,31.0,31.0,31.0,31.0,424178.0
2016-02-22 11:00:00,31.04,31.04,31.04,31.04,550830.0
2016-02-22 11:15:00,31.06,31.06,31.06,31.06,434057.0
2016-02-22 11:30:00,31.08,31.09,31.08,31.08,370163.0
2016-02-22 11:45:00,31.1,31.1,31.1,31.1,495072.0
2016-02-22 12:00:00,31.14,31.15,31.14,31.14,480609.0
2016-02-22 12:15:00,31.18,31.18,31.18,31.18,370831.0
2016-02-22 12:30:00,31.21,31.21,31.2,31.21,522175.0
2016-02-22 12:45:00,31.23,31.23,31.23,31.23,485916.0
2016-02-22 13:00:00,31.23,31.23,31.23,31.23,443074.0
2016-02-22 13:15:00,31.26,31.26,31.26,31.26,367991.0
2016-02-22 13:30:00,31.3,31.3,31.3,31.3,553803.0
2016-02-22 14:00:00,31.35,31.35,31.35,31.35,542602.0
2016-02-22 14:15:00,31.37,31.37,31.37,31.37,424771.0
2016-02-22 14:30:00,31.41,31.41,31.4,31.41,516175.0
2016-02-22 14:45:00,31.43,31.43,31.43,31.43,522579.0
2016-02-22 15:00:00,31.43,31.43,31.43,31.43,509543.0
2016-02-22 15:15:00,31.48,31.48,31.48,31.48,530475.0
2016-02-22 15:30:00,31.5,31.51,31.5,31.5,490123.0
2016-02-22 15:45:00,31.5,31.5,31.5,31.5,308788.0
2016-02-23 09:30:00,31.28,31.29,31.28,31.28,377928.0
2016-02-23 09:45:00,31.28,31.28,31.28,31.28,415564.0
2016-02-23 10:00:00,31.31,31.32,31.31,31.31,360146.0
2016-02-23 10:15:00,31.31,31.32,31.31,31.31,418500.0
2016-02-23 10:30:00,31.32,31.32,31.32,31.32,434612.0
2016-02-23 10:45:00,31.34,31.35,31.34,31.34,379602.0
2016-02-23 11:00:00,31.34,31.34,31.34,31.34,306055.0
2016-02-23 11:15:00,31.37,31.37,31.37,31.37,331922.0
2016-02-23 11:30:00,31.37,31.37,31.37,31.37,400895.0
2016-02-23 11:45:00,31.39,31.39,31.39,31.39,270197.0
2016-02-23 12:00:00,31.4,31.41,31.4,31.41,413986.0
2016-02-23 12:15:00,31.42,31.42,31.42,31.42,271131.0
2016-02-23 12:30:00,31.44,31.44,31.44,31.44,254649.0
2016-02-23 12:45:00,31.46,31.46,31.46,31.46,339536.0
2016-02-23 13:00:00,31.44,31.45,31.44,31.45,364502.0
2016-02-23 13:15:00,31.48,31.48,31.48,31.48,331721.0
2016-02-23 13:30:00,31.47,31.47,31.47,31.47,449660.0
2016-02-23 13:45:00,31.49,31.5,31.49,31.5,279449.0
2016-02-23 14:00:00,31.51,31.51,31.51,31.51,355472.0
2016-02-23 14:15:00,31.52,31.53,31.52,31.52,432497.0
2016-02-23 14:30:00,31.54,31.55,31.54,31.55,385223.0
2016-02-23 14:45:00,31.53,31.53,31.52,31.53,275259.0
2016-02-23 15:00:00,31.56,31.56,31.56,31.56,293794.0
2016-02-23 15:15:00,31.56,31.56,31.56,31.56,370391.0
2016-02-23 15:45:00,31.6,31.6,31.6,31.6,424951.0
2016-02-24 09:30:00,31.48,31.48,31.48,31.48,318846.0
2016-02-24 09:45:00,31.48,31.49,31.48,31.49,342118.0
2016-02-24 10:00:00,31.5,31.5,31.5,31.5,407758.0
2016-02-24 10:15:00,31.51,31.52,31.51,31.52,294852.0
2016-02-24 10:30:00,31.55,31.55,31.55,31.55,329045.0
2016-02-24 10:45:00,31.56,31.57,31.56,31.56,314984.0
2016-02-24 11:00:00,31.56,31.56,31.56,31.56,240641.0
2016-02-24 11:15:00,31.56,31.57,31.56,31.56,328321.0
2016-02-24 11:30:00,31.58,31.58,31.58,31.58,227586.0
2016-02-24 11:45:00,31.59,31.59,31.59,31.59,400878.0
2016-02-24 12:00:00,31.62,31.62,31.62,31.62,323742.0
2016-02-24 12:15:00,31.62,31.62,31.62,31.62,250927.0
2016-02-24 12:30:00,31.62,31.63,31.62,31.62,400887.0
2016-02-24 12:45:00,31.65,31.66,31.65,31.65,374384.0
2016-02-24 13:00:00,31.66,31.66,31.66,31.66,228152.0
2016-02-24 13:15:00,31.7,31.7,31.7,31.7,399990.0
2016-02-24 13:30:00,31.71,31.72,31.71,31.72,248026.0
2016-02-24 13:45:00,31.71,31.71,31.71,31.71,383508.0
2016-02-24 14:00:00,31.73,31.74,31.73,31.74,400757.0
2016-02-24 14:15:00,31.74,31.74,31.74,31.74,288927.0
2016-02-24 14:30:00,31.75,31.75,31.75,31.75,361829.0
2016-02-24 14:45:00,31.76,31.77,31.76,31.76,400574.0
2016-02-24 15:00:00,31.78,31.78,31.77,31.78,226797.0
2016-02-24 15:15:00,31.79,31.79,31.79,31.79,259949.0
2016-02-24 15:30:00,31.8,31.8,31.8,31.8,302420.0
2016-02-24 15:45:00,31.82,31.82,31.82,31.82,356208.0
2016-02-25 09:30:00,31.94,31.94,31.94,31.94,405422.0
2016-02-25 09:45:00,31.95,31.95,31.95,31.95,282384.0
2016-02-25 10:00:00,31.93,31.93,31.93,31.93,320538.0
2016-02-25 10:15:00,31.93,31.93,31.93,31.93,314007.0
2016-02-25 10:30:00,31.93,31.93,31.93,31.93,392410.0
2016-02-25 10:45:00,31.93,31.93,31.93,31.93,368477.0
2016-02-25 11:00:00,31.92,31.92,31.92,31.92,409781.0
2016-02-25 11:15:00,31.93,31.93,31.93,31.93,418270.0
2016-02-25 11:30:00,31.91,31.91,31.91,31.91,244995.0
2016-02-25 11:45:00,31.92,31.92,31.92,31.92,367478.0
2016-02-25 12:00:00,31.92,31.92,31.92,31.92,313960.0
2016-02-25 12:15:00,31.92,31.92,31.92,31.92,365822.0
2016-02-25 12:30:00,31.91,31.91,31.91,31.91,328232.0
2016-02-25 12:45:00,31.91,31.91,31.91,31.91,314078.0
2016-02-25 13:00:00,31.9,31.9,31.9,31.9,293705.0
2016-02-25 13:15:00,31.91,31.92,31.91,31.91,284921.0
2016-02-25 13:30:00,31.92,31.93,31.92,31.93,388235.0
2016-02-25 13:45:00,31.91,31.91,31.91,31.91,276510.0
2016-02-25 14:00:00,31.91,31.91,31.91,31.91,373376.0
2016-02-25 14:15:00,31.89,31.89,31.89,31.89,286106.0
2016-02-25 14:30:00,31.91,31.91,31.91,31.91,331014.0
2016-02-25 14:45:00,31.91,31.91,31.91,31.91,383847.0
2016-02-25 15:00:00,31.9,31.9,31.9,31.9,253409.0
2016-02-25 15:15:00,31.89,31.89,31.89,31.89,324854.0
2016-02-25 15:30:00,31.89,31.89,31.89,31.89,409633.0
2016-02-26 09:30:00,32.04,32.04,32.04,32.04,395686.0
2016-02-26 09:45:00,32.04,32.04,32.04,32.04,369985.0
2016-02-26 10:00:00,32.01,32.01,32.01,32.01,445840.0
2016-02-26 10:15:00,31.99,32.0,31.99,31.99,258264.0
2016-02-26 10:45:00,31.96,31.96,31.96,31.96,395383.0
2016-02-26 11:00:00,31.95,31.95,31.95,31.95,290836.0
2016-02-26 11:15:00,31.94,31.94,31.94,31.94,346453.0
2016-02-26 11:30:00,31.93,31.93,31.92,31.93,312759.0
2016-02-26 11:45:00,31.9,31.9,31.9,31.9,263052.0
2016-02-26 12:00:00,31.88,31.88,31.88,31.88,437471.0
2016-02-26 12:15:00,31.88,31.88,31.88,31.88,390542.0
2016-02-26 12:30:00,31.87,31.87,31.87,31.87,375117.0
2016-02-26 12:45:00,31.84,31.85,31.84,31.84,325799.0
2016-02-26 13:00:00,31.83,31.83,31.83,31.83,451800.0
2016-02-26 13:15:00,31.83,31.83,31.83,31.83,298298.0
2016-02-26 13:30:00,31.81,31.82,31.81,31.82,266579.0
2016-02-26 13:45:00,31.79,31.8,31.79,31.79,403986.0
2016-02-26 14:15:00,31.77,31.78,31.77,31.77,444218.0
2016-02-26 14:30:00,31.77,31.77,31.77,31.77,316267.0
2016-02-26 14:45:00,31.74,31.74,31.74,31.74,432434.0
2016-02-26 15:00:00,31.69,31.7,31.69,31.69,416665.0
2016-02-26 15:15:00,31.71,31.71,31.71,31.71,325289.0
2016-02-26 15:30:00,31.69,31.69,31.69,31.69,296632.0
2016-02-29 09:30:00,31.61,31.62,31.61,31.62,359548.0
2016-02-29 09:45:00,31.6,31.6,31.6,31.6,352516.0
2016-02-29 10:00:00,31.58,31.58,31.58,31.58,347755.0
2016-02-29 10:15:00,31.58,31.58,31.58,31.58,380387.0
2016-02-29 10:30:00,31.57,31.58,31.57,31.58,400352.0
2016-02-29 10:45:00,31.56,31.56,31.56,31.56,348010.0
2016-02-29 11:00:00,31.56,31.56,31.55,31.56,291339.0
2016-02-29 11:15:00,31.54,31.54,31.54,31.54,363574.0
2016-02-29 11:30:00,31.53,31.53,31.53,31.53,273857.0
2016-02-29 11:45:00,31.52,31.52,31.52,31.52,348601.0
2016-02-29 12:00:00,31.51,31.51,31.51,31.51,240633.0
2016-02-29 12:15:00,31.5,31.5,31.5,31.5,386484.0
2016-02-29 12:30:00,31.49,31.49,31.49,31.49,247327.0
2016-02-29 12:45:00,31.48,31.48,31.48,31.48,276696.0
2016-02-29 13:00:00,31.47,31.47,31.46,31.47,384437.0
2016-02-29 13:15:00,31.47,31.47,31.47,31.47,252640.0
2016-02-29 13:30:00,31.45,31.45,31.45,31.45,369383.0
2016-02-29 13:45:00,31.44,31.44,31.44,31.44,284817.0
2016-02-29 14:00:00,31.43,31.43,31.43,31.43,319553.0
2016-02-29 14:30:00,31.41,31.41,31.41,31.41,302413.0
2016-02-29 14:45:00,31.39,31.4,31.39,31.4,231928.0
2016-02-29 15:00:00,31.39,31.39,31.39,31.39,258380.0
2016-02-29 15:15:00,31.41,31.41,31.41,31.41,248095.0
2016-02-29 15:30:00,31.36,31.36,31.36,31.36,274507.0
2016-02-29 15:45:00,31.36,31.36,31.36,31.36,262052.0
2016-03-01 09:30:00,31.43,31.43,31.43,31.43,431927.0
2016-03-01 09:45:00,31.5,31.51,31.5,31.5,248202.0
2016-03-01 10:15:00,31.6,31.6,31.59,31.6,251730.0
2016-03-01 10:30:00,31.63,31.64,31.63,31.63,365822.0
2016-03-01 11:00:00,31.75,31.75,31.75,31.75,341869.0
2016-03-01 11:15:00,31.81,31.82,31.81,31.82,329113.0
2016-03-01 11:30:00,31.83,31.83,31.83,31.83,369282.0
2016-03-01 11:45:00,31.92,31.92,31.92,31.92,372354.0
2016-03-01 12:00:00,31.95,31.95,31.94,31.95,252021.0
2016-03-01 12:15:00,32.02,32.02,32.02,32.02,434847.0
2016-03-01 12:30:00,32.05,32.06,32.05,32.05,335880.0
2016-03-01 12:45:00,32.15,32.15,32.14,32.15,390382.0
2016-03-01 13:00:00,32.18,32.18,32.18,32.18,244309.0
2016-03-01 13:15:00,32.18,32.18,32.18,32.18,352240.0
2016-03-01 13:30:00,32.25,32.26,32.25,32.25,272140.0
2016-03-01 13:45:00,32.31,32.31,32.31,32.31,435811.0
2016-03-01 14:15:00,32.43,32.43,32.43,32.43,383137.0
2016-03-01 14:30:00,32.47,32.47,32.47,32.47,361055.0
2016-03-01 14:45:00,32.55,32.55,32.54,32.55,431509.0
2016-03-01 15:00:00,32.58,32.58,32.58,32.58,393228.0
2016-03-01 15:15:00,32.65,32.65,32.65,32.65,392811.0
2016-03-01 15:30:00,32.72,32.72,32.72,32.72,245840.0
2016-03-01 15:45:00,32.74,32.74,32.74,32.74,377533.0
2016-03-02 09:30:00,32.57,32.57,32.57,32.57,242364.0
2016-03-02 09:45:00,32.57,32.57,32.57,32.57,205296.0
2016-03-02 10:00:00,32.6,32.6,32.6,32.6,190459.0
2016-03-02 10:15:00,32.61,32.61,32.61,32.61,247067.0
2016-03-02 10:30:00,32.63,32.63,32.63,32.63,278773.0
2016-03-02 10:45:00,32.64,32.64,32.64,32.64,267856.0
2016-03-02 11:00:00,32.66,32.66,32.66,32.66,243270.0
2016-03-02 11:15:00,32.68,32.68,32.68,32.68,195464.0
2016-03-02 11:30:00,32.7,32.7,32.7,32.7,278836.0
2016-03-02 11:45:00,32.71,32.71,32.71,32.71,185966.0
2016-03-02 12:00:00,32.72,32.72,32.72,32.72,186241.0
2016-03-02 12:15:00,32.73,32.73,32.73,32.73,210273.0
2016-03-02 12:30:00,32.74,32.74,32.74,32.74,276952.0
2016-03-02 12:45:00,32.77,32.77,32.77,32.77,167684.0
2016-03-02 13:00:00,32.78,32.78,32.78,32.78,244744.0
2016-03-02 13:15:00,32.78,32.79,32.78,32.78,269955.0
2016-03-02 13:30:00,32.81,32.81,32.81,32.81,239324.0
2016-03-02 13:45:00,32.82,32.82,32.82,32.82,259699.0
2016-03-02 14:00:00,32.83,32.83,32.83,32.83,245769.0
2016-03-02 14:15:00,32.86,32.86,32.86,32.86,258010.0
2016-03-02 14:30:00,32.87,32.87,32.87,32.87,273129.0
2016-03-02 14:45:00,32.88,32.88,32.88,32.88,207976.0
2016-03-02 15:00:00,32.9,32.9,32.9,32.9,219589.0
2016-03-02 15:15:00,32.92,32.92,32.92,32.92,194785.0
2016-03-02 15:30:00,32.92,32.93,32.92,32.92,189472.0
2016-03-02 15:45:00,32.94,32.94,32.94,32.94,233264.0
2016-03-03 09:30:00,32.9,32.9,32.9,32.9,281326.0
2016-03-03 09:45:00,32.89,32.9,32.89,32.89,327948.0
2016-03-03 10:15:00,32.86,32.87,32.86,32.87,229785.0
2016-03-03 10:30:00,32.86,32.86,32.86,32.86,259625.0
2016-03-03 10:45:00,32.84,32.85,32.84,32.85,228938.0
2016-03-03 11:00:00,32.85,32.85,32.84,32.85,332142.0
2016-03-03 11:15:00,32.84,32.85,32.84,32.84,253013.0
2016-03-03 11:30:00,32.82,32.82,32.82,32.82,212892.0
2016-03-03 11:45:00,32.81,32.81,32.81,32.81,214584.0
2016-03-03 12:00:00,32.83,32.83,32.83,32.83,274032.0
2016-03-03 12:15:00,32.8,32.8,32.8,32.8,342747.0
2016-03-03 12:30:00,32.78,32.78,32.78,32.78,369495.0
2016-03-03 12:45:00,32.77,32.77,32.77,32.77,248946.0
2016-03-03 13:00:00,32.75,32.75,32.75,32.75,299923.0
2016-03-03 13:15:00,32.76,32.76,32.75,32.76,207549.0
2016-03-03 13:30:00,32.73,32.73,32.73,32.73,277395.0
2016-03-03 13:45:00,32.73,32.73,32.73,32.73,270393.0
2016-03-03 14:00:00,32.71,32.71,32.71,32.71,306323.0
2016-03-03 14:15:00,32.71,32.71,32.71,32.71,300066.0
2016-03-03 14:30:00,32.69,32.69,32.69,32.69,339294.0
2016-03-03 14:45:00,32.69,32.69,32.69,32.69,354594.0
2016-03-03 15:00:00,32.68,32.68,32.67,32.68,375262.0
2016-03-03 15:15:00,32.65,32.66,32.65,32.66,308735.0
2016-03-03 15:30:00,32.66,32.66,32.66,32.66,220987.0
2016-03-03 15:45:00,32.65,32.65,32.65,32.65,276977.0
2016-03-04 09:30:00,32.89,32.89,32.89,32.89,157273.0
2016-03-04 09:45:00,32.87,32.87,32.87,32.87,164481.0
2016-03-04 10:00:00,32.87,32.87,32.87,32.87,202395.0
2016-03-04 10:15:00,32.86,32.86,32.86,32.86,132926.0
2016-03-04 10:30:00,32.84,32.84,32.84,32.84,214398.0
2016-03-04 10:45:00,32.83,32.83,32.83,32.83,147115.0
2016-03-04 11:00:00,32.81,32.81,32.81,32.81,146114.0
2016-03-04 11:15:00,32.81,32.81,32.81,32.81,148020.0
2016-03-04 11:30:00,32.79,32.79,32.79,32.79,127250.0
2016-03-04 11:45:00,32.76,32.76,32.76,32.76,120952.0
2016-03-04 12:00:00,32.76,32.76,32.76,32.76,143374.0
2016-03-04 12:15:00,32.75,32.75,32.75,32.75,148127.0
2016-03-04 12:30:00,32.73,32.73,32.73,32.73,152945.0
2016-03-04 12:45:00,32.72,32.72,32.72,32.72,159800.0
2016-03-04 13:00:00,32.71,32.71,32.71,32.71,146604.0
2016-03-04 13:15:00,32.7,32.7,32.7,32.7,167701.0
2016-03-04 13:30:00,32.67,32.67,32.67,32.67,186061.0
2016-03-04 13:45:00,32.66,32.66,32.66,32.66,137797.0
2016-03-04 14:00:00,32.64,32.64,32.64,32.64,214375.0
2016-03-04 14:15:00,32.64,32.64,32.64,32.64,215267.0
2016-03-04 14:30:00,32.63,32.63,32.63,32.63,121944.0
2016-03-04 14:45:00,32.59,32.59,32.58,32.59,190645.0
2016-03-04 15:00:00,32.61,32.61,32.61,32.61,149181.0
2016-03-04 15:15:00,32.58,32.59,32.58,32.59,127741.0
2016-03-04 15:30:00,32.56,32.57,32.56,32.56,182043.0
2016-03-04 15:45:00,32.55,32.55,32.55,32.55,118535.0
2016-03-07 09:30:00,32.37,32.37,32.37,32.37,285658.0
2016-03-07 09:45:00,32.38,32.38,32.38,32.38,182778.0
2016-03-07 10:00:00,32.37,32.37,32.37,32.37,245440.0
2016-03-07 10:30:00,32.36,32.36,32.36,32.36,201354.0
2016-03-07 10:45:00,32.36,32.37,32.36,32.36,265450.0
2016-03-07 11:00:00,32.36,32.37,32.36,32.36,283700.0
2016-03-07 11:15:00,32.36,32.36,32.36,32.36,243984.0
2016-03-07 11:30:00,32.36,32.37,32.36,32.36,206997.0
2016-03-07 11:45:00,32.36,32.36,32.36,32.36,186695.0
2016-03-07 12:00:00,32.39,32.39,32.39,32.39,261486.0
2016-03-07 12:15:00,32.37,32.37,32.37,32.37,232622.0
2016-03-07 12:30:00,32.36,32.36,32.36,32.36,276763.0
2016-03-07 12:45:00,32.35,32.35,32.35,32.35,198374.0
2016-03-07 13:00:00,32.35,32.36,32.35,32.35,234262.0
2016-03-07 13:15:00,32.36,32.36,32.36,32.36,192123.0
2016-03-07 13:30:00,32.34,32.35,32.34,32.34,199910.0
2016-03-07 14:00:00,32.35,32.35,32.35,32.35,237061.0
2016-03-07 14:15:00,32.34,32.35,32.34,32.34,171805.0
2016-03-07 14:30:00,32.34,32.35,32.34,32.35,216946.0
2016-03-07 14:45:00,32.37,32.37,32.37,32.37,201509.0
2016-03-07 15:00:00,32.34,32.35,32.34,32.34,173492.0
2016-03-07 15:15:00,32.35,32.35,32.35,32.35,206979.0
2016-03-07 15:30:00,32.32,32.33,32.32,32.32,276987.0
2016-03-07 15:45:00,32.34,32.34,32.34,32.34,287937.0
2016-03-08 09:30:00,32.01,32.01,32.01,32.01,269791.0
2016-03-08 09:45:00,31.99,31.99,31.99,31.99,280688.0
2016-03-08 10:00:00,31.98,31.98,31.98,31.98,275226.0
2016-03-08 10:15:00,31.98,31.98,31.98,31.98,302411.0
2016-03-08 10:30:00,31.97,31.97,31.97,31.97,208826.0
2016-03-08 10:45:00,31.96,31.96,31.96,31.96,309967.0
2016-03-08 11:00:00,31.96,31.96,31.96,31.96,263042.0
2016-03-08 11:15:00,31.93,31.93,31.93,31.93,225516.0
2016-03-08 11:30:00,31.93,31.93,31.93,31.93,216784.0
2016-03-08 11:45:00,31.92,31.92,31.92,31.92,273824.0
2016-03-08 12:00:00,31.91,31.91,31.91,31.91,276802.0
2016-03-08 12:15:00,31.9,31.9,31.89,31.89,223391.0
2016-03-08 12:30:00,31.88,31.88,31.88,31.88,341130.0
2016-03-08 12:45:00,31.87,31.87,31.87,31.87,274843.0
2016-03-08 13:00:00,31.88,31.88,31.87,31.88,293079.0
2016-03-08 13:15:00,31.86,31.86,31.86,31.86,333106.0
2016-03-08 13:30:00,31.84,31.84,31.84,31.84,205328.0
2016-03-08 13:45:00,31.84,31.84,31.84,31.84,325403.0
2016-03-08 14:00:00,31.82,31.82,31.82,31.82,191804.0
2016-03-08 14:15:00,31.81,31.81,31.81,31.81,228408.0
2016-03-08 14:30:00,31.78,31.79,31.78,31.79,211609.0
2016-03-08 14:45:00,31.78,31.78,31.78,31.78,222559.0
2016-03-08 15:00:00,31.78,31.78,31.78,31.78,261413.0
2016-03-08 15:15:00,31.77,31.77,31.77,31.77,244585.0
2016-03-08 15:30:00,31.76,31.76,31.76,31.76,197388.0
2016-03-08 15:45:00,31.75,31.75,31.74,31.75,193130.0
2016-03-09 09:30:00,32.01,32.02,32.01,32.01,212962.0
2016-03-09 09:45:00,32.02,32.02,32.02,32.02,245137.0
2016-03-09 10:00:00,32.0,32.0,32.0,32.0,238690.0
2016-03-09 10:15:00,31.99,32.0,31.99,32.0,170089.0
2016-03-09 10:30:00,31.98,31.98,31.98,31.98,165441.0
2016-03-09 10:45:00,31.98,31.98,31.97,31.98,172385.0
2016-03-09 11:00:00,31.95,31.95,31.95,31.95,159831.0
2016-03-09 11:15:00,31.94,31.95,31.94,31.95,229013.0
2016-03-09 11:30:00,31.92,31.92,31.92,31.92,216162.0
2016-03-09 11:45:00,31.92,31.92,31.92,31.92,173413.0
2016-03-09 12:00:00,31.91,31.91,31.9,31.91,240069.0
2016-03-09 12:15:00,31.9,31.9,31.9,31.9,150701.0
2016-03-09 12:30:00,31.9,31.9,31.9,31.9,209211.0
2016-03-09 12:45:00,31.87,31.88,31.87,31.88,161624.0
2016-03-09 13:00:00,31.85,31.85,31.85,31.85,262286.0
2016-03-09 13:15:00,31.85,31.85,31.85,31.85,270590.0
2016-03-09 13:30:00,31.84,31.84,31.84,31.84,180079.0
2016-03-09 13:45:00,31.83,31.83,31.83,31.83,253703.0
2016-03-09 14:00:00,31.82,31.82,31.82,31.82,150433.0
2016-03-09 14:15:00,31.8,31.8,31.8,31.8,223672.0
2016-03-09 14:30:00,31.79,31.8,31.79,31.8,201722.0
2016-03-09 14:45:00,31.78,31.78,31.78,31.78,240313.0
2016-03-09 15:00:00,31.75,31.75,31.75,31.75,191655.0
2016-03-09 15:15:00,31.74,31.74,31.74,31.74,261324.0
2016-03-09 15:30:00,31.74,31.74,31.74,31.74,192623.0
2016-03-09 15:45:00,31.71,31.72,31.71,31.71,220647.0
2016-03-10 09:30:00,31.92,31.92,31.92,31.92,340059.0
2016-03-10 09:45:00,31.91,31.91,31.91,31.91,326870.0
2016-03-10 10:00:00,31.92,31.92,31.92,31.92,200259.0
2016-03-10 10:15:00,31.88,31.89,31.88,31.89,311535.0
2016-03-10 10:30:00,31.87,31.87,31.87,31.87,205654.0
2016-03-10 10:45:00,31.87,31.87,31.87,31.87,221010.0
2016-03-10 11:00:00,31.86,31.87,31.86,31.87,306395.0
2016-03-10 11:15:00,31.86,31.86,31.86,31.86,318230.0
2016-03-10 11:30:00,31.84,31.84,31.84,31.84,326715.0
2016-03-10 11:45:00,31.83,31.84,31.83,31.83,253006.0
2016-03-10 12:00:00,31.83,31.83,31.83,31.83,323488.0
2016-03-10 12:15:00,31.81,31.82,31.81,31.81,297628.0
2016-03-10 12:30:00,31.81,31.81,31.81,31.81,342441.0
2016-03-10 12:45:00,31.79,31.79,31.79,31.79,275915.0
2016-03-10 13:00:00,31.78,31.78,31.78,31.78,336723.0
2016-03-10 13:15:00,31.76,31.76,31.76,31.76,354040.0
2016-03-10 13:30:00,31.74,31.75,31.74,31.74,255006.0
2016-03-10 13:45:00,31.75,31.76,31.75,31.75,295984.0
2016-03-10 14:00:00,31.75,31.75,31.75,31.75,262310.0
2016-03-10 14:15:00,31.73,31.73,31.73,31.73,242672.0
2016-03-10 14:30:00,31.72,31.72,31.72,31.72,307986.0
2016-03-10 14:45:00,31.76,31.77,31.76,31.76,288446.0
2016-03-10 15:00:00,31.71,31.71,31.7,31.7,258812.0
2016-03-10 15:15:00,31.7,31.7,31.7,31.7,271150.0
2016-03-10 15:30:00,31.69,31.69,31.69,31.69,298234.0
2016-03-10 15:45:00,31.66,31.66,31.66,31.66,343882.0
2016-03-11 09:30:00,32.15,32.15,32.15,32.15,258978.0
2016-03-11 09:45:00,32.15,32.15,32.15,32.15,346066.0
2016-03-11 10:00:00,32.16,32.16,32.16,32.16,270170.0
2016-03-11 10:15:00,32.16,32.16,32.16,32.16,294936.0
2016-03-11 10:30:00,32.16,32.16,32.16,32.16,263174.0
2016-03-11 10:45:00,32.17,32.17,32.17,32.17,247890.0
2016-03-11 11:00:00,32.17,32.17,32.17,32.17,226838.0
2016-03-11 11:15:00,32.17,32.17,32.17,32.17,195921.0
2016-03-11 11:30:00,32.17,32.17,32.16,32.17,258279.0
2016-03-11 11:45:00,32.18,32.18,32.18,32.18,227951.0
2016-03-11 12:00:00,32.18,32.18,32.18,32.18,206381.0
2016-03-11 12:15:00,32.19,32.19,32.19,32.19,323297.0
2016-03-11 12:30:00,32.19,32.19,32.19,32.19,275910.0
2016-03-11 12:45:00,32.19,32.19,32.19,32.19,249106.0
2016-03-11 13:00:00,32.19,32.19,32.19,32.19,259350.0
2016-03-11 13:15:00,32.19,32.19,32.19,32.19,275509.0
2016-03-11 13:30:00,32.2,32.2,32.2,32.2,276448.0
2016-03-11 13:45:00,32.2,32.2,32.2,32.2,236390.0
2016-03-11 14:00:00,32.2,32.2,32.2,32.2,250561.0
2016-03-11 14:15:00,32.2,32.2,32.2,32.2,253428.0
2016-03-11 14:30:00,32.22,32.22,32.22,32.22,229588.0
2016-03-11 14:45:00,32.21,32.21,32.21,32.21,296321.0
2016-03-11 15:00:00,32.21,32.21,32.21,32.21,286259.0
2016-03-11 15:15:00,32.21,32.21,32.21,32.21,231504.0
2016-03-11 15:30:00,32.22,32.22,32.22,32.22,346051.0
2016-03-11 15:45:00,32.22,32.22,32.22,32.22,282154.0
2016-03-14 09:30:00,32.07,32.07,32.07,32.07,235517.0
2016-03-14 09:45:00,32.08,32.08,32.08,32.08,216115.0
2016-03-14 10:00:00,32.09,32.09,32.09,32.09,157666.0
2016-03-14 10:15:00,32.1,32.1,32.1,32.1,154841.0
2016-03-14 10:30:00,32.11,32.11,32.11,32.11,168643.0
2016-03-14 10:45:00,32.11,32.11,32.11,32.11,234349.0
2016-03-14 11:00:00,32.13,32.13,32.13,32.13,204111.0
2016-03-14 11:15:00,32.14,32.14,32.14,32.14,173017.0
2016-03-14 11:30:00,32.13,32.13,32.13,32.13,155184.0
2016-03-14 11:45:00,32.15,32.15,32.15,32.15,224096.0
2016-03-14 12:00:00,32.16,32.16,32.16,32.16,235603.0
2016-03-14 12:15:00,32.16,32.16,32.16,32.16,190504.0
2016-03-14 12:30:00,32.18,32.18,32.18,32.18,152874.0
2016-03-14 12:45:00,32.18,32.18,32.18,32.18,192203.0
2016-03-14 13:00:00,32.19,32.19,32.19,32.19,203269.0
2016-03-14 13:15:00,32.21,32.21,32.21,32.21,130791.0
2016-03-14 13:30:00,32.22,32.22,32.22,32.22,221579.0
2016-03-14 13:45:00,32.22,32.22,32.22,32.22,147530.0
2016-03-14 14:00:00,32.23,32.23,32.23,32.23,173415.0
2016-03-14 14:15:00,32.25,32.25,32.25,32.25,153614.0
2016-03-14 14:30:00,32.26,32.26,32.26,32.26,181996.0
2016-03-14 14:45:00,32.25,32.25,32.25,32.25,151534.0
2016-03-14 15:00:00,32.27,32.27,32.27,32.27,150248.0
2016-03-14 15:15:00,32.28,32.29,32.28,32.29,164495.0
2016-03-14 15:45:00,32.31,32.31,32.31,32.31,186386.0
2016-03-15 09:30:00,32.13,32.14,32.13,32.13,184836.0
2016-03-15 09:45:00,32.13,32.14,32.13,32.13,228448.0
2016-03-15 10:00:00,32.13,32.13,32.13,32.13,280517.0
2016-03-15 10:15:00,32.14,32.14,32.14,32.14,259175.0
2016-03-15 10:30:00,32.13,32.13,32.13,32.13,157230.0
2016-03-15 10:45:00,32.13,32.13,32.13,32.13,270608.0
2016-03-15 11:00:00,32.12,32.12,32.12,32.12,175653.0
2016-03-15 11:15:00,32.14,32.14,32.14,32.14,254366.0
2016-03-15 11:30:00,32.13,32.13,32.13,32.13,227096.0
2016-03-15 11:45:00,32.14,32.14,32.14,32.14,195337.0
2016-03-15 12:00:00,32.14,32.14,32.14,32.14,236142.0
2016-03-15 12:15:00,32.13,32.13,32.13,32.13,193445.0
2016-03-15 12:30:00,32.13,32.13,32.13,32.13,188290.0
2016-03-15 12:45:00,32.13,32.13,32.13,32.13,226990.0
2016-03-15 13:00:00,32.14,32.14,32.14,32.14,281138.0
2016-03-15 13:15:00,32.13,32.13,32.13,32.13,176094.0
2016-03-15 13:30:00,32.13,32.13,32.13,32.13,281370.0
2016-03-15 13:45:00,32.14,32.14,32.14,32.14,222750.0
2016-03-15 14:00:00,32.15,32.15,32.15,32.15,192808.0
2016-03-15 14:15:00,32.15,32.16,32.15,32.15,251499.0
2016-03-15 14:30:00,32.13,32.14,32.13,32.13,191651.0
2016-03-15 14:45:00,32.13,32.13,32.13,32.13,164464.0
2016-03-15 15:00:00,32.14,32.14,32.14,32.14,191427.0
2016-03-15 15:15:00,32.14,32.14,32.14,32.14,189341.0
2016-03-15 15:30:00,32.14,32.14,32.14,32.14,232739.0
2016-03-15 15:45:00,32.13,32.14,32.13,32.14,270719.0
2016-03-16 09:30:00,31.95,31.96,31.95,31.95,434569.0
2016-03-16 09:45:00,31.96,31.96,31.96,31.96,360019.0
2016-03-16 10:00:00,32.01,32.01,32.01,32.01,453169.0
2016-03-16 10:30:00,32.08,32.08,32.08,32.08,278303.0
2016-03-16 11:00:00,32.2,32.2,32.2,32.2,369724.0
2016-03-16 11:15:00,32.24,32.25,32.24,32.25,403110.0
2016-03-16 11:30:00,32.29,32.29,32.29,32.29,450646.0
2016-03-16 11:45:00,32.32,32.32,32.31,32.32,394656.0
2016-03-16 12:00:00,32.37,32.37,32.36,32.37,378699.0
2016-03-16 12:15:00,32.45,32.46,32.45,32.45,323365.0
2016-03-16 12:30:00,32.47,32.48,32.47,32.47,429171.0
2016-03-16 12:45:00,32.55,32.55,32.55,32.55,323182.0
2016-03-16 13:15:00,32.63,32.63,32.63,32.63,429609.0
2016-03-16 13:30:00,32.66,32.67,32.66,32.66,372296.0
2016-03-16 13:45:00,32.71,32.71,32.71,32.71,432524.0
2016-03-16 14:00:00,32.76,32.77,32.76,32.77,288640.0
2016-03-16 14:15:00,32.82,32.83,32.82,32.83,259315.0
2016-03-16 14:30:00,32.87,32.87,32.86,32.87,406634.0
2016-03-16 14:45:00,32.93,32.94,32.93,32.93,320142.0
2016-03-16 15:00:00,32.96,32.96,32.96,32.96,291307.0
2016-03-16 15:15:00,33.03,33.04,33.03,33.03,370963.0
2016-03-16 15:30:00,33.08,33.08,33.08,33.08,392139.0
2016-03-17 09:30:00,32.98,32.98,32.98,32.98,381202.0
2016-03-17 09:45:00,32.97,32.97,32.97,32.97,247773.0
2016-03-17 10:00:00,32.97,32.97,32.97,32.97,407133.0
2016-03-17 10:15:00,32.96,32.96,32.96,32.96,309250.0
2016-03-17 10:30:00,32.95,32.95,32.95,32.95,431695.0
2016-03-17 10:45:00,32.96,32.96,32.96,32.96,255499.0
2016-03-17 11:00:00,32.95,32.95,32.95,32.95,247196.0
2016-03-17 11:15:00,32.94,32.94,32.94,32.94,250868.0
2016-03-17 11:30:00,32.93,32.93,32.93,32.93,363734.0
2016-03-17 11:45:00,32.91,32.92,32.91,32.91,313159.0
2016-03-17 12:00:00,32.92,32.92,32.92,32.92,396534.0
2016-03-17 12:15:00,32.91,32.91,32.91,32.91,251392.0
2016-03-17 12:30:00,32.89,32.89,32.89,32.89,303083.0
2016-03-17 12:45:00,32.91,32.91,32.9,32.91,399812.0
2016-03-17 13:00:00,32.9,32.9,32.89,32.9,402276.0
2016-03-17 13:15:00,32.88,32.88,32.88,32.88,369269.0
2016-03-17 13:30:00,32.87,32.87,32.87,32.87,433647.0
2016-03-17 13:45:00,32.87,32.87,32.87,32.87,358096.0
2016-03-17 14:00:00,32.87,32.87,32.87,32.87,238976.0
2016-03-17 14:15:00,32.86,32.86,32.86,32.86,352661.0
2016-03-17 14:30:00,32.83,32.84,32.83,32.83,286110.0
2016-03-17 14:45:00,32.85,32.85,32.85,32.85,410380.0
2016-03-17 15:00:00,32.84,32.84,32.84,32.84,245274.0
2016-03-17 15:15:00,32.83,32.83,32.83,32.83,419046.0
2016-03-17 15:30:00,32.83,32.83,32.83,32.83,329004.0
2016-03-17 15:45:00,32.81,32.81,32.81,32.81,290253.0
2016-03-18 09:45:00,33.2,33.21,33.2,33.21,474091.0
2016-03-18 10:00:00,33.25,33.25,33.25,33.25,541791.0
2016-03-18 10:15:00,33.27,33.28,33.27,33.27,515007.0
2016-03-18 10:30:00,33.32,33.32,33.32,33.32,587604.0
2016-03-18 10:45:00,33.31,33.32,33.31,33.31,660434.0
2016-03-18 11:00:00,33.35,33.35,33.35,33.35,608620.0
2016-03-18 11:15:00,33.38,33.38,33.38,33.38,613523.0
2016-03-18 11:30:00,33.4,33.4,33.4,33.4,377055.0
2016-03-18 11:45:00,33.43,33.44,33.43,33.44,457517.0
2016-03-18 12:00:00,33.44,33.44,33.44,33.44,467957.0
2016-03-18 12:15:00,33.47,33.47,33.47,33.47,376493.0
2016-03-18 12:30:00,33.5,33.51,33.5,33.5,511318.0
2016-03-18 12:45:00,33.52,33.52,33.51,33.52,607813.0
2016-03-18 13:00:00,33.54,33.55,33.54,33.54,610451.0
2016-03-18 13:15:00,33.58,33.58,33.57,33.57,500844.0
2016-03-18 13:45:00,33.62,33.62,33.62,33.62,453187.0
2016-03-18 14:00:00,33.66,33.66,33.66,33.66,478527.0
2016-03-18 14:15:00,33.67,33.68,33.67,33.67,583573.0
2016-03-18 14:30:00,33.69,33.7,33.69,33.69,561748.0
2016-03-18 14:45:00,33.71,33.72,33.71,33.71,622468.0
2016-03-18 15:00:00,33.73,33.73,33.72,33.73,600600.0
2016-03-18 15:15:00,33.76,33.76,33.76,33.76,561068.0
2016-03-18 15:30:00,33.79,33.8,33.79,33.79,549404.0
2016-03-21 09:30:00,33.5,33.51,33.5,33.51,313067.0
2016-03-21 09:45:00,33.52,33.52,33.52,33.52,405583.0
2016-03-21 10:00:00,33.54,33.54,33.54,33.54,249123.0
2016-03-21 10:15:00,33.58,33.59,33.58,33.59,405191.0
2016-03-21 10:30:00,33.58,33.58,33.58,33.58,253554.0
2016-03-21 10:45:00,33.58,33.58,33.58,33.58,288918.0
2016-03-21 11:00:00,33.61,33.61,33.61,33.61,394654.0
2016-03-21 11:15:00,33.62,33.62,33.62,33.62,413687.0
2016-03-21 11:30:00,33.64,33.64,33.64,33.64,335159.0
2016-03-21 11:45:00,33.65,33.65,33.65,33.65,255706.0
2016-03-21 12:00:00,33.68,33.68,33.68,33.68,283372.0
2016-03-21 12:15:00,33.69,33.69,33.69,33.69,247229.0
2016-03-21 12:30:00,33.7,33.7,33.7,33.7,283061.0
2016-03-21 12:45:00,33.72,33.72,33.72,33.72,317692.0
2016-03-21 13:00:00,33.74,33.74,33.74,33.74,270969.0
2016-03-21 13:15:00,33.74,33.74,33.74,33.74,256265.0
2016-03-21 13:30:00,33.76,33.76,33.76,33.76,294780.0
2016-03-21 13:45:00,33.77,33.77,33.77,33.77,301374.0
2016-03-21 14:00:00,33.8,33.8,33.8,33.8,320505.0
2016-03-21 14:15:00,33.81,33.82,33.81,33.82,393738.0
2016-03-21 14:30:00,33.82,33.82,33.82,33.82,343841.0
2016-03-21 14:45:00,33.86,33.86,33.86,33.86,377150.0
2016-03-21 15:00:00,33.86,33.87,33.86,33.86,254555.0
2016-03-21 15:15:00,33.88,33.88,33.88,33.88,353855.0
2016-03-21 15:30:00,33.89,33.89,33.89,33.89,261141.0
2016-03-21 15:45:00,33.92,33.92,33.92,33.92,414658.0
2016-03-22 09:45:00,33.79,33.79,33.79,33.79,289517.0
2016-03-22 10:00:00,33.79,33.79,33.79,33.79,294116.0
2016-03-22 10:15:00,33.8,33.81,33.8,33.8,222643.0
2016-03-22 10:30:00,33.81,33.81,33.81,33.81,258175.0
2016-03-22 11:00:00,33.81,33.82,33.81,33.82,185895.0
2016-03-22 11:15:00,33.82,33.82,33.82,33.82,249968.0
2016-03-22 11:30:00,33.82,33.82,33.82,33.82,293225.0
2016-03-22 11:45:00,33.81,33.82,33.81,33.81,192859.0
2016-03-22 12:00:00,33.82,33.82,33.82,33.82,201021.0
2016-03-22 12:15:00,33.82,33.83,33.82,33.82,215415.0
2016-03-22 12:30:00,33.8,33.81,33.8,33.81,272229.0
2016-03-22 12:45:00,33.83,33.83,33.82,33.83,172449.0
2016-03-22 13:00:00,33.83,33.84,33.83,33.84,196472.0
2016-03-22 13:15:00,33.83,33.83,33.83,33.83,253524.0
2016-03-22 13:30:00,33.83,33.83,33.83,33.83,254052.0
2016-03-22 13:45:00,33.83,33.83,33.83,33.83,178531.0
2016-03-22 14:00:00,33.83,33.83,33.83,33.83,277356.0
2016-03-22 14:15:00,33.83,33.83,33.82,33.83,170781.0
2016-03-22 14:30:00,33.84,33.84,33.84,33.84,258114.0
2016-03-22 14:45:00,33.84,33.84,33.84,33.84,168481.0
2016-03-22 15:00:00,33.86,33.86,33.86,33.86,281886.0
2016-03-22 15:15:00,33.85,33.86,33.85,33.85,293050.0
2016-03-22 15:30:00,33.85,33.85,33.85,33.85,251680.0
2016-03-22 15:45:00,33.85,33.86,33.85,33.85,267533.0
2016-03-23 09:30:00,34.0,34.0,34.0,34.0,437387.0
2016-03-23 09:45:00,33.98,33.99,33.98,33.98,398358.0
2016-03-23 10:00:00,34.04,34.04,34.04,34.04,444810.0
2016-03-23 10:15:00,34.07,34.07,34.07,34.07,304059.0
2016-03-23 10:30:00,34.07,34.07,34.07,34.07,406811.0
2016-03-23 11:00:00,34.1,34.1,34.1,34.1,296233.0
2016-03-23 11:15:00,34.12,34.12,34.12,34.12,514308.0
2016-03-23 11:45:00,34.17,34.17,34.17,34.17,378474.0
2016-03-23 12:00:00,34.17,34.17,34.17,34.17,338199.0
2016-03-23 12:15:00,34.19,34.19,34.19,34.19,445135.0
2016-03-23 12:30:00,34.2,34.2,34.2,34.2,483136.0
2016-03-23 12:45:00,34.23,34.23,34.23,34.23,320838.0
2016-03-23 13:00:00,34.24,34.24,34.24,34.24,530910.0
2016-03-23 13:15:00,34.25,34.25,34.25,34.25,295948.0
2016-03-23 13:30:00,34.26,34.27,34.26,34.26,528145.0
2016-03-23 13:45:00,34.29,34.29,34.29,34.29,360059.0
2016-03-23 14:00:00,34.31,34.32,34.31,34.31,346046.0
2016-03-23 14:15:00,34.33,34.33,34.33,34.33,367703.0
2016-03-23 14:30:00,34.32,34.32,34.32,34.32,333392.0
2016-03-23 14:45:00,34.36,34.37,34.36,34.36,424627.0
2016-03-23 15:00:00,34.39,34.39,34.39,34.39,452079.0
2016-03-23 15:15:00,34.39,34.4,34.39,34.4,423680.0
2016-03-23 15:30:00,34.4,34.41,34.4,34.4,333204.0
2016-03-23 15:45:00,34.41,34.41,34.41,34.41,379746.0
2016-03-24 09:30:00,34.13,34.13,34.13,34.13,245175.0
2016-03-24 09:45:00,34.13,34.14,34.13,34.13,177548.0
2016-03-24 10:00:00,34.15,34.16,34.15,34.15,292250.0
2016-03-24 10:15:00,34.16,34.16,34.16,34.16,226601.0
2016-03-24 10:30:00,34.18,34.18,34.18,34.18,166782.0
2016-03-24 10:45:00,34.19,34.19,34.19,34.19,182348.0
2016-03-24 11:00:00,34.21,34.21,34.21,34.21,192351.0
2016-03-24 11:15:00,34.22,34.22,34.22,34.22,304392.0
2016-03-24 11:30:00,34.24,34.24,34.24,34.24,275830.0
2016-03-24 11:45:00,34.25,34.25,34.25,34.25,183489.0
2016-03-24 12:00:00,34.25,34.25,34.25,34.25,246781.0
2016-03-24 12:15:00,34.28,34.28,34.28,34.28,175802.0
2016-03-24 12:30:00,34.29,34.3,34.29,34.3,281437.0
2016-03-24 12:45:00,34.31,34.31,34.31,34.31,298296.0
2016-03-24 13:00:00,34.32,34.32,34.32,34.32,186745.0
2016-03-24 13:15:00,34.32,34.32,34.32,34.32,170539.0
2016-03-24 13:30:00,34.35,34.35,34.35,34.35,234622.0
2016-03-24 13:45:00,34.38,34.39,34.38,34.38,288052.0
2016-03-24 14:00:00,34.37,34.37,34.37,34.37,275377.0
2016-03-24 14:15:00,34.39,34.39,34.39,34.39,198911.0
2016-03-24 14:30:00,34.42,34.43,34.42,34.43,219536.0
2016-03-24 14:45:00,34.42,34.42,34.42,34.42,267470.0
2016-03-24 15:00:00,34.43,34.43,34.43,34.43,304943.0
2016-03-24 15:15:00,34.44,34.44,34.44,34.44,222048.0
2016-03-24 15:30:00,34.46,34.46,34.46,34.46,183661.0
2016-03-24 15:45:00,34.49,34.49,34.49,34.49,230100.0
2016-03-28 09:30:00,34.43,34.43,34.43,34.43,254013.0
2016-03-28 09:45:00,34.42,34.42,34.42,34.42,224737.0
2016-03-28 10:15:00,34.46,34.46,34.46,34.46,227775.0
2016-03-28 10:30:00,34.49,34.49,34.49,34.49,222231.0
2016-03-28 10:45:00,34.5,34.5,34.5,34.5,285625.0
2016-03-28 11:00:00,34.52,34.52,34.52,34.52,207873.0
2016-03-28 11:30:00,34.55,34.55,34.55,34.55,227220.0
2016-03-28 11:45:00,34.57,34.57,34.57,34.57,324749.0
2016-03-28 12:00:00,34.57,34.57,34.57,34.57,229281.0
2016-03-28 12:15:00,34.59,34.59,34.59,34.59,244140.0
2016-03-28 12:30:00,34.61,34.61,34.61,34.61,328216.0
2016-03-28 12:45:00,34.62,34.62,34.62,34.62,185898.0
2016-03-28 13:00:00,34.65,34.65,34.65,34.65,293978.0
2016-03-28 13:15:00,34.67,34.67,34.67,34.67,268307.0
2016-03-28 13:45:00,34.7,34.7,34.7,34.7,191922.0
2016-03-28 14:00:00,34.72,34.72,34.72,34.72,274819.0
2016-03-28 14:15:00,34.73,34.74,34.73,34.73,199604.0
2016-03-28 14:30:00,34.75,34.76,34.75,34.75,226914.0
2016-03-28 14:45:00,34.78,34.78,34.78,34.78,192420.0
2016-03-28 15:00:00,34.78,34.78,34.78,34.78,210639.0
2016-03-28 15:15:00,34.8,34.81,34.8,34.81,315441.0
2016-03-28 15:30:00,34.8,34.8,34.8,34.8,291599.0
2016-03-28 15:45:00,34.83,34.83,34.83,34.83,192892.0
2016-03-29 09:30:00,34.68,34.69,34.68,34.68,203181.0
2016-03-29 09:45:00,34.71,34.71,34.71,34.71,315967.0
2016-03-29 10:00:00,34.72,34.73,34.72,34.72,243159.0
2016-03-29 10:15:00,34.78,34.78,34.78,34.78,222838.0
2016-03-29 10:30:00,34.78,34.78,34.78,34.78,177367.0
2016-03-29 10:45:00,34.83,34.83,34.83,34.83,283107.0
2016-03-29 11:00:00,34.86,34.86,34.86,34.86,281560.0
2016-03-29 11:15:00,34.88,34.89,34.88,34.88,324444.0
2016-03-29 11:30:00,34.9,34.91,34.9,34.9,240462.0
2016-03-29 11:45:00,34.93,34.93,34.93,34.93,323188.0
2016-03-29 12:00:00,34.96,34.96,34.96,34.96,258079.0
2016-03-29 12:15:00,34.96,34.96,34.96,34.96,297696.0
2016-03-29 12:30:00,35.02,35.02,35.02,35.02,276813.0
2016-03-29 13:00:00,35.08,35.08,35.08,35.08,225380.0
2016-03-29 13:15:00,35.1,35.1,35.1,35.1,195921.0
2016-03-29 13:30:00,35.13,35.13,35.13,35.13,220509.0
2016-03-29 13:45:00,35.17,35.17,35.17,35.17,214648.0
2016-03-29 14:00:00,35.2,35.2,35.2,35.2,261578.0
2016-03-29 14:15:00,35.22,35.22,35.22,35.22,256835.0
2016-03-29 14:30:00,35.25,35.25,35.25,35.25,244368.0
2016-03-29 14:45:00,35.28,35.28,35.28,35.28,228905.0
2016-03-29 15:00:00,35.3,35.3,35.3,35.3,241710.0
2016-03-29 15:15:00,35.32,35.32,35.32,35.32,236016.0
2016-03-29 15:30:00,35.37,35.37,35.37,35.37,305503.0
2016-03-29 15:45:00,35.39,35.4,35.39,35.39,242184.0
2016-03-30 09:30:00,35.51,35.51,35.51,35.51,433366.0
2016-03-30 09:45:00,35.54,35.54,35.54,35.54,339661.0
2016-03-30 10:00:00,35.55,35.55,35.55,35.55,423770.0
2016-03-30 10:15:00,35.55,35.55,35.55,35.55,287008.0
2016-03-30 10:30:00,35.57,35.57,35.56,35.57,404290.0
2016-03-30 10:45:00,35.56,35.57,35.56,35.56,256224.0
2016-03-30 11:00:00,35.58,35.58,35.58,35.58,431268.0
2016-03-30 11:15:00,35.61,35.61,35.61,35.61,358712.0
2016-03-30 11:30:00,35.6,35.6,35.6,35.6,470740.0
2016-03-30 11:45:00,35.63,35.63,35.63,35.63,297089.0
2016-03-30 12:00:00,35.61,35.62,35.61,35.61,253770.0
2016-03-30 12:15:00,35.59,35.6,35.59,35.6,420872.0
2016-03-30 12:30:00,35.63,35.64,35.63,35.63,404985.0
2016-03-30 12:45:00,35.69,35.69,35.69,35.69,413632.0
2016-03-30 13:00:00,35.66,35.66,35.66,35.66,403120.0
2016-03-30 13:15:00,35.66,35.66,35.65,35.65,284355.0
2016-03-30 13:30:00,35.68,35.69,35.68,35.68,280547.0
2016-03-30 13:45:00,35.66,35.66,35.66,35.66,375659.0
2016-03-30 14:00:00,35.69,35.69,35.69,35.69,438564.0
2016-03-30 14:15:00,35.7,35.7,35.7,35.7,395956.0
2016-03-30 14:30:00,35.71,35.71,35.71,35.71,260017.0
2016-03-30 14:45:00,35.71,35.71,35.71,35.71,254971.0
2016-03-30 15:00:00,35.73,35.73,35.73,35.73,399462.0
2016-03-30 15:15:00,35.74,35.74,35.74,35.74,310739.0
2016-03-30 15:30:00,35.76,35.76,35.76,35.76,365051.0
2016-03-30 15:45:00,35.77,35.77,35.77,35.77,259764.0
2016-03-31 09:30:00,35.92,35.92,35.92,35.92,355700.0
2016-03-31 09:45:00,35.91,35.92,35.91,35.91,363300.0
2016-03-31 10:00:00,35.9,35.9,35.9,35.9,348315.0
2016-03-31 10:15:00,35.88,35.89,35.88,35.89,286863.0
2016-03-31 10:30:00,35.87,35.87,35.87,35.87,281276.0
2016-03-31 10:45:00,35.86,35.86,35.86,35.86,443180.0
2016-03-31 11:00:00,35.85,35.86,35.85,35.86,413689.0
2016-03-31 11:15:00,35.84,35.84,35.84,35.84,296361.0
2016-03-31 11:45:00,35.8,35.8,35.8,35.8,374711.0
2016-03-31 12:00:00,35.8,35.8,35.8,35.8,288011.0
2016-03-31 12:15:00,35.79,35.79,35.79,35.79,329991.0
2016-03-31 12:30:00,35.78,35.78,35.78,35.78,299574.0
2016-03-31 13:00:00,35.76,35.76,35.76,35.76,322217.0
2016-03-31 13:15:00,35.74,35.74,35.74,35.74,396912.0
2016-03-31 13:30:00,35.74,35.74,35.74,35.74,294157.0
2016-03-31 13:45:00,35.72,35.72,35.72,35.72,311939.0
2016-03-31 14:00:00,35.7,35.71,35.7,35.71,391936.0
2016-03-31 14:15:00,35.7,35.7,35.7,35.7,469567.0
2016-03-31 14:30:00,35.69,35.69,35.69,35.69,408097.0
2016-03-31 14:45:00,35.66,35.66,35.66,35.66,432115.0
2016-03-31 15:00:00,35.66,35.66,35.66,35.66,349706.0
2016-03-31 15:15:00,35.66,35.66,35.66,35.66,408125.0
2016-03-31 15:30:00,35.64,35.64,35.64,35.64,416998.0
2016-03-31 15:45:00,35.63,35.63,35.63,35.63,402409.0
2016-04-01 09:30:00,35.41,35.42,35.41,35.41,332997.0
2016-04-01 09:45:00,35.42,35.42,35.42,35.42,319936.0
2016-04-01 10:00:00,35.46,35.46,35.46,35.46,239390.0
2016-04-01 10:15:00,35.5,35.5,35.5,35.5,342166.0
2016-04-01 10:30:00,35.53,35.53,35.53,35.53,429220.0
2016-04-01 10:45:00,35.55,35.56,35.55,35.55,398092.0
2016-04-01 11:00:00,35.59,35.59,35.59,35.59,409624.0
2016-04-01 11:15:00,35.57,35.57,35.56,35.57,258111.0
2016-04-01 11:30:00,35.66,35.66,35.66,35.66,249027.0
2016-04-01 11:45:00,35.66,35.66,35.66,35.66,316380.0
2016-04-01 12:00:00,35.7,35.7,35.7,35.7,355916.0
2016-04-01 12:15:00,35.72,35.73,35.72,35.73,344212.0
2016-04-01 12:45:00,35.79,35.79,35.79,35.79,271226.0
2016-04-01 13:00:00,35.84,35.85,35.84,35.84,371972.0
2016-04-01 13:15:00,35.85,35.85,35.85,35.85,419287.0
2016-04-01 13:30:00,35.88,35.88,35.87,35.88,241517.0
2016-04-01 13:45:00,35.91,35.91,35.91,35.91,300237.0
2016-04-01 14:00:00,35.95,35.96,35.95,35.95,334586.0
2016-04-01 14:15:00,35.95,35.95,35.95,35.95,407834.0
2016-04-01 14:30:00,36.0,36.01,36.0,36.01,271598.0
2016-04-01 14:45:00,36.03,36.03,36.03,36.03,316512.0
2016-04-01 15:00:00,36.05,36.05,36.05,36.05,306347.0
2016-04-01 15:15:00,36.08,36.08,36.07,36.08,377560.0
2016-04-01 15:30:00,36.13,36.13,36.13,36.13,292301.0
2016-04-01 15:45:00,36.15,36.16,36.15,36.15,242036.0
2016-04-04 09:30:00,36.46,36.46,36.45,36.46,297826.0
2016-04-04 09:45:00,36.42,36.43,36.42,36.42,440655.0
2016-04-04 10:00:00,36.39,36.39,36.39,36.39,266594.0
2016-04-04 10:15:00,36.38,36.38,36.38,36.38,351277.0
2016-04-04 10:45:00,36.34,36.34,36.34,36.34,289912.0
2016-04-04 11:00:00,36.27,36.27,36.27,36.27,295972.0
2016-04-04 11:15:00,36.27,36.27,36.27,36.27,305121.0
2016-04-04 11:30:00,36.22,36.22,36.22,36.22,393450.0
2016-04-04 11:45:00,36.21,36.22,36.21,36.21,372619.0
2016-04-04 12:00:00,36.19,36.19,36.19,36.19,386680.0
2016-04-04 12:15:00,36.17,36.17,36.17,36.17,313430.0
2016-04-04 12:45:00,36.11,36.11,36.11,36.11,369626.0
2016-04-04 13:00:00,36.07,36.07,36.07,36.07,334941.0
2016-04-04 13:15:00,36.05,36.06,36.05,36.05,440562.0
2016-04-04 13:30:00,36.03,36.03,36.03,36.03,365037.0
2016-04-04 13:45:00,36.0,36.0,36.0,36.0,335254.0
2016-04-04 14:00:00,35.99,36.0,35.99,35.99,393074.0
2016-04-04 14:30:00,35.91,35.91,35.91,35.91,466942.0
2016-04-04 14:45:00,35.91,35.91,35.91,35.91,446889.0
2016-04-04 15:15:00,35.85,35.85,35.85,35.85,419400.0
2016-04-04 15:30:00,35.82,35.83,35.82,35.83,407456.0
2016-04-04 15:45:00,35.8,35.8,35.8,35.8,462919.0
2016-04-05 09:45:00,35.49,35.49,35.49,35.49,383769.0
2016-04-05 10:00:00,35.49,35.5,35.49,35.49,267324.0
2016-04-05 10:15:00,35.51,35.51,35.51,35.51,288889.0
2016-04-05 10:30:00,35.52,35.52,35.52,35.52,298059.0
2016-04-05 10:45:00,35.52,35.53,35.52,35.53,373146.0
2016-04-05 11:00:00,35.54,35.54,35.54,35.54,229902.0
2016-04-05 11:15:00,35.54,35.54,35.54,35.54,420207.0
2016-04-05 11:30:00,35.56,35.56,35.56,35.56,305324.0
2016-04-05 11:45:00,35.58,35.58,35.58,35.58,371483.0
2016-04-05 12:00:00,35.59,35.6,35.59,35.59,288441.0
2016-04-05 12:15:00,35.6,35.6,35.6,35.6,380134.0
2016-04-05 12:30:00,35.62,35.63,35.62,35.62,320596.0
2016-04-05 12:45:00,35.64,35.64,35.64,35.64,373952.0
2016-04-05 13:00:00,35.61,35.62,35.61,35.61,230495.0
2016-04-05 13:15:00,35.65,35.65,35.65,35.65,281053.0
2016-04-05 13:30:00,35.65,35.66,35.65,35.65,259396.0
2016-04-05 13:45:00,35.64,35.64,35.64,35.64,310135.0
2016-04-05 14:00:00,35.69,35.69,35.69,35.69,329886.0
2016-04-05 14:15:00,35.68,35.68,35.68,35.68,329047.0
2016-04-05 14:30:00,35.69,35.69,35.69,35.69,288874.0
2016-04-05 14:45:00,35.71,35.71,35.71,35.71,262188.0
2016-04-05 15:00:00,35.72,35.72,35.72,35.72,267121.0
2016-04-05 15:15:00,35.72,35.73,35.72,35.72,407510.0
2016-04-05 15:30:00,35.74,35.74,35.74,35.74,329950.0
2016-04-05 15:45:00,35.75,35.75,35.75,35.75,285278.0
2016-04-06 09:30:00,35.31,35.31,35.3,35.31,348069.0
2016-04-06 09:45:00,35.31,35.31,35.31,35.31,534561.0
2016-04-06 10:15:00,35.37,35.37,35.37,35.37,413446.0
2016-04-06 10:30:00,35.38,35.38,35.38,35.38,509447.0
2016-04-06 10:45:00,35.4,35.41,35.4,35.4,342974.0
2016-04-06 11:00:00,35.42,35.42,35.42,35.42,439195.0
2016-04-06 11:15:00,35.42,35.42,35.42,35.42,532484.0
2016-04-06 11:30:00,35.49,35.5,35.49,35.5,446700.0
2016-04-06 11:45:00,35.46,35.47,35.46,35.47,490784.0
2016-04-06 12:00:00,35.51,35.51,35.5,35.51,369311.0
2016-04-06 12:15:00,35.53,35.53,35.53,35.53,366902.0
2016-04-06 12:30:00,35.53,35.54,35.53,35.53,404332.0
2016-04-06 12:45:00,35.56,35.56,35.56,35.56,430458.0
2016-04-06 13:00:00,35.59,35.6,35.58,35.59,489353.0
2016-04-06 13:15:00,35.59,35.6,35.59,35.6,336744.0
2016-04-06 13:30:00,35.64,35.64,35.64,35.64,321655.0
2016-04-06 13:45:00,35.67,35.68,35.67,35.68,508352.0
2016-04-06 14:00:00,35.66,35.66,35.66,35.66,352280.0
2016-04-06 14:15:00,35.66,35.66,35.66,35.66,539543.0
2016-04-06 14:30:00,35.68,35.69,35.68,35.69,385006.0
2016-04-06 14:45:00,35.71,35.72,35.71,35.71,456391.0
2016-04-06 15:00:00,35.74,35.74,35.74,35.74,424043.0
2016-04-06 15:15:00,35.76,35.76,35.76,35.76,513102.0
2016-04-06 15:30:00,35.74,35.74,35.73,35.74,539607.0
2016-04-06 15:45:00,35.8,35.8,35.8,35.8,393022.0
2016-04-07 09:30:00,35.57,35.57,35.57,35.57,427910.0
2016-04-07 09:45:00,35.56,35.57,35.56,35.56,352132.0
2016-04-07 10:00:00,35.56,35.56,35.56,35.56,345434.0
2016-04-07 10:15:00,35.54,35.55,35.54,35.54,275558.0
2016-04-07 10:30:00,35.56,35.56,35.56,35.56,261067.0
2016-04-07 10:45:00,35.54,35.54,35.54,35.54,383133.0
2016-04-07 11:00:00,35.54,35.54,35.54,35.54,391345.0
2016-04-07 11:15:00,35.54,35.54,35.54,35.54,464294.0
2016-04-07 11:30:00,35.54,35.54,35.54,35.54,410616.0
2016-04-07 11:45:00,35.52,35.52,35.52,35.52,360874.0
2016-04-07 12:00:00,35.51,35.51,35.51,35.51,283582.0
2016-04-07 12:15:00,35.52,35.52,35.52,35.52,307662.0
2016-04-07 12:30:00,35.5,35.51,35.5,35.5,438049.0
2016-04-07 12:45:00,35.5,35.5,35.5,35.5,299824.0
2016-04-07 13:00:00,35.5,35.5,35.5,35.5,286889.0
2016-04-07 13:15:00,35.48,35.48,35.48,35.48,357171.0
2016-04-07 13:30:00,35.49,35.49,35.49,35.49,398827.0
2016-04-07 13:45:00,35.48,35.48,35.48,35.48,358822.0
2016-04-07 14:00:00,35.46,35.46,35.46,35.46,318439.0
2016-04-07 14:15:00,35.47,35.47,35.46,35.47,449648.0
2016-04-07 14:30:00,35.46,35.46,35.46,35.46,280417.0
2016-04-07 14:45:00,35.45,35.45,35.45,35.45,335924.0
2016-04-07 15:00:00,35.44,35.44,35.43,35.44,417411.0
2016-04-07 15:15:00,35.43,35.43,35.43,35.43,266320.0
2016-04-07 15:30:00,35.44,35.44,35.44,35.44,330415.0
2016-04-07 15:45:00,35.43,35.43,35.43,35.43,413496.0
2016-04-08 09:30:00,35.73,35.73,35.73,35.73,212429.0
2016-04-08 09:45:00,35.72,35.72,35.72,35.72,251399.0
2016-04-08 10:00:00,35.73,35.73,35.73,35.73,176941.0
2016-04-08 10:15:00,35.7,35.7,35.7,35.7,183834.0
2016-04-08 10:30:00,35.71,35.71,35.71,35.71,203814.0
2016-04-08 10:45:00,35.71,35.71,35.71,35.71,229617.0
2016-04-08 11:00:00,35.71,35.71,35.7,35.71,184497.0
2016-04-08 11:15:00,35.7,35.7,35.69,35.7,209594.0
2016-04-08 11:30:00,35.7,35.71,35.7,35.71,257748.0
2016-04-08 11:45:00,35.7,35.7,35.7,35.7,286009.0
2016-04-08 12:00:00,35.7,35.7,35.7,35.7,203954.0
2016-04-08 12:15:00,35.69,35.69,35.69,35.69,237778.0
2016-04-08 12:30:00,35.68,35.69,35.68,35.69,254927.0
2016-04-08 12:45:00,35.69,35.69,35.69,35.69,222693.0
2016-04-08 13:00:00,35.68,35.69,35.68,35.68,313438.0
2016-04-08 13:15:00,35.69,35.69,35.69,35.69,309547.0
2016-04-08 13:30:00,35.68,35.68,35.68,35.68,278329.0
2016-04-08 13:45:00,35.68,35.68,35.68,35.68,243242.0
2016-04-08 14:00:00,35.65,35.65,35.65,35.65,188050.0
2016-04-08 14:15:00,35.67,35.67,35.67,35.67,292861.0
2016-04-08 14:30:00,35.69,35.69,35.68,35.69,307907.0
2016-04-08 15:00:00,35.66,35.66,35.66,35.66,290095.0
2016-04-08 15:15:00,35.66,35.66,35.66,35.66,273524.0
2016-04-08 15:30:00,35.67,35.67,35.66,35.67,215894.0
2016-04-08 15:45:00,35.65,35.66,35.65,35.65,200833.0
2016-04-11 09:30:00,35.87,35.88,35.87,35.87,288202.0
2016-04-11 09:45:00,35.86,35.86,35.86,35.86,355517.0
2016-04-11 10:00:00,35.87,35.87,35.86,35.86,335429.0
2016-04-11 10:15:00,35.87,35.87,35.87,35.87,382565.0
2016-04-11 10:30:00,35.87,35.87,35.87,35.87,457467.0
2016-04-11 10:45:00,35.87,35.87,35.87,35.87,356480.0
2016-04-11 11:00:00,35.86,35.86,35.86,35.86,481779.0
2016-04-11 11:15:00,35.88,35.88,35.87,35.88,262911.0
2016-04-11 11:30:00,35.86,35.86,35.86,35.86,337951.0
2016-04-11 11:45:00,35.88,35.88,35.88,35.88,422076.0
2016-04-11 12:00:00,35.87,35.87,35.87,35.87,322587.0
2016-04-11 12:15:00,35.89,35.89,35.89,35.89,314063.0
2016-04-11 12:30:00,35.87,35.87,35.87,35.87,341801.0
2016-04-11 12:45:00,35.86,35.86,35.86,35.86,319551.0
2016-04-11 13:00:00,35.89,35.89,35.89,35.89,312075.0
2016-04-11 13:15:00,35.88,35.88,35.88,35.88,376035.0
2016-04-11 13:30:00,35.88,35.88,35.88,35.88,421114.0
2016-04-11 13:45:00,35.87,35.87,35.87,35.87,459014.0
2016-04-11 14:00:00,35.88,35.88,35.88,35.88,327067.0
2016-04-11 14:15:00,35.87,35.87,35.87,35.87,340453.0
2016-04-11 14:30:00,35.88,35.89,35.88,35.88,360898.0
2016-04-11 14:45:00,35.88,35.88,35.88,35.88,281516.0
2016-04-11 15:00:00,35.87,35.88,35.87,35.88,442183.0
2016-04-11 15:15:00,35.88,35.88,35.88,35.88,472172.0
2016-04-11 15:30:00,35.88,35.88,35.88,35.88,431030.0
2016-04-11 15:45:00,35.89,35.89,35.88,35.89,419465.0
2016-04-12 09:30:00,36.01,36.01,36.01,36.01,346911.0
2016-04-12 09:45:00,36.0,36.0,36.0,36.0,336340.0
2016-04-12 10:00:00,35.97,35.97,35.97,35.97,246671.0
2016-04-12 10:15:00,35.98,35.99,35.98,35.98,282474.0
2016-04-12 10:30:00,35.97,35.97,35.97,35.97,314758.0
2016-04-12 10:45:00,35.97,35.97,35.97,35.97,316460.0
2016-04-12 11:00:00,35.95,35.95,35.95,35.95,313270.0
2016-04-12 11:15:00,35.95,35.96,35.95,35.95,351623.0
2016-04-12 11:45:00,35.95,35.96,35.95,35.95,301589.0
2016-04-12 12:00:00,35.94,35.95,35.94,35.94,365822.0
2016-04-12 12:15:00,35.94,35.94,35.94,35.94,357400.0
2016-04-12 12:30:00,35.94,35.94,35.94,35.94,198243.0
2016-04-12 12:45:00,35.91,35.91,35.91,35.91,259492.0
2016-04-12 13:00:00,35.91,35.91,35.91,35.91,319222.0
2016-04-12 13:15:00,35.89,35.89,35.89,35.89,208588.0
2016-04-12 13:30:00,35.91,35.91,35.91,35.91,202787.0
2016-04-12 13:45:00,35.87,35.88,35.87,35.87,284399.0
2016-04-12 14:00:00,35.88,35.89,35.88,35.88,260873.0
2016-04-12 14:15:00,35.88,35.88,35.88,35.88,275169.0
2016-04-12 14:45:00,35.87,35.87,35.87,35.87,266313.0
2016-04-12 15:00:00,35.86,35.86,35.86,35.86,291375.0
2016-04-12 15:15:00,35.85,35.86,35.85,35.85,311756.0
2016-04-12 15:30:00,35.84,35.84,35.84,35.84,204275.0
2016-04-12 15:45:00,35.82,35.82,35.82,35.82,280624.0
2016-04-13 09:30:00,36.0,36.0,36.0,36.0,394878.0
2016-04-13 09:45:00,36.04,36.04,36.04,36.04,409472.0
2016-04-13 10:00:00,36.09,36.09,36.09,36.09,275117.0
2016-04-13 10:15:00,36.11,36.11,36.11,36.11,279610.0
2016-04-13 10:30:00,36.12,36.12,36.11,36.12,266978.0
2016-04-13 10:45:00,36.15,36.15,36.15,36.15,377992.0
2016-04-13 11:00:00,36.2,36.2,36.2,36.2,258387.0
2016-04-13 11:15:00,36.23,36.23,36.23,36.23,325935.0
2016-04-13 11:30:00,36.24,36.24,36.24,36.24,420449.0
2016-04-13 11:45:00,36.28,36.28,36.28,36.28,307182.0
2016-04-13 12:00:00,36.3,36.31,36.3,36.3,253439.0
2016-04-13 12:15:00,36.33,36.33,36.33,36.33,236453.0
2016-04-13 12:30:00,36.34,36.34,36.34,36.34,263966.0
2016-04-13 12:45:00,36.38,36.38,36.38,36.38,370931.0
2016-04-13 13:00:00,36.41,36.41,36.41,36.41,418116.0
2016-04-13 13:15:00,36.44,36.45,36.44,36.44,274660.0
2016-04-13 13:30:00,36.46,36.47,36.46,36.46,298702.0
2016-04-13 13:45:00,36.5,36.5,36.5,36.5,400455.0
2016-04-13 14:00:00,36.55,36.55,36.55,36.55,307123.0
2016-04-13 14:15:00,36.57,36.57,36.57,36.57,350102.0
2016-04-13 14:30:00,36.6,36.6,36.6,36.6,325996.0
2016-04-13 14:45:00,36.61,36.61,36.61,36.61,296899.0
2016-04-13 15:00:00,36.65,36.65,36.65,36.65,241880.0
2016-04-13 15:15:00,36.67,36.67,36.67,36.67,373226.0
2016-04-13 15:30:00,36.72,36.72,36.71,36.71,280260.0
2016-04-13 15:45:00,36.74,36.74,36.74,36.74,289816.0
2016-04-14 09:30:00,36.65,36.65,36.65,36.65,395667.0
2016-04-14 09:45:00,36.65,36.65,36.65,36.65,419948.0
2016-04-14 10:00:00,36.65,36.65,36.65,36.65,360245.0
2016-04-14 10:15:00,36.66,36.67,36.66,36.67,476900.0
2016-04-14 10:30:00,36.67,36.67,36.67,36.67,482260.0
2016-04-14 11:00:00,36.69,36.69,36.69,36.69,342535.0
2016-04-14 11:15:00,36.7,36.71,36.7,36.7,376763.0
2016-04-14 11:30:00,36.69,36.69,36.69,36.69,329197.0
2016-04-14 11:45:00,36.71,36.71,36.71,36.71,438544.0
2016-04-14 12:00:00,36.72,36.72,36.72,36.72,424927.0
2016-04-14 12:15:00,36.72,36.73,36.72,36.73,452029.0
2016-04-14 12:30:00,36.73,36.73,36.73,36.73,477018.0
2016-04-14 12:45:00,36.75,36.75,36.75,36.75,475447.0
2016-04-14 13:00:00,36.76,36.76,36.76,36.76,434935.0
2016-04-14 13:15:00,36.78,36.78,36.78,36.78,505087.0
2016-04-14 13:30:00,36.77,36.77,36.77,36.77,306791.0
2016-04-14 13:45:00,36.78,36.78,36.78,36.78,454434.0
2016-04-14 14:00:00,36.78,36.78,36.78,36.78,425469.0
2016-04-14 14:15:00,36.79,36.79,36.79,36.79,305039.0
2016-04-14 14:30:00,36.8,36.8,36.8,36.8,292459.0
2016-04-14 14:45:00,36.81,36.81,36.81,36.81,408053.0
2016-04-14 15:00:00,36.82,36.82,36.82,36.82,288947.0
2016-04-14 15:30:00,36.83,36.83,36.83,36.83,364765.0
2016-04-14 15:45:00,36.83,36.83,36.83,36.83,510933.0
2016-04-15 09:30:00,36.84,36.84,36.84,36.84,461132.0
2016-04-15 09:45:00,36.85,36.85,36.85,36.85,317127.0
2016-04-15 10:00:00,36.85,36.85,36.85,36.85,466107.0
2016-04-15 10:15:00,36.85,36.85,36.85,36.85,467857.0
2016-04-15 10:30:00,36.88,36.88,36.88,36.88,392105.0
2016-04-15 10:45:00,36.89,36.89,36.89,36.89,329910.0
2016-04-15 11:00:00,36.9,36.9,36.9,36.9,358248.0
2016-04-15 11:15:00,36.91,36.91,36.91,36.91,315936.0
2016-04-15 11:45:00,36.94,36.94,36.94,36.94,484629.0
2016-04-15 12:00:00,36.96,36.96,36.96,36.96,340734.0
2016-04-15 12:15:00,36.96,36.96,36.96,36.96,369947.0
2016-04-15 12:30:00,36.98,36.98,36.98,36.98,536927.0
2016-04-15 12:45:00,36.99,36.99,36.99,36.99,318084.0
2016-04-15 13:00:00,37.0,37.0,37.0,37.0,423527.0
2016-04-15 13:15:00,37.0,37.01,37.0,37.0,329925.0
2016-04-15 13:30:00,37.01,37.02,37.01,37.02,298343.0
2016-04-15 13:45:00,37.03,37.03,37.03,37.03,516730.0
2016-04-15 14:00:00,37.04,37.04,37.04,37.04,475856.0
2016-04-15 14:15:00,37.06,37.06,37.06,37.06,347312.0
2016-04-15 14:30:00,37.06,37.07,37.06,37.06,361995.0
2016-04-15 14:45:00,37.07,37.07,37.07,37.07,318319.0
2016-04-15 15:00:00,37.09,37.09,37.09,37.09,490658.0
2016-04-15 15:15:00,37.11,37.11,37.11,37.11,357695.0
2016-04-15 15:30:00,37.12,37.12,37.12,37.12,313592.0
2016-04-15 15:45:00,37.13,37.13,37.13,37.13,382750.0
2016-04-18 09:30:00,37.05,37.05,37.05,37.05,359425.0
2016-04-18 09:45:00,37.06,37.06,37.06,37.06,319120.0
2016-04-18 10:00:00,37.04,37.05,37.04,37.05,361083.0
2016-04-18 10:30:00,37.05,37.05,37.05,37.05,292907.0
2016-04-18 10:45:00,37.04,37.04,37.04,37.04,369341.0
2016-04-18 11:00:00,37.04,37.04,37.04,37.04,220722.0
2016-04-18 11:15:00,37.03,37.04,37.03,37.03,257515.0
2016-04-18 11:30:00,37.04,37.04,37.04,37.04,259191.0
2016-04-18 11:45:00,37.02,37.02,37.02,37.02,269215.0
2016-04-18 12:00:00,37.03,37.03,37.03,37.03,253066.0
2016-04-18 12:15:00,37.02,37.02,37.02,37.02,339121.0
2016-04-18 12:45:00,37.01,37.02,37.01,37.01,343173.0
2016-04-18 13:00:00,37.01,37.01,37.01,37.01,352224.0
2016-04-18 13:15:00,37.01,37.01,37.01,37.01,326391.0
2016-04-18 13:30:00,37.0,37.0,37.0,37.0,266704.0
2016-04-18 13:45:00,36.99,36.99,36.99,36.99,308986.0
2016-04-18 14:00:00,36.99,37.0,36.99,36.99,281278.0
2016-04-18 14:15:00,36.99,36.99,36.99,36.99,340114.0
2016-04-18 14:30:00,37.01,37.01,37.01,37.01,379171.0
2016-04-18 14:45:00,36.98,36.99,36.98,36.99,237089.0
2016-04-18 15:00:00,36.98,36.98,36.98,36.98,337924.0
2016-04-18 15:15:00,36.98,36.98,36.98,36.98,209602.0
2016-04-18 15:30:00,36.97,36.97,36.97,36.97,248643.0
2016-04-18 15:45:00,36.97,36.97,36.97,36.97,232672.0
2016-04-19 09:30:00,37.1,37.11,37.1,37.1,264130.0
2016-04-19 09:45:00,37.09,37.1,37.09,37.09,314385.0
2016-04-19 10:00:00,37.04,37.04,37.04,37.04,385785.0
2016-04-19 10:15:00,37.01,37.01,37.01,37.01,276607.0
2016-04-19 10:30:00,37.01,37.01,37.01,37.01,382861.0
2016-04-19 10:45:00,36.93,36.93,36.92,36.93,261670.0
2016-04-19 11:00:00,36.89,36.89,36.89,36.89,379709.0
2016-04-19 11:15:00,36.87,36.88,36.87,36.87,346019.0
2016-04-19 11:30:00,36.86,36.86,36.86,36.86,323466.0
2016-04-19 11:45:00,36.82,36.82,36.82,36.82,296969.0
2016-04-19 12:00:00,36.79,36.79,36.78,36.79,270789.0
2016-04-19 12:15:00,36.76,36.76,36.76,36.76,310206.0
2016-04-19 12:30:00,36.76,36.76,36.75,36.76,378075.0
2016-04-19 12:45:00,36.69,36.69,36.69,36.69,250508.0
2016-04-19 13:00:00,36.67,36.68,36.67,36.67,230234.0
2016-04-19 13:15:00,36.61,36.62,36.61,36.62,348678.0
2016-04-19 13:45:00,36.57,36.57,36.57,36.57,371281.0
2016-04-19 14:00:00,36.55,36.55,36.55,36.55,268122.0
2016-04-19 14:15:00,36.5,36.5,36.5,36.5,324550.0
2016-04-19 14:30:00,36.46,36.47,36.46,36.46,359427.0
2016-04-19 14:45:00,36.44,36.44,36.44,36.44,301331.0
2016-04-19 15:00:00,36.42,36.42,36.42,36.42,279294.0
2016-04-19 15:15:00,36.36,36.36,36.35,36.36,232090.0
2016-04-19 15:30:00,36.34,36.34,36.34,36.34,331945.0
2016-04-19 15:45:00,36.3,36.3,36.3,36.3,274645.0
2016-04-20 09:30:00,36.24,36.24,36.24,36.24,207063.0
2016-04-20 09:45:00,36.26,36.26,36.26,36.26,184965.0
2016-04-20 10:00:00,36.26,36.27,36.26,36.27,183054.0
2016-04-20 10:15:00,36.27,36.27,36.27,36.27,139020.0
2016-04-20 10:30:00,36.29,36.29,36.29,36.29,190847.0
2016-04-20 10:45:00,36.29,36.29,36.29,36.29,203896.0
2016-04-20 11:00:00,36.3,36.3,36.3,36.3,197769.0
2016-04-20 11:15:00,36.3,36.3,36.3,36.3,234552.0
2016-04-20 11:30:00,36.32,36.32,36.32,36.32,138590.0
2016-04-20 11:45:00,36.32,36.32,36.32,36.32,156163.0
2016-04-20 12:00:00,36.32,36.33,36.32,36.32,195184.0
2016-04-20 12:15:00,36.34,36.34,36.34,36.34,162940.0
2016-04-20 12:30:00,36.35,36.35,36.35,36.35,211790.0
2016-04-20 12:45:00,36.34,36.35,36.34,36.35,149313.0
2016-04-20 13:00:00,36.37,36.37,36.37,36.37,237825.0
2016-04-20 13:15:00,36.37,36.37,36.37,36.37,198875.0
2016-04-20 13:30:00,36.38,36.38,36.38,36.38,184602.0
2016-04-20 13:45:00,36.39,36.39,36.39,36.39,202645.0
2016-04-20 14:00:00,36.39,36.4,36.39,36.39,135160.0
2016-04-20 14:15:00,36.4,36.4,36.4,36.4,138765.0
2016-04-20 14:30:00,36.41,36.41,36.41,36.41,167048.0
2016-04-20 14:45:00,36.42,36.42,36.42,36.42,219350.0
2016-04-20 15:00:00,36.43,36.43,36.43,36.43,174614.0
2016-04-20 15:15:00,36.43,36.44,36.43,36.43,210301.0
2016-04-20 15:30:00,36.44,36.44,36.44,36.44,234821.0
2016-04-20 15:45:00,36.45,36.45,36.45,36.45,232273.0
2016-04-21 09:30:00,36.46,36.46,36.46,36.46,153850.0
2016-04-21 09:45:00,36.46,36.46,36.46,36.46,146389.0
2016-04-21 10:00:00,36.46,36.46,36.46,36.46,122416.0
2016-04-21 10:15:00,36.46,36.46,36.46,36.46,186828.0
2016-04-21 10:30:00,36.45,36.45,36.45,36.45,181172.0
2016-04-21 10:45:00,36.45,36.45,36.45,36.45,171610.0
2016-04-21 11:00:00,36.45,36.45,36.45,36.45,122911.0
2016-04-21 11:15:00,36.45,36.45,36.45,36.45,138760.0
2016-04-21 11:30:00,36.44,36.44,36.44,36.44,191832.0
2016-04-21 11:45:00,36.45,36.45,36.45,36.45,165126.0
2016-04-21 12:00:00,36.45,36.45,36.45,36.45,177770.0
2016-04-21 12:15:00,36.44,36.44,36.44,36.44,208585.0
2016-04-21 12:30:00,36.44,36.44,36.44,36.44,161183.0
2016-04-21 12:45:00,36.43,36.43,36.43,36.43,192897.0
2016-04-21 13:00:00,36.43,36.43,36.43,36.43,211827.0
2016-04-21 13:15:00,36.43,36.43,36.43,36.43,152730.0
2016-04-21 13:30:00,36.43,36.43,36.43,36.43,153833.0
2016-04-21 13:45:00,36.42,36.42,36.42,36.42,193923.0
2016-04-21 14:00:00,36.42,36.42,36.42,36.42,156207.0
2016-04-21 14:15:00,36.42,36.42,36.42,36.42,199753.0
2016-04-21 14:30:00,36.43,36.43,36.43,36.43,218187.0
2016-04-21 14:45:00,36.42,36.42,36.42,36.42,173481.0
2016-04-21 15:00:00,36.41,36.41,36.41,36.41,215562.0
2016-04-21 15:15:00,36.4,36.4,36.4,36.4,205899.0
2016-04-21 15:30:00,36.4,36.41,36.4,36.4,121407.0
2016-04-21 15:45:00,36.41,36.41,36.41,36.41,205464.0
2016-04-22 09:30:00,36.54,36.54,36.54,36.54,246618.0
2016-04-22 09:45:00,36.53,36.53,36.53,36.53,256753.0
2016-04-22 10:00:00,36.49,36.5,36.49,36.49,265149.0
2016-04-22 10:15:00,36.48,36.48,36.48,36.48,214739.0
2016-04-22 10:30:00,36.49,36.49,36.49,36.49,249868.0
2016-04-22 10:45:00,36.48,36.48,36.48,36.48,268587.0
2016-04-22 11:00:00,36.47,36.47,36.47,36.47,221736.0
2016-04-22 11:15:00,36.46,36.46,36.46,36.46,171069.0
2016-04-22 11:30:00,36.43,36.43,36.42,36.43,255477.0
2016-04-22 11:45:00,36.42,36.42,36.42,36.42,181127.0
2016-04-22 12:00:00,36.43,36.43,36.43,36.43,181768.0
2016-04-22 12:15:00,36.42,36.42,36.42,36.42,192638.0
2016-04-22 12:30:00,36.41,36.41,36.41,36.41,197147.0
2016-04-22 12:45:00,36.39,36.39,36.39,36.39,240800.0
2016-04-22 13:00:00,36.38,36.38,36.38,36.38,194884.0
2016-04-22 13:15:00,36.38,36.39,36.38,36.38,269327.0
2016-04-22 13:30:00,36.36,36.37,36.36,36.36,199976.0
2016-04-22 13:45:00,36.35,36.35,36.35,36.35,194139.0
2016-04-22 14:00:00,36.36,36.36,36.36,36.36,272945.0
2016-04-22 14:15:00,36.33,36.33,36.33,36.33,275605.0
2016-04-22 14:30:00,36.32,36.33,36.32,36.33,218247.0
2016-04-22 14:45:00,36.31,36.31,36.31,36.31,222912.0
2016-04-22 15:15:00,36.29,36.29,36.29,36.29,192668.0
2016-04-22 15:30:00,36.28,36.28,36.28,36.28,201735.0
2016-04-22 15:45:00,36.27,36.27,36.27,36.27,271721.0
2016-04-25 09:30:00,36.28,36.28,36.28,36.28,177411.0
2016-04-25 09:45:00,36.27,36.28,36.27,36.28,224789.0
2016-04-25 10:00:00,36.29,36.3,36.29,36.29,222757.0
2016-04-25 10:15:00,36.3,36.3,36.3,36.3,202907.0
2016-04-25 10:30:00,36.31,36.31,36.31,36.31,172143.0
2016-04-25 10:45:00,36.32,36.32,36.32,36.32,142175.0
2016-04-25 11:00:00,36.32,36.32,36.32,36.32,219228.0
2016-04-25 11:15:00,36.33,36.33,36.33,36.33,210746.0
2016-04-25 11:30:00,36.34,36.35,36.34,36.35,224559.0
2016-04-25 11:45:00,36.36,36.36,36.36,36.36,138411.0
2016-04-25 12:00:00,36.35,36.35,36.35,36.35,151188.0
2016-04-25 12:15:00,36.35,36.35,36.35,36.35,238970.0
2016-04-25 12:30:00,36.36,36.36,36.36,36.36,151254.0
2016-04-25 12:45:00,36.37,36.37,36.37,36.37,237198.0
2016-04-25 13:00:00,36.36,36.36,36.36,36.36,185455.0
2016-04-25 13:15:00,36.37,36.37,36.37,36.37,156199.0
2016-04-25 13:30:00,36.39,36.39,36.39,36.39,163999.0
2016-04-25 13:45:00,36.4,36.41,36.4,36.41,159605.0
2016-04-25 14:00:00,36.4,36.4,36.4,36.4,228643.0
2016-04-25 14:15:00,36.41,36.41,36.41,36.41,178296.0
2016-04-25 14:30:00,36.41,36.42,36.41,36.42,176829.0
2016-04-25 14:45:00,36.42,36.42,36.42,36.42,185062.0
2016-04-25 15:00:00,36.43,36.43,36.43,36.43,136995.0
2016-04-25 15:15:00,36.43,36.43,36.43,36.43,225076.0
2016-04-25 15:30:00,36.44,36.44,36.44,36.44,226711.0
2016-04-25 15:45:00,36.44,36.44,36.44,36.44,203000.0
2016-04-26 09:30:00,36.67,36.67,36.67,36.67,267058.0
2016-04-26 09:45:00,36.68,36.68,36.68,36.68,196876.0
2016-04-26 10:00:00,36.67,36.67,36.66,36.67,242067.0
2016-04-26 10:15:00,36.65,36.66,36.65,36.65,248802.0
2016-04-26 10:30:00,36.62,36.62,36.62,36.62,233766.0
2016-04-26 10:45:00,36.62,36.62,36.62,36.62,240149.0
2016-04-26 11:00:00,36.61,36.61,36.61,36.61,163038.0
2016-04-26 11:15:00,36.62,36.62,36.61,36.62,252915.0
2016-04-26 11:45:00,36.6,36.6,36.6,36.6,260567.0
2016-04-26 12:00:00,36.6,36.6,36.6,36.6,151738.0
2016-04-26 12:15:00,36.58,36.58,36.58,36.58,243452.0
2016-04-26 12:30:00,36.58,36.58,36.58,36.58,198395.0
2016-04-26 12:45:00,36.57,36.57,36.57,36.57,208826.0
2016-04-26 13:00:00,36.56,36.56,36.56,36.56,209043.0
2016-04-26 13:15:00,36.56,36.56,36.56,36.56,175792.0
2016-04-26 13:30:00,36.55,36.55,36.55,36.55,163827.0
2016-04-26 13:45:00,36.54,36.54,36.54,36.54,147106.0
2016-04-26 14:15:00,36.52,36.52,36.52,36.52,242716.0
2016-04-26 14:30:00,36.52,36.52,36.52,36.52,213891.0
2016-04-26 14:45:00,36.52,36.52,36.52,36.52,169814.0
2016-04-26 15:00:00,36.5,36.5,36.5,36.5,204428.0
2016-04-26 15:15:00,36.49,36.49,36.48,36.49,231344.0
2016-04-26 15:30:00,36.48,36.48,36.47,36.48,182816.0
2016-04-26 15:45:00,36.48,36.48,36.47,36.48,212975.0
2016-04-27 09:30:00,36.39,36.4,36.39,36.39,426390.0
2016-04-27 10:00:00,36.42,36.43,36.42,36.43,252165.0
2016-04-27 10:15:00,36.5,36.5,36.5,36.5,375884.0
2016-04-27 10:30:00,36.51,36.52,36.51,36.51,314142.0
2016-04-27 10:45:00,36.57,36.57,36.57,36.57,328947.0
2016-04-27 11:00:00,36.61,36.61,36.61,36.61,295583.0
2016-04-27 11:15:00,36.67,36.68,36.67,36.67,404262.0
2016-04-27 11:30:00,36.69,36.69,36.69,36.69,293610.0
2016-04-27 11:45:00,36.74,36.74,36.74,36.74,412064.0
2016-04-27 12:00:00,36.76,36.76,36.76,36.76,318459.0
2016-04-27 12:15:00,36.81,36.81,36.8,36.81,293904.0
2016-04-27 12:30:00,36.82,36.82,36.82,36.82,292030.0
2016-04-27 12:45:00,36.87,36.87,36.87,36.87,274233.0
2016-04-27 13:00:00,36.9,36.91,36.9,36.91,288302.0
2016-04-27 13:30:00,36.98,36.98,36.98,36.98,392778.0
2016-04-27 13:45:00,37.03,37.04,37.03,37.03,315067.0
2016-04-27 14:00:00,37.05,37.05,37.05,37.05,274754.0
2016-04-27 14:15:00,37.05,37.05,37.05,37.05,340688.0
2016-04-27 14:30:00,37.12,37.12,37.12,37.12,297637.0
2016-04-27 14:45:00,37.19,37.19,37.19,37.19,429706.0
2016-04-27 15:00:00,37.2,37.2,37.2,37.2,300747.0
2016-04-27 15:15:00,37.24,37.24,37.24,37.24,431226.0
2016-04-27 15:30:00,37.27,37.27,37.26,37.27,367548.0
2016-04-27 15:45:00,37.3,37.31,37.3,37.31,384475.0
2016-04-28 09:30:00,37.09,37.09,37.09,37.09,277778.0
2016-04-28 09:45:00,37.06,37.06,37.05,37.06,378707.0
2016-04-28 10:00:00,37.01,37.01,37.01,37.01,391831.0
2016-04-28 10:30:00,36.97,36.98,36.97,36.97,382560.0
2016-04-28 10:45:00,36.9,36.91,36.9,36.91,309342.0
2016-04-28 11:00:00,36.87,36.88,36.87,36.87,440130.0
2016-04-28 11:15:00,36.83,36.83,36.83,36.83,326210.0
2016-04-28 11:30:00,36.8,36.8,36.8,36.8,349059.0
2016-04-28 11:45:00,36.76,36.77,36.76,36.76,351725.0
2016-04-28 12:00:00,36.74,36.74,36.74,36.74,450020.0
2016-04-28 12:15:00,36.68,36.68,36.68,36.68,322593.0
2016-04-28 12:30:00,36.66,36.66,36.66,36.66,312811.0
2016-04-28 12:45:00,36.63,36.63,36.63,36.63,413251.0
2016-04-28 13:00:00,36.57,36.57,36.57,36.57,390074.0
2016-04-28 13:15:00,36.55,36.55,36.55,36.55,257252.0
2016-04-28 13:30:00,36.53,36.53,36.53,36.53,368009.0
2016-04-28 13:45:00,36.47,36.48,36.47,36.47,380278.0
2016-04-28 14:00:00,36.46,36.46,36.45,36.46,448365.0
2016-04-28 14:15:00,36.41,36.41,36.41,36.41,372921.0
2016-04-28 14:30:00,36.39,36.39,36.38,36.39,384274.0
2016-04-28 14:45:00,36.37,36.37,36.37,36.37,452753.0
2016-04-28 15:15:00,36.26,36.26,36.26,36.26,450227.0
2016-04-28 15:30:00,36.21,36.22,36.21,36.22,315089.0
2016-04-28 15:45:00,36.2,36.21,36.2,36.2,278511.0
2016-04-29 09:30:00,36.07,36.07,36.06,36.07,371562.0
2016-04-29 09:45:00,36.03,36.03,36.03,36.03,319215.0
2016-04-29 10:00:00,36.01,36.01,36.01,36.01,276363.0
2016-04-29 10:15:00,35.98,35.98,35.98,35.98,225905.0
2016-04-29 10:30:00,35.97,35.97,35.97,35.97,370163.0
2016-04-29 10:45:00,35.95,35.95,35.95,35.95,377449.0
2016-04-29 11:00:00,35.93,35.93,35.93,35.93,384451.0
2016-04-29 11:15:00,35.91,35.91,35.9,35.91,307968.0
2016-04-29 11:30:00,35.86,35.87,35.86,35.86,373803.0
2016-04-29 11:45:00,35.89,35.89,35.89,35.89,359582.0
2016-04-29 12:00:00,35.83,35.84,35.83,35.83,346421.0
2016-04-29 12:15:00,35.8,35.8,35.8,35.8,372650.0
2016-04-29 12:30:00,35.8,35.8,35.8,35.8,356448.0
2016-04-29 12:45:00,35.78,35.78,35.78,35.78,314706.0
2016-04-29 13:00:00,35.76,35.76,35.76,35.76,310731.0
2016-04-29 13:15:00,35.74,35.75,35.74,35.75,268352.0
2016-04-29 13:30:00,35.68,35.69,35.68,35.69,217024.0
2016-04-29 13:45:00,35.68,35.68,35.67,35.68,239228.0
2016-04-29 14:00:00,35.67,35.67,35.67,35.67,314745.0
2016-04-29 14:15:00,35.66,35.66,35.66,35.66,218082.0
2016-04-29 14:30:00,35.63,35.63,35.63,35.63,367771.0
2016-04-29 14:45:00,35.61,35.61,35.61,35.61,385970.0
2016-04-29 15:00:00,35.6,35.6,35.6,35.6,337282.0
2016-04-29 15:15:00,35.56,35.56,35.56,35.56,236360.0
2016-04-29 15:30:00,35.55,35.55,35.55,35.55,241887.0
2016-04-29 15:45:00,35.5,35.5,35.5,35.5,391255.0
2016-05-02 09:30:00,35.86,35.86,35.86,35.86,196788.0
2016-05-02 09:45:00,35.86,35.87,35.86,35.87,273001.0
2016-05-02 10:00:00,35.88,35.88,35.88,35.88,271311.0
2016-05-02 10:15:00,35.88,35.89,35.88,35.88,304683.0
2016-05-02 10:30:00,35.89,35.89,35.89,35.89,174064.0
2016-05-02 10:45:00,35.89,35.89,35.89,35.89,249373.0
2016-05-02 11:00:00,35.89,35.89,35.89,35.89,201481.0
2016-05-02 11:15:00,35.9,35.9,35.9,35.9,278443.0
2016-05-02 11:30:00,35.92,35.92,35.92,35.92,196981.0
2016-05-02 11:45:00,35.91,35.91,35.91,35.91,254339.0
2016-05-02 12:00:00,35.92,35.92,35.92,35.92,261040.0
2016-05-02 12:15:00,35.93,35.93,35.93,35.93,275513.0
2016-05-02 12:30:00,35.92,35.93,35.92,35.93,193315.0
2016-05-02 12:45:00,35.94,35.94,35.94,35.94,310926.0
2016-05-02 13:00:00,35.94,35.94,35.94,35.94,275910.0
2016-05-02 13:15:00,35.95,35.95,35.95,35.95,282615.0
2016-05-02 13:30:00,35.95,35.95,35.95,35.95,202831.0
2016-05-02 13:45:00,35.97,35.97,35.97,35.97,238447.0
2016-05-02 14:00:00,35.96,35.96,35.96,35.96,207586.0
2016-05-02 14:15:00,35.97,35.97,35.97,35.97,206097.0
2016-05-02 14:30:00,35.98,35.98,35.98,35.98,257890.0
2016-05-02 14:45:00,35.97,35.98,35.97,35.97,198670.0
2016-05-02 15:00:00,35.98,35.98,35.98,35.98,240638.0
2016-05-02 15:15:00,35.99,36.0,35.99,35.99,216792.0
2016-05-02 15:30:00,36.0,36.0,36.0,36.0,283228.0
2016-05-02 15:45:00,35.99,36.0,35.99,36.0,220130.0
2016-05-03 09:30:00,35.59,35.6,35.59,35.6,204530.0
2016-05-03 09:45:00,35.59,35.59,35.59,35.59,237270.0
2016-05-03 10:00:00,35.6,35.6,35.6,35.6,232021.0
2016-05-03 10:15:00,35.59,35.59,35.59,35.59,182358.0
2016-05-03 10:30:00,35.57,35.58,35.57,35.58,158928.0
2016-05-03 10:45:00,35.58,35.58,35.58,35.58,266964.0
2016-05-03 11:00:00,35.59,35.59,35.59,35.59,198440.0
2016-05-03 11:15:00,35.58,35.58,35.58,35.58,166000.0
2016-05-03 11:30:00,35.58,35.58,35.58,35.58,232755.0
2016-05-03 11:45:00,35.58,35.58,35.58,35.58,248788.0
2016-05-03 12:00:00,35.57,35.57,35.56,35.57,243766.0
2016-05-03 12:15:00,35.58,35.58,35.58,35.58,182156.0
2016-05-03 12:30:00,35.58,35.58,35.58,35.58,222717.0
2016-05-03 12:45:00,35.57,35.57,35.57,35.57,262578.0
2016-05-03 13:00:00,35.57,35.57,35.57,35.57,204861.0
2016-05-03 13:15:00,35.57,35.57,35.57,35.57,224793.0
2016-05-03 13:30:00,35.57,35.57,35.57,35.57,219283.0
2016-05-03 13:45:00,35.58,35.58,35.58,35.58,239830.0
2016-05-03 14:00:00,35.57,35.57,35.57,35.57,209001.0
2016-05-03 14:15:00,35.58,35.58,35.58,35.58,228880.0
2016-05-03 14:30:00,35.57,35.57,35.57,35.57,170973.0
2016-05-03 14:45:00,35.58,35.58,35.58,35.58,229004.0
2016-05-03 15:00:00,35.57,35.57,35.57,35.57,271165.0
2016-05-03 15:15:00,35.56,35.56,35.56,35.56,238690.0
2016-05-03 15:30:00,35.56,35.57,35.56,35.57,233768.0
2016-05-03 15:45:00,35.57,35.58,35.57,35.58,177103.0
2016-05-04 09:30:00,35.14,35.14,35.14,35.14,517058.0
2016-05-04 09:45:00,35.13,35.13,35.13,35.13,451826.0
2016-05-04 10:15:00,35.1,35.1,35.1,35.1,550144.0
2016-05-04 10:30:00,35.08,35.08,35.08,35.08,649454.0
2016-05-04 10:45:00,35.07,35.08,35.07,35.07,450161.0
2016-05-04 11:00:00,35.04,35.04,35.04,35.04,609351.0
2016-05-04 11:15:00,35.04,35.04,35.04,35.04,584880.0
2016-05-04 11:30:00,35.03,35.03,35.03,35.03,439489.0
2016-05-04 11:45:00,35.0,35.0,35.0,35.0,369977.0
2016-05-04 12:00:00,34.98,34.98,34.98,34.98,482141.0
2016-05-04 12:15:00,34.97,34.97,34.97,34.97,573662.0
2016-05-04 12:30:00,34.94,34.95,34.94,34.94,508524.0
2016-05-04 12:45:00,34.94,34.95,34.94,34.95,430949.0
2016-05-04 13:00:00,34.93,34.93,34.93,34.93,412415.0
2016-05-04 13:15:00,34.91,34.91,34.91,34.91,645858.0
2016-05-04 13:30:00,34.9,34.9,34.9,34.9,602781.0
2016-05-04 13:45:00,34.86,34.87,34.86,34.87,529149.0
2016-05-04 14:00:00,34.87,34.87,34.87,34.87,615655.0
2016-05-04 14:15:00,34.85,34.85,34.85,34.85,450764.0
2016-05-04 14:30:00,34.84,34.84,34.84,34.84,558782.0
2016-05-04 14:45:00,34.83,34.83,34.83,34.83,640904.0
2016-05-04 15:00:00,34.79,34.8,34.79,34.8,376750.0
2016-05-04 15:15:00,34.79,34.8,34.79,34.79,587381.0
2016-05-04 15:30:00,34.77,34.77,34.77,34.77,488732.0
2016-05-04 15:45:00,34.76,34.76,34.76,34.76,480706.0
2016-05-05 09:30:00,35.06,35.06,35.06,35.06,235413.0
2016-05-05 09:45:00,35.05,35.05,35.05,35.05,292150.0
2016-05-05 10:00:00,35.04,35.05,35.04,35.04,220107.0
2016-05-05 10:15:00,35.03,35.03,35.02,35.03,206484.0
2016-05-05 10:30:00,35.04,35.04,35.04,35.04,170909.0
2016-05-05 10:45:00,35.03,35.03,35.03,35.03,177523.0
2016-05-05 11:00:00,35.02,35.02,35.02,35.02,193511.0
2016-05-05 11:15:00,35.04,35.04,35.04,35.04,259836.0
2016-05-05 11:30:00,35.02,35.02,35.02,35.02,172848.0
2016-05-05 11:45:00,35.0,35.0,35.0,35.0,249776.0
2016-05-05 12:00:00,35.02,35.02,35.02,35.02,182367.0
2016-05-05 12:15:00,35.02,35.02,35.02,35.02,290696.0
2016-05-05 12:30:00,35.02,35.02,35.02,35.02,305951.0
2016-05-05 12:45:00,35.0,35.0,35.0,35.0,251336.0
2016-05-05 13:00:00,35.01,35.01,35.01,35.01,241853.0
2016-05-05 13:15:00,35.0,35.0,35.0,35.0,242919.0
2016-05-05 13:45:00,35.0,35.0,34.99,35.0,255167.0
2016-05-05 14:00:00,34.99,34.99,34.99,34.99,192828.0
2016-05-05 14:15:00,34.99,34.99,34.99,34.99,260327.0
2016-05-05 14:30:00,34.99,34.99,34.99,34.99,200404.0
2016-05-05 14:45:00,34.98,34.98,34.98,34.98,286619.0
2016-05-05 15:00:00,34.98,34.98,34.98,34.98,249889.0
2016-05-05 15:15:00,34.97,34.97,34.97,34.97,224612.0
2016-05-05 15:30:00,34.96,34.96,34.96,34.96,260941.0
2016-05-05 15:45:00,34.97,34.97,34.97,34.97,297846.0
2016-05-06 09:30:00,34.92,34.92,34.92,34.92,217106.0
2016-05-06 09:45:00,34.92,34.92,34.92,34.92,159936.0
2016-05-06 10:00:00,34.94,34.95,34.94,34.95,171839.0
2016-05-06 10:15:00,34.96,34.96,34.96,34.96,212276.0
2016-05-06 10:30:00,34.98,34.98,34.98,34.98,204849.0
2016-05-06 10:45:00,34.99,34.99,34.99,34.99,190485.0
2016-05-06 11:00:00,35.01,35.01,35.01,35.01,172301.0
2016-05-06 11:15:00,35.03,35.03,35.03,35.03,164968.0
2016-05-06 11:30:00,35.04,35.05,35.04,35.05,182865.0
2016-05-06 11:45:00,35.07,35.07,35.07,35.07,197165.0
2016-05-06 12:00:00,35.07,35.08,35.07,35.07,125567.0
2016-05-06 12:15:00,35.09,35.09,35.09,35.09,184290.0
2016-05-06 12:45:00,35.13,35.13,35.13,35.13,195673.0
2016-05-06 13:00:00,35.14,35.14,35.14,35.14,190896.0
2016-05-06 13:15:00,35.15,35.16,35.15,35.15,211951.0
2016-05-06 13:30:00,35.16,35.17,35.16,35.16,123975.0
2016-05-06 13:45:00,35.19,35.19,35.19,35.19,163524.0
2016-05-06 14:00:00,35.22,35.22,35.22,35.22,132367.0
2016-05-06 14:15:00,35.23,35.23,35.23,35.23,203101.0
2016-05-06 14:30:00,35.25,35.25,35.25,35.25,153916.0
2016-05-06 14:45:00,35.26,35.26,35.26,35.26,162375.0
2016-05-06 15:00:00,35.27,35.27,35.27,35.27,184344.0
2016-05-06 15:15:00,35.3,35.3,35.3,35.3,138600.0
2016-05-06 15:30:00,35.32,35.32,35.32,35.32,148948.0
2016-05-06 15:45:00,35.33,35.33,35.33,35.33,166124.0
2016-05-09 09:30:00,35.42,35.42,35.42,35.42,386224.0
2016-05-09 09:45:00,35.41,35.42,35.41,35.41,352464.0
2016-05-09 10:00:00,35.41,35.41,35.41,35.41,231997.0
2016-05-09 10:15:00,35.39,35.39,35.39,35.39,266400.0
2016-05-09 10:30:00,35.39,35.39,35.39,35.39,345539.0
2016-05-09 10:45:00,35.4,35.4,35.4,35.4,284364.0
2016-05-09 11:00:00,35.36,35.36,35.36,35.36,334503.0
2016-05-09 11:15:00,35.38,35.38,35.38,35.38,327162.0
2016-05-09 11:30:00,35.37,35.37,35.37,35.37,399314.0
2016-05-09 11:45:00,35.39,35.39,35.39,35.39,372387.0
2016-05-09 12:00:00,35.35,35.35,35.35,35.35,395444.0
2016-05-09 12:15:00,35.36,35.36,35.36,35.36,278800.0
2016-05-09 12:30:00,35.35,35.36,35.35,35.35,391508.0
2016-05-09 12:45:00,35.32,35.32,35.32,35.32,252786.0
2016-05-09 13:00:00,35.34,35.34,35.34,35.34,387091.0
2016-05-09 13:15:00,35.35,35.35,35.35,35.35,240082.0
2016-05-09 13:30:00,35.32,35.33,35.32,35.32,310082.0
2016-05-09 13:45:00,35.32,35.32,35.32,35.32,277322.0
2016-05-09 14:00:00,35.31,35.31,35.31,35.31,415386.0
2016-05-09 14:15:00,35.31,35.31,35.31,35.31,296973.0
2016-05-09 14:30:00,35.31,35.31,35.31,35.31,358811.0
2016-05-09 14:45:00,35.3,35.3,35.3,35.3,304263.0
2016-05-09 15:00:00,35.3,35.3,35.3,35.3,388910.0
2016-05-09 15:15:00,35.28,35.28,35.28,35.28,328846.0
2016-05-09 15:30:00,35.29,35.29,35.28,35.29,268989.0
2016-05-09 15:45:00,35.27,35.28,35.27,35.28,371804.0
2016-05-10 09:30:00,35.49,35.49,35.49,35.49,206607.0
2016-05-10 09:45:00,35.5,35.5,35.5,35.5,222411.0
2016-05-10 10:00:00,35.53,35.54,35.53,35.53,263442.0
2016-05-10 10:15:00,35.56,35.56,35.56,35.56,314599.0
2016-05-10 10:30:00,35.57,35.57,35.57,35.57,228959.0
2016-05-10 10:45:00,35.59,35.59,35.59,35.59,281729.0
2016-05-10 11:00:00,35.61,35.61,35.61,35.61,250747.0
2016-05-10 11:15:00,35.63,35.64,35.63,35.64,202862.0
2016-05-10 11:30:00,35.62,35.63,35.62,35.62,282577.0
2016-05-10 11:45:00,35.66,35.66,35.66,35.66,261374.0
2016-05-10 12:00:00,35.68,35.68,35.68,35.68,329723.0
2016-05-10 12:15:00,35.71,35.71,35.71,35.71,187897.0
2016-05-10 12:30:00,35.72,35.72,35.72,35.72,239202.0
2016-05-10 12:45:00,35.73,35.73,35.73,35.73,305122.0
2016-05-10 13:00:00,35.77,35.77,35.77,35.77,238906.0
2016-05-10 13:15:00,35.78,35.78,35.78,35.78,227934.0
2016-05-10 13:30:00,35.79,35.79,35.79,35.79,311661.0
2016-05-10 13:45:00,35.81,35.81,35.81,35.81,294327.0
2016-05-10 14:00:00,35.85,35.85,35.85,35.85,209313.0
2016-05-10 14:15:00,35.82,35.83,35.82,35.82,329369.0
2016-05-10 14:30:00,35.87,35.87,35.87,35.87,284256.0
2016-05-10 14:45:00,35.9,35.9,35.9,35.9,319726.0
2016-05-10 15:00:00,35.94,35.95,35.94,35.94,311245.0
2016-05-10 15:15:00,35.93,35.93,35.93,35.93,230727.0
2016-05-10 15:30:00,35.94,35.94,35.94,35.94,228478.0
2016-05-10 15:45:00,35.96,35.96,35.96,35.96,325584.0
2016-05-11 09:30:00,36.07,36.07,36.07,36.07,351670.0
2016-05-11 09:45:00,36.07,36.07,36.07,36.07,365981.0
2016-05-11 10:00:00,36.07,36.07,36.07,36.07,324576.0
2016-05-11 10:15:00,36.07,36.07,36.07,36.07,400894.0
2016-05-11 10:30:00,36.06,36.06,36.06,36.06,226110.0
2016-05-11 10:45:00,36.07,36.07,36.07,36.07,304260.0
2016-05-11 11:00:00,36.07,36.07,36.07,36.07,306779.0
2016-05-11 11:15:00,36.07,36.07,36.07,36.07,261345.0
2016-05-11 11:30:00,36.07,36.07,36.07,36.07,233380.0
2016-05-11 11:45:00,36.07,36.07,36.07,36.07,326087.0
2016-05-11 12:00:00,36.07,36.07,36.07,36.07,342936.0
2016-05-11 12:15:00,36.04,36.04,36.04,36.04,231112.0
2016-05-11 12:30:00,36.05,36.05,36.05,36.05,401109.0
2016-05-11 12:45:00,36.06,36.06,36.06,36.06,305180.0
2016-05-11 13:00:00,36.06,36.07,36.06,36.07,375100.0
2016-05-11 13:15:00,36.06,36.06,36.06,36.06,251504.0
2016-05-11 13:30:00,36.06,36.06,36.06,36.06,407615.0
2016-05-11 14:00:00,36.06,36.06,36.06,36.06,285407.0
2016-05-11 14:15:00,36.06,36.07,36.06,36.06,248583.0
2016-05-11 14:30:00,36.07,36.08,36.07,36.07,224228.0
2016-05-11 14:45:00,36.07,36.07,36.07,36.07,366410.0
2016-05-11 15:00:00,36.07,36.07,36.07,36.07,324642.0
2016-05-11 15:15:00,36.05,36.05,36.05,36.05,377726.0
2016-05-11 15:30:00,36.06,36.06,36.06,36.06,322594.0
2016-05-11 15:45:00,36.07,36.07,36.07,36.07,380604.0
2016-05-12 09:30:00,36.31,36.31,36.31,36.31,692132.0
2016-05-12 09:45:00,36.3,36.3,36.29,36.3,704354.0
2016-05-12 10:00:00,36.32,36.33,36.32,36.32,693276.0
2016-05-12 10:15:00,36.22,36.22,36.21,36.22,607851.0
2016-05-12 10:30:00,36.17,36.18,36.17,36.17,657724.0
2016-05-12 10:45:00,36.17,36.18,36.17,36.17,581749.0
2016-05-12 11:00:00,36.1,36.1,36.1,36.1,523390.0
2016-05-12 11:15:00,36.11,36.12,36.11,36.11,660586.0
2016-05-12 11:30:00,36.08,36.08,36.08,36.08,747102.0
2016-05-12 11:45:00,36.04,36.05,36.04,36.05,782281.0
2016-05-12 12:00:00,36.01,36.01,36.01,36.01,837042.0
2016-05-12 12:15:00,36.0,36.0,36.0,36.0,731490.0
2016-05-12 12:30:00,35.95,35.96,35.95,35.96,621934.0
2016-05-12 12:45:00,35.96,35.96,35.96,35.96,677717.0
2016-05-12 13:00:00,35.92,35.92,35.92,35.92,831904.0
2016-05-12 13:15:00,35.86,35.87,35.86,35.87,478187.0
2016-05-12 13:30:00,35.84,35.84,35.84,35.84,546575.0
2016-05-12 13:45:00,35.8,35.81,35.8,35.81,651098.0
2016-05-12 14:00:00,35.79,35.79,35.79,35.79,684957.0
2016-05-12 14:15:00,35.74,35.74,35.74,35.74,508411.0
2016-05-12 14:30:00,35.73,35.73,35.73,35.73,825244.0
2016-05-12 14:45:00,35.73,35.74,35.73,35.74,801479.0
2016-05-12 15:00:00,35.67,35.67,35.67,35.67,798181.0
2016-05-12 15:15:00,35.63,35.64,35.63,35.63,788375.0
2016-05-12 15:30:00,35.6,35.6,35.6,35.6,788412.0
2016-05-12 15:45:00,35.58,35.59,35.58,35.58,832982.0
2016-05-13 09:30:00,39.17,39.18,39.17,39.17,1865275.0
2016-05-13 09:45:00,39.26,39.27,39.26,39.27,2000594.0
2016-05-13 10:00:00,39.33,39.33,39.32,39.33,2380868.0
2016-05-13 10:15:00,39.41,39.41,39.41,39.41,2593922.0
2016-05-13 10:30:00,39.54,39.54,39.53,39.54,2146025.0
2016-05-13 10:45:00,39.51,39.51,39.51,39.51,2499873.0
2016-05-13 11:30:00,39.76,39.76,39.76,39.76,1530228.0
2016-05-13 11:45:00,39.84,39.84,39.84,39.84,1597486.0
2016-05-13 12:00:00,39.9,39.9,39.9,39.9,2244323.0
2016-05-13 12:15:00,39.99,39.99,39.98,39.99,1656161.0
2016-05-13 12:30:00,40.06,40.07,40.06,40.07,1930654.0
2016-05-13 12:45:00,40.07,40.08,40.07,40.08,2412983.0
2016-05-13 13:00:00,40.2,40.2,40.2,40.2,2617648.0
2016-05-13 13:15:00,40.24,40.25,40.24,40.24,1684802.0
2016-05-13 13:30:00,40.32,40.33,40.32,40.33,2091465.0
2016-05-13 13:45:00,40.37,40.38,40.37,40.37,2377543.0
2016-05-13 14:15:00,40.52,40.53,40.52,40.52,1856880.0
2016-05-13 14:30:00,40.62,40.63,40.62,40.62,2048454.0
2016-05-13 14:45:00,40.66,40.67,40.66,40.67,1556637.0
2016-05-13 15:00:00,40.78,40.79,40.78,40.78,2014188.0
2016-05-13 15:15:00,40.85,40.86,40.85,40.86,2427361.0
2016-05-13 15:30:00,40.91,40.91,40.91,40.91,1718066.0
2016-05-13 15:45:00,40.96,40.97,40.95,40.96,1690776.0
2016-05-17 09:30:00,42.02,42.03,42.02,42.03,479004.0
2016-05-17 09:45:00,41.98,41.98,41.98,41.98,491523.0
2016-05-17 10:00:00,42.02,42.02,42.02,42.02,511954.0
2016-05-17 10:15:00,42.03,42.03,42.03,42.03,712775.0
2016-05-17 10:30:00,42.04,42.04,42.03,42.04,608968.0
2016-05-17 10:45:00,42.09,42.09,42.09,42.09,761075.0
2016-05-17 11:00:00,42.07,42.07,42.07,42.07,686949.0
2016-05-17 11:15:00,42.1,42.1,42.1,42.1,741517.0
2016-05-17 11:30:00,42.08,42.08,42.08,42.08,751300.0
2016-05-17 11:45:00,42.11,42.12,42.11,42.12,437175.0
2016-05-17 12:00:00,42.15,42.16,42.15,42.15,513228.0
2016-05-17 12:15:00,42.09,42.1,42.09,42.1,515413.0
2016-05-17 12:30:00,42.14,42.14,42.14,42.14,758798.0
2016-05-17 12:45:00,42.15,42.15,42.15,42.15,752582.0
2016-05-17 13:00:00,42.16,42.16,42.16,42.16,499298.0
2016-05-17 13:15:00,42.17,42.17,42.17,42.17,437852.0
2016-05-17 13:30:00,42.18,42.18,42.18,42.18,623262.0
2016-05-17 13:45:00,42.19,42.2,42.19,42.19,471374.0
2016-05-17 14:00:00,42.19,42.2,42.19,42.2,424152.0
2016-05-17 14:15:00,42.21,42.21,42.21,42.21,519560.0
2016-05-17 14:30:00,42.22,42.23,42.22,42.22,505789.0
2016-05-17 14:45:00,42.22,42.22,42.22,42.22,739764.0
2016-05-17 15:00:00,42.25,42.25,42.25,42.25,610372.0
2016-05-17 15:15:00,42.26,42.26,42.26,42.26,772490.0
2016-05-17 15:30:00,42.26,42.26,42.26,42.26,647806.0
2016-05-17 15:45:00,42.28,42.28,42.28,42.28,661196.0
2016-05-18 09:30:00,42.03,42.04,42.03,42.04,657987.0
2016-05-18 09:45:00,42.01,42.02,42.01,42.01,654305.0
2016-05-18 10:00:00,42.11,42.11,42.11,42.11,376736.0
2016-05-18 10:15:00,42.17,42.18,42.17,42.17,427169.0
2016-05-18 10:30:00,42.21,42.22,42.21,42.22,581524.0
2016-05-18 10:45:00,42.27,42.27,42.27,42.27,390983.0
2016-05-18 11:00:00,42.33,42.34,42.33,42.33,390334.0
2016-05-18 11:15:00,42.38,42.38,42.38,42.38,643377.0
2016-05-18 11:30:00,42.42,42.42,42.42,42.42,507775.0
2016-05-18 12:00:00,42.54,42.54,42.54,42.54,639580.0
2016-05-18 12:15:00,42.6,42.61,42.6,42.61,409828.0
2016-05-18 12:30:00,42.64,42.65,42.64,42.65,425921.0
2016-05-18 12:45:00,42.71,42.72,42.71,42.71,518009.0
2016-05-18 13:00:00,42.76,42.76,42.76,42.76,498858.0
2016-05-18 13:15:00,42.83,42.83,42.83,42.83,625953.0
2016-05-18 13:30:00,42.89,42.89,42.88,42.89,533949.0
2016-05-18 13:45:00,42.91,42.92,42.91,42.92,469195.0
2016-05-18 14:15:00,43.04,43.04,43.04,43.04,559125.0
2016-05-18 14:30:00,43.09,43.09,43.09,43.09,619565.0
2016-05-18 15:00:00,43.17,43.18,43.17,43.18,584227.0
2016-05-18 15:15:00,43.24,43.25,43.24,43.24,404395.0
2016-05-18 15:30:00,43.35,43.35,43.34,43.35,476967.0
2016-05-18 15:45:00,43.35,43.35,43.35,43.35,413228.0
2016-05-19 09:30:00,43.19,43.19,43.19,43.19,341318.0
2016-05-19 09:45:00,43.21,43.21,43.21,43.21,303785.0
2016-05-19 10:00:00,43.2,43.2,43.2,43.2,393133.0
2016-05-19 10:15:00,43.24,43.24,43.24,43.24,447803.0
2016-05-19 10:30:00,43.24,43.24,43.24,43.24,273025.0
2016-05-19 10:45:00,43.27,43.27,43.27,43.27,313624.0
2016-05-19 11:00:00,43.27,43.28,43.27,43.27,276214.0
2016-05-19 11:15:00,43.29,43.29,43.29,43.29,392507.0
2016-05-19 11:30:00,43.3,43.3,43.3,43.3,291536.0
2016-05-19 11:45:00,43.31,43.32,43.31,43.31,383811.0
2016-05-19 12:00:00,43.32,43.32,43.32,43.32,483128.0
2016-05-19 12:15:00,43.35,43.35,43.35,43.35,491212.0
2016-05-19 12:30:00,43.35,43.35,43.35,43.35,308752.0
2016-05-19 12:45:00,43.37,43.38,43.37,43.38,478090.0
2016-05-19 13:00:00,43.39,43.39,43.39,43.39,320484.0
2016-05-19 13:15:00,43.41,43.41,43.41,43.41,399607.0
2016-05-19 13:45:00,43.43,43.43,43.43,43.43,459497.0
2016-05-19 14:00:00,43.45,43.45,43.45,43.45,452774.0
2016-05-19 14:15:00,43.46,43.46,43.46,43.46,417185.0
2016-05-19 14:30:00,43.49,43.49,43.49,43.49,368514.0
2016-05-19 14:45:00,43.48,43.48,43.48,43.48,350604.0
2016-05-19 15:00:00,43.51,43.51,43.51,43.51,322786.0
2016-05-19 15:15:00,43.52,43.52,43.51,43.52,312001.0
2016-05-19 15:30:00,43.53,43.53,43.53,43.53,488701.0
2016-05-19 15:45:00,43.55,43.55,43.55,43.55,366624.0
2016-05-20 09:30:00,43.83,43.83,43.83,43.83,280231.0
2016-05-20 09:45:00,43.84,43.84,43.84,43.84,365018.0
2016-05-20 10:00:00,43.86,43.86,43.86,43.86,375855.0
2016-05-20 10:15:00,43.9,43.9,43.9,43.9,434083.0
2016-05-20 10:30:00,43.92,43.93,43.92,43.92,290299.0
2016-05-20 10:45:00,43.93,43.94,43.93,43.94,417683.0
2016-05-20 11:00:00,43.95,43.95,43.95,43.95,434860.0
2016-05-20 11:15:00,43.95,43.95,43.95,43.95,321624.0
2016-05-20 11:30:00,43.99,44.0,43.99,44.0,317474.0
2016-05-20 11:45:00,43.98,43.99,43.98,43.99,285231.0
2016-05-20 12:00:00,44.02,44.02,44.02,44.02,320283.0
2016-05-20 12:15:00,44.04,44.05,44.04,44.04,333910.0
2016-05-20 12:30:00,44.07,44.08,44.07,44.07,470414.0
2016-05-20 12:45:00,44.09,44.09,44.08,44.08,454100.0
2016-05-20 13:00:00,44.11,44.11,44.11,44.11,333615.0
2016-05-20 13:15:00,44.11,44.12,44.11,44.11,394928.0
2016-05-20 13:30:00,44.15,44.15,44.15,44.15,295923.0
2016-05-20 13:45:00,44.17,44.17,44.17,44.17,359429.0
2016-05-20 14:00:00,44.18,44.19,44.18,44.18,387732.0
2016-05-20 14:15:00,44.19,44.19,44.19,44.19,404976.0
2016-05-20 14:30:00,44.24,44.24,44.24,44.24,460404.0
2016-05-20 14:45:00,44.25,44.25,44.25,44.25,417729.0
2016-05-20 15:00:00,44.27,44.27,44.27,44.27,264445.0
2016-05-20 15:30:00,44.3,44.3,44.3,44.3,371130.0
2016-05-20 15:45:00,44.33,44.33,44.33,44.33,383018.0
2016-05-23 09:30:00,44.52,44.52,44.51,44.51,462318.0
2016-05-23 09:45:00,44.52,44.52,44.52,44.52,289564.0
2016-05-23 10:00:00,44.51,44.51,44.51,44.51,437014.0
2016-05-23 10:15:00,44.49,44.49,44.48,44.49,454668.0
2016-05-23 10:30:00,44.5,44.5,44.5,44.5,459373.0
2016-05-23 10:45:00,44.5,44.5,44.5,44.5,341591.0
2016-05-23 11:00:00,44.49,44.49,44.49,44.49,365496.0
2016-05-23 11:15:00,44.49,44.49,44.49,44.49,427991.0
2016-05-23 11:30:00,44.48,44.48,44.48,44.48,339567.0
2016-05-23 11:45:00,44.48,44.48,44.48,44.48,408617.0
2016-05-23 12:00:00,44.47,44.47,44.47,44.47,441945.0
2016-05-23 12:15:00,44.47,44.47,44.47,44.47,294571.0
2016-05-23 12:30:00,44.46,44.46,44.46,44.46,300593.0
2016-05-23 12:45:00,44.45,44.45,44.45,44.45,294964.0
2016-05-23 13:00:00,44.48,44.48,44.48,44.48,420811.0
2016-05-23 13:15:00,44.45,44.45,44.45,44.45,501111.0
2016-05-23 13:30:00,44.45,44.45,44.44,44.45,286886.0
2016-05-23 13:45:00,44.44,44.44,44.44,44.44,446453.0
2016-05-23 14:00:00,44.43,44.43,44.43,44.43,279949.0
2016-05-23 14:15:00,44.43,44.43,44.43,44.43,474306.0
2016-05-23 14:30:00,44.43,44.43,44.43,44.43,460194.0
2016-05-23 14:45:00,44.42,44.42,44.42,44.42,315863.0
2016-05-23 15:00:00,44.42,44.43,44.42,44.42,333564.0
2016-05-23 15:15:00,44.41,44.41,44.41,44.41,470063.0
2016-05-23 15:30:00,44.4,44.4,44.4,44.4,388655.0
2016-05-23 15:45:00,44.4,44.4,44.4,44.4,441701.0
2016-05-24 09:30:00,44.41,44.41,44.41,44.41,432512.0
2016-05-24 09:45:00,44.44,44.45,44.44,44.44,420790.0
2016-05-24 10:00:00,44.5,44.51,44.5,44.51,363883.0
2016-05-24 10:15:00,44.54,44.55,44.54,44.54,290870.0
2016-05-24 10:30:00,44.55,44.56,44.55,44.56,283130.0
2016-05-24 10:45:00,44.64,44.65,44.64,44.64,493016.0
2016-05-24 11:00:00,44.62,44.63,44.62,44.63,421140.0
2016-05-24 11:15:00,44.7,44.7,44.69,44.7,389581.0
2016-05-24 11:30:00,44.71,44.72,44.71,44.71,341266.0
2016-05-24 11:45:00,44.75,44.75,44.75,44.75,509340.0
2016-05-24 12:00:00,44.79,44.79,44.79,44.79,378956.0
2016-05-24 12:15:00,44.85,44.86,44.85,44.86,445133.0
2016-05-24 12:30:00,44.87,44.87,44.87,44.87,434906.0
2016-05-24 12:45:00,44.91,44.91,44.9,44.91,356920.0
2016-05-24 13:00:00,44.94,44.94,44.94,44.94,486968.0
2016-05-24 13:30:00,45.01,45.01,45.01,45.01,298259.0
2016-05-24 13:45:00,45.06,45.06,45.06,45.06,309936.0
2016-05-24 14:00:00,45.11,45.11,45.11,45.11,327664.0
2016-05-24 14:15:00,45.11,45.11,45.1,45.11,486624.0
2016-05-24 14:30:00,45.16,45.17,45.16,45.16,346784.0
2016-05-24 15:00:00,45.24,45.25,45.24,45.24,447882.0
2016-05-24 15:15:00,45.27,45.27,45.27,45.27,407072.0
2016-05-24 15:30:00,45.33,45.33,45.33,45.33,323616.0
2016-05-24 15:45:00,45.36,45.36,45.36,45.36,358770.0
2016-05-25 09:30:00,45.5,45.5,45.5,45.5,348354.0
2016-05-25 09:45:00,45.49,45.49,45.49,45.49,535298.0
2016-05-25 10:00:00,45.47,45.47,45.47,45.47,436347.0
2016-05-25 10:15:00,45.47,45.47,45.47,45.47,393288.0
2016-05-25 10:30:00,45.44,45.44,45.44,45.44,376301.0
2016-05-25 10:45:00,45.45,45.45,45.45,45.45,359639.0
2016-05-25 11:00:00,45.42,45.42,45.41,45.42,398222.0
2016-05-25 11:15:00,45.41,45.41,45.4,45.41,363451.0
2016-05-25 11:30:00,45.39,45.39,45.39,45.39,370263.0
2016-05-25 11:45:00,45.38,45.38,45.38,45.38,394814.0
2016-05-25 12:00:00,45.37,45.37,45.37,45.37,392205.0
2016-05-25 12:15:00,45.36,45.36,45.36,45.36,341590.0
2016-05-25 12:30:00,45.36,45.36,45.36,45.36,334749.0
2016-05-25 12:45:00,45.33,45.33,45.33,45.33,513961.0
2016-05-25 13:00:00,45.31,45.31,45.31,45.31,470452.0
2016-05-25 13:15:00,45.31,45.31,45.3,45.31,327598.0
2016-05-25 13:45:00,45.27,45.27,45.27,45.27,526905.0
2016-05-25 14:00:00,45.27,45.27,45.27,45.27,371027.0
2016-05-25 14:15:00,45.25,45.25,45.25,45.25,444956.0
2016-05-25 14:30:00,45.25,45.25,45.24,45.25,309804.0
2016-05-25 14:45:00,45.22,45.23,45.22,45.22,344661.0
2016-05-25 15:00:00,45.2,45.2,45.2,45.2,528977.0
2016-05-25 15:15:00,45.2,45.2,45.2,45.2,547307.0
2016-05-25 15:30:00,45.18,45.19,45.18,45.19,458282.0
2016-05-25 15:45:00,45.17,45.17,45.17,45.17,569900.0
2016-05-26 09:30:00,45.25,45.25,45.25,45.25,252524.0
2016-05-26 09:45:00,45.26,45.26,45.26,45.26,232455.0
2016-05-26 10:00:00,45.28,45.28,45.28,45.28,264731.0
2016-05-26 10:15:00,45.31,45.31,45.31,45.31,347105.0
2016-05-26 10:30:00,45.32,45.33,45.32,45.32,381475.0
2016-05-26 10:45:00,45.33,45.33,45.33,45.33,319864.0
2016-05-26 11:00:00,45.35,45.35,45.35,45.35,319769.0
2016-05-26 11:15:00,45.36,45.36,45.36,45.36,385433.0
2016-05-26 11:45:00,45.38,45.38,45.38,45.38,264049.0
2016-05-26 12:00:00,45.4,45.4,45.4,45.4,213233.0
2016-05-26 12:15:00,45.43,45.43,45.43,45.43,251710.0
2016-05-26 12:30:00,45.44,45.44,45.44,45.44,380659.0
2016-05-26 12:45:00,45.45,45.45,45.45,45.45,339143.0
2016-05-26 13:00:00,45.47,45.47,45.47,45.47,279409.0
2016-05-26 13:15:00,45.5,45.5,45.5,45.5,361234.0
2016-05-26 13:30:00,45.48,45.48,45.48,45.48,379207.0
2016-05-26 13:45:00,45.51,45.51,45.51,45.51,326674.0
2016-05-26 14:00:00,45.53,45.53,45.53,45.53,211769.0
2016-05-26 14:15:00,45.56,45.57,45.56,45.56,221367.0
2016-05-26 14:30:00,45.57,45.58,45.57,45.57,272226.0
2016-05-26 14:45:00,45.59,45.6,45.59,45.59,300803.0
2016-05-26 15:00:00,45.61,45.61,45.61,45.61,364819.0
2016-05-26 15:30:00,45.64,45.64,45.64,45.64,314942.0
2016-05-26 15:45:00,45.65,45.65,45.65,45.65,375395.0
2016-05-27 09:30:00,45.7,45.7,45.7,45.7,203500.0
2016-05-27 09:45:00,45.7,45.7,45.7,45.7,193316.0
2016-05-27 10:00:00,45.72,45.72,45.72,45.72,234127.0
2016-05-27 10:15:00,45.72,45.72,45.72,45.72,295855.0
2016-05-27 10:30:00,45.73,45.73,45.73,45.73,237968.0
2016-05-27 10:45:00,45.74,45.74,45.74,45.74,234212.0
2016-05-27 11:00:00,45.75,45.75,45.75,45.75,298859.0
2016-05-27 11:15:00,45.76,45.76,45.76,45.76,236552.0
2016-05-27 11:30:00,45.77,45.77,45.77,45.77,316134.0
2016-05-27 11:45:00,45.78,45.78,45.78,45.78,222223.0
2016-05-27 12:00:00,45.78,45.78,45.78,45.78,247679.0
2016-05-27 12:15:00,45.79,45.79,45.79,45.79,315155.0
2016-05-27 12:30:00,45.79,45.79,45.79,45.79,311837.0
2016-05-27 12:45:00,45.8,45.81,45.8,45.8,244960.0
2016-05-27 13:00:00,45.81,45.81,45.81,45.81,313421.0
2016-05-27 13:15:00,45.82,45.82,45.82,45.82,188044.0
2016-05-27 13:30:00,45.82,45.82,45.82,45.82,227392.0
2016-05-27 14:00:00,45.84,45.84,45.84,45.84,333606.0
2016-05-27 14:15:00,45.85,45.86,45.85,45.85,201397.0
2016-05-27 14:30:00,45.86,45.86,45.86,45.86,245945.0
2016-05-27 14:45:00,45.87,45.87,45.87,45.87,201801.0
2016-05-27 15:00:00,45.87,45.87,45.87,45.87,255184.0
2016-05-27 15:15:00,45.88,45.88,45.88,45.88,217586.0
2016-05-27 15:30:00,45.89,45.89,45.89,45.89,253325.0
2016-05-27 15:45:00,45.9,45.9,45.9,45.9,294285.0
2016-05-31 09:30:00,46.09,46.09,46.09,46.09,508589.0
2016-05-31 09:45:00,46.12,46.12,46.12,46.12,396933.0
2016-05-31 10:00:00,46.15,46.16,46.15,46.15,309561.0
2016-05-31 10:15:00,46.18,46.18,46.18,46.18,444183.0
2016-05-31 10:30:00,46.19,46.19,46.19,46.19,465423.0
2016-05-31 10:45:00,46.24,46.25,46.24,46.24,382258.0
2016-05-31 11:00:00,46.26,46.26,46.26,46.26,358429.0
2016-05-31 11:15:00,46.27,46.27,46.27,46.27,380603.0
2016-05-31 11:30:00,46.29,46.29,46.29,46.29,502355.0
2016-05-31 11:45:00,46.32,46.32,46.32,46.32,391339.0
2016-05-31 12:00:00,46.37,46.37,46.36,46.37,512939.0
2016-05-31 12:15:00,46.38,46.38,46.38,46.38,292291.0
2016-05-31 12:30:00,46.39,46.4,46.39,46.39,464975.0
2016-05-31 12:45:00,46.43,46.44,46.43,46.43,476754.0
2016-05-31 13:00:00,46.45,46.45,46.45,46.45,497106.0
2016-05-31 13:15:00,46.47,46.47,46.47,46.47,452533.0
2016-05-31 13:30:00,46.49,46.49,46.49,46.49,467829.0
2016-05-31 13:45:00,46.52,46.52,46.52,46.52,426014.0
2016-05-31 14:00:00,46.55,46.56,46.55,46.55,320713.0
2016-05-31 14:15:00,46.58,46.59,46.58,46.58,362314.0
2016-05-31 14:30:00,46.59,46.59,46.59,46.59,300110.0
2016-05-31 14:45:00,46.62,46.62,46.62,46.62,405615.0
2016-05-31 15:00:00,46.64,46.64,46.64,46.64,296545.0
2016-05-31 15:15:00,46.67,46.67,46.67,46.67,297674.0
2016-05-31 15:30:00,46.69,46.7,46.69,46.69,512918.0
2016-05-31 15:45:00,46.69,46.69,46.69,46.69,515150.0
2016-06-01 09:30:00,46.5,46.5,46.5,46.5,341681.0
2016-06-01 09:45:00,46.52,46.52,46.51,46.52,409743.0
2016-06-01 10:00:00,46.52,46.52,46.52,46.52,367510.0
2016-06-01 10:15:00,46.54,46.54,46.54,46.54,414861.0
2016-06-01 10:30:00,46.56,46.56,46.56,46.56,314274.0
2016-06-01 10:45:00,46.56,46.56,46.55,46.56,328001.0
2016-06-01 11:00:00,46.57,46.57,46.57,46.57,343625.0
2016-06-01 11:15:00,46.59,46.59,46.59,46.59,329570.0
2016-06-01 11:30:00,46.59,46.59,46.59,46.59,415662.0
2016-06-01 11:45:00,46.6,46.6,46.6,46.6,376978.0
2016-06-01 12:00:00,46.61,46.62,46.61,46.61,352547.0
2016-06-01 12:15:00,46.64,46.64,46.64,46.64,311344.0
2016-06-01 12:30:00,46.65,46.66,46.65,46.65,405093.0
2016-06-01 12:45:00,46.66,46.66,46.66,46.66,390108.0
2016-06-01 13:00:00,46.69,46.69,46.69,46.69,359432.0
2016-06-01 13:15:00,46.7,46.7,46.7,46.7,390183.0
2016-06-01 13:30:00,46.69,46.69,46.69,46.69,467284.0
2016-06-01 13:45:00,46.71,46.72,46.71,46.71,375235.0
2016-06-01 14:00:00,46.73,46.73,46.72,46.73,375946.0
2016-06-01 14:15:00,46.72,46.72,46.72,46.72,407249.0
2016-06-01 14:30:00,46.74,46.74,46.74,46.74,443303.0
2016-06-01 14:45:00,46.78,46.78,46.78,46.78,479696.0
2016-06-01 15:00:00,46.77,46.77,46.77,46.77,337291.0
2016-06-01 15:15:00,46.77,46.77,46.77,46.77,412183.0
2016-06-01 15:30:00,46.8,46.8,46.8,46.8,297935.0
2016-06-01 15:45:00,46.82,46.83,46.82,46.83,311065.0
2016-06-02 09:30:00,47.06,47.07,47.06,47.06,231925.0
2016-06-02 10:00:00,47.08,47.08,47.07,47.08,354480.0
2016-06-02 10:15:00,47.07,47.07,47.07,47.07,389556.0
2016-06-02 10:30:00,47.07,47.08,47.07,47.07,235414.0
2016-06-02 10:45:00,47.08,47.08,47.08,47.08,305064.0
2016-06-02 11:00:00,47.08,47.08,47.08,47.08,236404.0
2016-06-02 11:15:00,47.07,47.08,47.07,47.07,242811.0
2016-06-02 11:30:00,47.09,47.09,47.09,47.09,404837.0
2016-06-02 11:45:00,47.09,47.09,47.09,47.09,269651.0
2016-06-02 12:00:00,47.09,47.09,47.09,47.09,347630.0
2016-06-02 12:30:00,47.11,47.11,47.11,47.11,224408.0
2016-06-02 12:45:00,47.1,47.1,47.1,47.1,356092.0
2016-06-02 13:00:00,47.1,47.1,47.1,47.1,227308.0
2016-06-02 13:15:00,47.11,47.11,47.11,47.11,352602.0
2016-06-02 13:30:00,47.1,47.11,47.1,47.1,388536.0
2016-06-02 13:45:00,47.12,47.12,47.12,47.12,256410.0
2016-06-02 14:00:00,47.1,47.11,47.1,47.11,378775.0
2016-06-02 14:15:00,47.12,47.13,47.12,47.13,321842.0
2016-06-02 14:30:00,47.12,47.12,47.12,47.12,385134.0
2016-06-02 14:45:00,47.12,47.13,47.12,47.13,363282.0
2016-06-02 15:00:00,47.13,47.13,47.13,47.13,259094.0
2016-06-02 15:15:00,47.12,47.12,47.12,47.12,313014.0
2016-06-02 15:30:00,47.15,47.15,47.14,47.15,411193.0
2016-06-02 15:45:00,47.14,47.14,47.14,47.14,376046.0
2016-06-03 09:30:00,46.7,46.7,46.7,46.7,521065.0
2016-06-03 09:45:00,46.67,46.67,46.67,46.67,378416.0
2016-06-03 10:00:00,46.68,46.68,46.68,46.68,359842.0
2016-06-03 10:15:00,46.64,46.64,46.64,46.64,571695.0
2016-06-03 10:30:00,46.64,46.64,46.64,46.64,503444.0
2016-06-03 10:45:00,46.63,46.64,46.63,46.64,479357.0
2016-06-03 11:00:00,46.63,46.64,46.63,46.63,426816.0
2016-06-03 11:15:00,46.64,46.64,46.64,46.64,550607.0
2016-06-03 11:30:00,46.63,46.64,46.63,46.63,510593.0
2016-06-03 11:45:00,46.61,46.61,46.61,46.61,430162.0
2016-06-03 12:00:00,46.59,46.59,46.58,46.59,451724.0
2016-06-03 12:15:00,46.6,46.6,46.6,46.6,376144.0
2016-06-03 12:30:00,46.58,46.58,46.58,46.58,415481.0
2016-06-03 12:45:00,46.57,46.57,46.57,46.57,330021.0
2016-06-03 13:00:00,46.56,46.56,46.56,46.56,573017.0
2016-06-03 13:15:00,46.6,46.6,46.6,46.6,447875.0
2016-06-03 13:30:00,46.55,46.55,46.55,46.55,543917.0
2016-06-03 14:00:00,46.54,46.54,46.54,46.54,509272.0
2016-06-03 14:15:00,46.53,46.53,46.53,46.53,511996.0
2016-06-03 14:30:00,46.52,46.52,46.52,46.52,514760.0
2016-06-03 14:45:00,46.51,46.52,46.51,46.52,428786.0
2016-06-03 15:00:00,46.51,46.51,46.51,46.51,377198.0
2016-06-03 15:15:00,46.51,46.51,46.51,46.51,489912.0
2016-06-03 15:30:00,46.5,46.5,46.5,46.5,320656.0
2016-06-03 15:45:00,46.46,46.46,46.46,46.46,314968.0
2016-06-06 09:30:00,46.59,46.59,46.59,46.59,367404.0
2016-06-06 09:45:00,46.58,46.59,46.58,46.58,389883.0
2016-06-06 10:00:00,46.53,46.53,46.53,46.53,265032.0
2016-06-06 10:15:00,46.57,46.58,46.57,46.58,264620.0
2016-06-06 10:30:00,46.54,46.54,46.54,46.54,279046.0
2016-06-06 10:45:00,46.53,46.53,46.52,46.53,244072.0
2016-06-06 11:00:00,46.53,46.53,46.52,46.53,355690.0
2016-06-06 11:15:00,46.51,46.52,46.51,46.52,377578.0
2016-06-06 11:30:00,46.48,46.48,46.48,46.48,218952.0
2016-06-06 12:00:00,46.45,46.46,46.45,46.45,250857.0
2016-06-06 12:15:00,46.44,46.44,46.44,46.44,233599.0
2016-06-06 12:30:00,46.43,46.43,46.43,46.43,381368.0
2016-06-06 12:45:00,46.43,46.43,46.43,46.43,394612.0
2016-06-06 13:00:00,46.38,46.38,46.38,46.38,261398.0
2016-06-06 13:15:00,46.38,46.38,46.38,46.38,233266.0
2016-06-06 13:30:00,46.37,46.37,46.37,46.37,300001.0
2016-06-06 13:45:00,46.35,46.35,46.35,46.35,311838.0
2016-06-06 14:00:00,46.33,46.33,46.33,46.33,346940.0
2016-06-06 14:15:00,46.33,46.33,46.33,46.33,327420.0
2016-06-06 14:30:00,46.31,46.31,46.31,46.31,285923.0
2016-06-06 14:45:00,46.26,46.27,46.26,46.26,385447.0
2016-06-06 15:00:00,46.3,46.3,46.3,46.3,332359.0
2016-06-06 15:15:00,46.27,46.27,46.27,46.27,307457.0
2016-06-06 15:30:00,46.24,46.24,46.24,46.24,217405.0
2016-06-07 09:30:00,46.51,46.52,46.51,46.52,175860.0
2016-06-07 09:45:00,46.52,46.52,46.52,46.52,151150.0
2016-06-07 10:15:00,46.5,46.5,46.5,46.5,133571.0
2016-06-07 10:30:00,46.5,46.5,46.5,46.5,137419.0
2016-06-07 10:45:00,46.48,46.49,46.48,46.48,176774.0
2016-06-07 11:00:00,46.47,46.47,46.47,46.47,148191.0
2016-06-07 11:15:00,46.45,46.45,46.45,46.45,193042.0
2016-06-07 11:30:00,46.46,46.46,46.46,46.46,142340.0
2016-06-07 11:45:00,46.45,46.45,46.45,46.45,222904.0
2016-06-07 12:00:00,46.45,46.45,46.45,46.45,133451.0
2016-06-07 12:15:00,46.44,46.44,46.44,46.44,138705.0
2016-06-07 12:45:00,46.42,46.42,46.42,46.42,230475.0
2016-06-07 13:00:00,46.4,46.4,46.4,46.4,199725.0
2016-06-07 13:30:00,46.4,46.4,46.4,46.4,221737.0
2016-06-07 13:45:00,46.39,46.39,46.39,46.39,199929.0
2016-06-07 14:00:00,46.38,46.38,46.38,46.38,154925.0
2016-06-07 14:15:00,46.38,46.38,46.38,46.38,223631.0
2016-06-07 14:30:00,46.36,46.36,46.36,46.36,146851.0
2016-06-07 14:45:00,46.36,46.36,46.35,46.35,148404.0
2016-06-07 15:00:00,46.35,46.35,46.35,46.35,149546.0
2016-06-07 15:15:00,46.34,46.35,46.34,46.34,160297.0
2016-06-07 15:30:00,46.34,46.34,46.34,46.34,227872.0
2016-06-07 15:45:00,46.33,46.33,46.33,46.33,145268.0
2016-06-08 09:30:00,46.35,46.35,46.35,46.35,182250.0
2016-06-08 09:45:00,46.34,46.34,46.33,46.34,213822.0
2016-06-08 10:00:00,46.33,46.33,46.33,46.33,272467.0
2016-06-08 10:15:00,46.32,46.32,46.32,46.32,178775.0
2016-06-08 10:30:00,46.31,46.31,46.31,46.31,233127.0
2016-06-08 10:45:00,46.3,46.31,46.3,46.3,162405.0
2016-06-08 11:15:00,46.29,46.29,46.29,46.29,224758.0
2016-06-08 11:30:00,46.28,46.28,46.28,46.28,270030.0
2016-06-08 11:45:00,46.28,46.28,46.28,46.28,210648.0
2016-06-08 12:00:00,46.28,46.28,46.28,46.28,211016.0
2016-06-08 12:15:00,46.24,46.25,46.24,46.25,286101.0
2016-06-08 12:30:00,46.25,46.25,46.25,46.25,158865.0
2016-06-08 12:45:00,46.25,46.25,46.25,46.25,276979.0
2016-06-08 13:00:00,46.25,46.25,46.25,46.25,225842.0
2016-06-08 13:15:00,46.25,46.25,46.25,46.25,252862.0
2016-06-08 13:30:00,46.23,46.23,46.23,46.23,200973.0
2016-06-08 13:45:00,46.24,46.25,46.24,46.24,178447.0
2016-06-08 14:00:00,46.22,46.22,46.22,46.22,198510.0
2016-06-08 14:15:00,46.22,46.22,46.22,46.22,223806.0
2016-06-08 14:30:00,46.21,46.22,46.21,46.21,255702.0
2016-06-08 14:45:00,46.21,46.21,46.21,46.21,232369.0
2016-06-08 15:00:00,46.2,46.2,46.2,46.2,160550.0
2016-06-08 15:15:00,46.19,46.2,46.19,46.19,203372.0
2016-06-08 15:30:00,46.19,46.19,46.19,46.19,234609.0
2016-06-08 15:45:00,46.18,46.18,46.18,46.18,164560.0
2016-06-09 09:30:00,46.04,46.05,46.04,46.05,417379.0
2016-06-09 10:00:00,46.12,46.13,46.12,46.13,413344.0
2016-06-09 10:15:00,46.16,46.16,46.16,46.16,477815.0
2016-06-09 10:30:00,46.21,46.22,46.21,46.21,320755.0
2016-06-09 10:45:00,46.3,46.3,46.3,46.3,509188.0
2016-06-09 11:00:00,46.37,46.37,46.37,46.37,386027.0
2016-06-09 11:15:00,46.39,46.4,46.39,46.39,518867.0
2016-06-09 11:30:00,46.45,46.45,46.45,46.45,407734.0
2016-06-09 11:45:00,46.48,46.48,46.47,46.48,392227.0
2016-06-09 12:00:00,46.55,46.55,46.55,46.55,506638.0
2016-06-09 12:15:00,46.59,46.6,46.59,46.59,547729.0
2016-06-09 12:30:00,46.66,46.66,46.66,46.66,523980.0
2016-06-09 12:45:00,46.68,46.69,46.68,46.69,478509.0
2016-06-09 13:00:00,46.76,46.76,46.76,46.76,472235.0
2016-06-09 13:30:00,46.9,46.9,46.9,46.9,424466.0
2016-06-09 13:45:00,46.93,46.93,46.93,46.93,370123.0
2016-06-09 14:00:00,47.02,47.03,47.02,47.03,432511.0
2016-06-09 14:15:00,47.05,47.05,47.04,47.05,423911.0
2016-06-09 14:30:00,47.1,47.1,47.1,47.1,318468.0
2016-06-09 14:45:00,47.14,47.14,47.13,47.14,458236.0
2016-06-09 15:15:00,47.26,47.27,47.26,47.26,362573.0
2016-06-09 15:30:00,47.33,47.33,47.32,47.33,373962.0
2016-06-09 15:45:00,47.37,47.38,47.37,47.37,341227.0
2016-06-10 09:30:00,46.81,46.82,46.81,46.81,375234.0
2016-06-10 09:45:00,46.78,46.78,46.78,46.78,284391.0
2016-06-10 10:00:00,46.78,46.78,46.77,46.78,483476.0
2016-06-10 10:15:00,46.74,46.74,46.74,46.74,305354.0
2016-06-10 10:30:00,46.71,46.72,46.71,46.71,497719.0
2016-06-10 10:45:00,46.7,46.7,46.7,46.7,445885.0
2016-06-10 11:00:00,46.67,46.68,46.67,46.67,385552.0
2016-06-10 11:15:00,46.63,46.63,46.63,46.63,376144.0
2016-06-10 11:45:00,46.59,46.59,46.58,46.59,291897.0
2016-06-10 12:00:00,46.56,46.56,46.56,46.56,484402.0
2016-06-10 12:15:00,46.54,46.54,46.54,46.54,298060.0
2016-06-10 12:30:00,46.52,46.52,46.52,46.52,411610.0
2016-06-10 12:45:00,46.52,46.52,46.52,46.52,487447.0
2016-06-10 13:00:00,46.47,46.47,46.47,46.47,270710.0
2016-06-10 13:15:00,46.46,46.46,46.46,46.46,327801.0
2016-06-10 13:30:00,46.42,46.42,46.42,46.42,446579.0
2016-06-10 13:45:00,46.39,46.4,46.39,46.39,418341.0
2016-06-10 14:00:00,46.39,46.39,46.39,46.39,375838.0
2016-06-10 14:15:00,46.34,46.34,46.34,46.34,492961.0
2016-06-10 14:30:00,46.32,46.32,46.32,46.32,491993.0
2016-06-10 14:45:00,46.27,46.28,46.27,46.28,461869.0
2016-06-10 15:00:00,46.27,46.27,46.27,46.27,292728.0
2016-06-10 15:15:00,46.24,46.25,46.24,46.24,497567.0
2016-06-10 15:30:00,46.21,46.21,46.21,46.21,450089.0
2016-06-10 15:45:00,46.21,46.21,46.21,46.21,391306.0
2016-06-13 09:30:00,46.3,46.3,46.3,46.3,465587.0
2016-06-13 09:45:00,46.26,46.27,46.26,46.26,495417.0
2016-06-13 10:00:00,46.26,46.27,46.26,46.26,573206.0
2016-06-13 10:15:00,46.29,46.3,46.29,46.29,542802.0
2016-06-13 10:30:00,46.33,46.33,46.33,46.33,489206.0
2016-06-13 10:45:00,46.36,46.36,46.36,46.36,512646.0
2016-06-13 11:00:00,46.44,46.45,46.44,46.44,571528.0
2016-06-13 11:15:00,46.39,46.39,46.39,46.39,521373.0
2016-06-13 11:30:00,46.47,46.47,46.47,46.47,412736.0
2016-06-13 11:45:00,46.45,46.45,46.45,46.45,477536.0
2016-06-13 12:00:00,46.47,46.47,46.47,46.47,513636.0
2016-06-13 12:15:00,46.44,46.45,46.44,46.44,321212.0
2016-06-13 12:30:00,46.5,46.51,46.49,46.5,352758.0
2016-06-13 12:45:00,46.49,46.51,46.49,46.5,553112.0
2016-06-13 13:15:00,46.57,46.57,46.57,46.57,427590.0
2016-06-13 13:30:00,46.6,46.61,46.6,46.6,428315.0
2016-06-13 13:45:00,46.62,46.62,46.62,46.62,403568.0
2016-06-13 14:00:00,46.64,46.64,46.64,46.64,523453.0
2016-06-13 14:15:00,46.66,46.66,46.66,46.66,514789.0
2016-06-13 14:30:00,46.72,46.72,46.72,46.72,371179.0
2016-06-13 14:45:00,46.71,46.72,46.71,46.71,416174.0
2016-06-13 15:00:00,46.73,46.73,46.73,46.73,460473.0
2016-06-13 15:15:00,46.75,46.76,46.75,46.76,332503.0
2016-06-13 15:30:00,46.75,46.75,46.74,46.75,488296.0
2016-06-13 15:45:00,46.78,46.79,46.78,46.79,350869.0
2016-06-14 09:30:00,46.68,46.68,46.68,46.68,327182.0
2016-06-14 09:45:00,46.69,46.69,46.69,46.69,324800.0
2016-06-14 10:00:00,46.7,46.7,46.7,46.7,364404.0
2016-06-14 10:15:00,46.72,46.72,46.71,46.72,250348.0
2016-06-14 10:30:00,46.7,46.71,46.7,46.7,372433.0
2016-06-14 10:45:00,46.72,46.72,46.72,46.72,279450.0
2016-06-14 11:00:00,46.7,46.71,46.7,46.7,338767.0
2016-06-14 11:15:00,46.75,46.75,46.74,46.75,269756.0
2016-06-14 11:30:00,46.73,46.73,46.73,46.73,303901.0
2016-06-14 11:45:00,46.75,46.75,46.75,46.75,253832.0
2016-06-14 12:00:00,46.74,46.74,46.74,46.74,245093.0
2016-06-14 12:15:00,46.78,46.78,46.78,46.78,324965.0
2016-06-14 12:30:00,46.78,46.78,46.78,46.78,205299.0
2016-06-14 12:45:00,46.78,46.79,46.78,46.78,261283.0
2016-06-14 13:00:00,46.8,46.8,46.8,46.8,240665.0
2016-06-14 13:15:00,46.77,46.77,46.77,46.77,220930.0
2016-06-14 13:30:00,46.8,46.8,46.8,46.8,281771.0
2016-06-14 13:45:00,46.81,46.81,46.81,46.81,251170.0
2016-06-14 14:00:00,46.82,46.82,46.82,46.82,242037.0
2016-06-14 14:15:00,46.82,46.82,46.82,46.82,289603.0
2016-06-14 14:30:00,46.84,46.84,46.84,46.84,223700.0
2016-06-14 14:45:00,46.84,46.84,46.84,46.84,337682.0
2016-06-14 15:00:00,46.86,46.86,46.86,46.86,332385.0
2016-06-14 15:15:00,46.83,46.84,46.83,46.83,232098.0
2016-06-14 15:30:00,46.88,46.89,46.88,46.89,328954.0
2016-06-14 15:45:00,46.88,46.89,46.88,46.88,370273.0
2016-06-15 09:30:00,47.29,47.29,47.29,47.29,363642.0
2016-06-15 09:45:00,47.28,47.28,47.28,47.28,305631.0
2016-06-15 10:00:00,47.31,47.31,47.31,47.31,206237.0
2016-06-15 10:15:00,47.28,47.28,47.28,47.28,314856.0
2016-06-15 10:30:00,47.3,47.3,47.3,47.3,309833.0
2016-06-15 10:45:00,47.28,47.28,47.28,47.28,228053.0
2016-06-15 11:00:00,47.31,47.31,47.3,47.31,291331.0
2016-06-15 11:15:00,47.29,47.29,47.29,47.29,355497.0
2016-06-15 11:30:00,47.3,47.3,47.3,47.3,286956.0
2016-06-15 11:45:00,47.29,47.29,47.29,47.29,228610.0
2016-06-15 12:00:00,47.3,47.3,47.3,47.3,209967.0
2016-06-15 12:15:00,47.3,47.3,47.3,47.3,293852.0
2016-06-15 12:30:00,47.31,47.31,47.31,47.31,227225.0
2016-06-15 12:45:00,47.3,47.3,47.3,47.3,331084.0
2016-06-15 13:00:00,47.32,47.32,47.32,47.32,214228.0
2016-06-15 13:15:00,47.32,47.32,47.32,47.32,241080.0
2016-06-15 13:30:00,47.31,47.31,47.31,47.31,256925.0
2016-06-15 14:00:00,47.34,47.34,47.34,47.34,332833.0
2016-06-15 14:15:00,47.33,47.33,47.33,47.33,311595.0
2016-06-15 14:30:00,47.33,47.33,47.33,47.33,320789.0
2016-06-15 15:00:00,47.32,47.33,47.32,47.33,212791.0
2016-06-15 15:15:00,47.36,47.36,47.36,47.36,223511.0
2016-06-15 15:30:00,47.37,47.37,47.37,47.37,323100.0
2016-06-15 15:45:00,47.39,47.39,47.39,47.39,268857.0
2016-06-16 09:30:00,47.0,47.0,47.0,47.0,170927.0
2016-06-16 09:45:00,47.02,47.02,47.02,47.02,247537.0
2016-06-16 10:15:00,47.07,47.07,47.07,47.07,285752.0
2016-06-16 10:30:00,47.09,47.1,47.09,47.1,175704.0
2016-06-16 10:45:00,47.12,47.12,47.12,47.12,249283.0
2016-06-16 11:00:00,47.13,47.13,47.13,47.13,264404.0
2016-06-16 11:15:00,47.17,47.17,47.17,47.17,173892.0
2016-06-16 11:30:00,47.18,47.19,47.18,47.18,275308.0
2016-06-16 11:45:00,47.2,47.2,47.2,47.2,198122.0
2016-06-16 12:00:00,47.23,47.24,47.23,47.24,198380.0
2016-06-16 12:15:00,47.27,47.27,47.27,47.27,222804.0
2016-06-16 12:30:00,47.27,47.28,47.27,47.27,233634.0
2016-06-16 12:45:00,47.29,47.3,47.29,47.29,236595.0
2016-06-16 13:00:00,47.3,47.31,47.3,47.3,284960.0
2016-06-16 13:15:00,47.32,47.32,47.32,47.32,222590.0
2016-06-16 13:30:00,47.34,47.34,47.34,47.34,204366.0
2016-06-16 13:45:00,47.38,47.39,47.38,47.38,183177.0
2016-06-16 14:00:00,47.36,47.37,47.36,47.36,216007.0
2016-06-16 14:15:00,47.41,47.41,47.41,47.41,247627.0
2016-06-16 14:30:00,47.43,47.44,47.43,47.43,301354.0
2016-06-16 14:45:00,47.46,47.47,47.46,47.46,189337.0
2016-06-16 15:00:00,47.49,47.5,47.49,47.49,242326.0
2016-06-16 15:15:00,47.5,47.51,47.5,47.51,256259.0
2016-06-16 15:30:00,47.52,47.52,47.51,47.52,168850.0
2016-06-16 15:45:00,47.55,47.55,47.55,47.55,214471.0
2016-06-17 09:30:00,47.62,47.62,47.62,47.62,543589.0
2016-06-17 09:45:00,47.57,47.58,47.57,47.57,510921.0
2016-06-17 10:00:00,47.55,47.55,47.55,47.55,394750.0
2016-06-17 10:15:00,47.51,47.51,47.51,47.51,338694.0
2016-06-17 10:30:00,47.47,47.48,47.47,47.47,510579.0
2016-06-17 10:45:00,47.42,47.43,47.42,47.42,502452.0
2016-06-17 11:00:00,47.38,47.38,47.38,47.38,455739.0
2016-06-17 11:15:00,47.36,47.36,47.36,47.36,575694.0
2016-06-17 11:30:00,47.32,47.32,47.32,47.32,329405.0
2016-06-17 11:45:00,47.3,47.3,47.3,47.3,448910.0
2016-06-17 12:00:00,47.25,47.25,47.25,47.25,368546.0
2016-06-17 12:15:00,47.23,47.23,47.23,47.23,494354.0
2016-06-17 12:30:00,47.16,47.17,47.16,47.17,336367.0
2016-06-17 12:45:00,47.15,47.15,47.15,47.15,411934.0
2016-06-17 13:00:00,47.11,47.11,47.11,47.11,371232.0
2016-06-17 13:15:00,47.08,47.08,47.08,47.08,337818.0
2016-06-17 13:30:00,47.05,47.05,47.05,47.05,446703.0
2016-06-17 13:45:00,47.01,47.01,47.01,47.01,439590.0
2016-06-17 14:00:00,46.96,46.96,46.96,46.96,332135.0
2016-06-17 14:15:00,46.93,46.94,46.93,46.94,523230.0
2016-06-17 14:30:00,46.93,46.93,46.93,46.93,541533.0
2016-06-17 14:45:00,46.87,46.88,46.87,46.87,448047.0
2016-06-17 15:00:00,46.81,46.82,46.8,46.81,366718.0
2016-06-17 15:15:00,46.8,46.8,46.8,46.8,405827.0
2016-06-17 15:30:00,46.72,46.72,46.71,46.72,434341.0
2016-06-17 15:45:00,46.72,46.72,46.72,46.72,365647.0
2016-06-20 09:30:00,47.46,47.47,47.46,47.46,296647.0
2016-06-20 09:45:00,47.49,47.49,47.49,47.49,291618.0
2016-06-20 10:00:00,47.48,47.48,47.48,47.48,234592.0
2016-06-20 10:15:00,47.49,47.49,47.49,47.49,200423.0
2016-06-20 10:30:00,47.49,47.49,47.49,47.49,206063.0
2016-06-20 10:45:00,47.49,47.49,47.49,47.49,335841.0
2016-06-20 11:00:00,47.49,47.49,47.49,47.49,243618.0
2016-06-20 11:15:00,47.51,47.51,47.5,47.51,295836.0
2016-06-20 11:30:00,47.5,47.5,47.5,47.5,273640.0
2016-06-20 11:45:00,47.51,47.51,47.51,47.51,202657.0
2016-06-20 12:00:00,47.5,47.5,47.5,47.5,255460.0
2016-06-20 12:15:00,47.51,47.51,47.51,47.51,357605.0
2016-06-20 12:30:00,47.5,47.5,47.5,47.5,235561.0
2016-06-20 12:45:00,47.53,47.53,47.53,47.53,302960.0
2016-06-20 13:00:00,47.52,47.52,47.52,47.52,361402.0
2016-06-20 13:15:00,47.52,47.52,47.52,47.52,303793.0
2016-06-20 13:30:00,47.54,47.54,47.53,47.54,202539.0
2016-06-20 13:45:00,47.53,47.53,47.53,47.53,260348.0
2016-06-20 14:00:00,47.54,47.54,47.54,47.54,308521.0
2016-06-20 14:15:00,47.54,47.54,47.54,47.54,253205.0
2016-06-20 14:30:00,47.51,47.51,47.51,47.51,323125.0
2016-06-20 14:45:00,47.54,47.54,47.54,47.54,315323.0
2016-06-20 15:00:00,47.55,47.55,47.55,47.55,349306.0
2016-06-20 15:15:00,47.55,47.55,47.55,47.55,301117.0
2016-06-20 15:30:00,47.56,47.56,47.56,47.56,277427.0
2016-06-20 15:45:00,47.56,47.56,47.56,47.56,253956.0
2016-06-21 09:30:00,47.75,47.75,47.75,47.75,258249.0
2016-06-21 09:45:00,47.74,47.75,47.74,47.75,153466.0
2016-06-21 10:00:00,47.72,47.73,47.72,47.72,222952.0
2016-06-21 10:15:00,47.69,47.69,47.69,47.69,185476.0
2016-06-21 10:45:00,47.66,47.67,47.66,47.66,185710.0
2016-06-21 11:00:00,47.64,47.65,47.64,47.64,227148.0
2016-06-21 11:15:00,47.62,47.62,47.62,47.62,171197.0
2016-06-21 11:30:00,47.6,47.6,47.6,47.6,209006.0
2016-06-21 11:45:00,47.57,47.58,47.57,47.57,177860.0
2016-06-21 12:00:00,47.57,47.57,47.57,47.57,159168.0
2016-06-21 12:15:00,47.54,47.54,47.54,47.54,171452.0
2016-06-21 12:30:00,47.51,47.51,47.51,47.51,156855.0
2016-06-21 12:45:00,47.5,47.5,47.5,47.5,201393.0
2016-06-21 13:00:00,47.47,47.48,47.47,47.47,197720.0
2016-06-21 13:15:00,47.46,47.46,47.46,47.46,217892.0
2016-06-21 13:30:00,47.45,47.45,47.45,47.45,256999.0
2016-06-21 13:45:00,47.43,47.43,47.43,47.43,143659.0
2016-06-21 14:00:00,47.41,47.41,47.41,47.41,220302.0
2016-06-21 14:15:00,47.39,47.39,47.39,47.39,200576.0
2016-06-21 14:30:00,47.36,47.37,47.36,47.37,191200.0
2016-06-21 14:45:00,47.36,47.36,47.36,47.36,222078.0
2016-06-21 15:00:00,47.33,47.34,47.33,47.34,146608.0
2016-06-21 15:15:00,47.31,47.31,47.31,47.31,169389.0
2016-06-21 15:30:00,47.29,47.3,47.29,47.29,247464.0
2016-06-22 09:30:00,47.39,47.39,47.39,47.39,168299.0
2016-06-22 09:45:00,47.38,47.38,47.38,47.38,221187.0
2016-06-22 10:00:00,47.35,47.35,47.35,47.35,147453.0
2016-06-22 10:15:00,47.35,47.35,47.35,47.35,167783.0
2016-06-22 10:30:00,47.35,47.35,47.35,47.35,138963.0
2016-06-22 10:45:00,47.36,47.36,47.36,47.36,197089.0
2016-06-22 11:00:00,47.34,47.34,47.33,47.34,143063.0
2016-06-22 11:15:00,47.33,47.33,47.33,47.33,235805.0
2016-06-22 11:30:00,47.33,47.33,47.33,47.33,183977.0
2016-06-22 11:45:00,47.32,47.32,47.32,47.32,200551.0
2016-06-22 12:00:00,47.32,47.32,47.32,47.32,228144.0
2016-06-22 12:15:00,47.32,47.32,47.32,47.32,146619.0
2016-06-22 12:30:00,47.3,47.3,47.3,47.3,202313.0
2016-06-22 12:45:00,47.29,47.29,47.29,47.29,165656.0
2016-06-22 13:00:00,47.29,47.29,47.29,47.29,248186.0
2016-06-22 13:15:00,47.29,47.29,47.29,47.29,224236.0
2016-06-22 13:30:00,47.28,47.28,47.28,47.28,155564.0
2016-06-22 13:45:00,47.27,47.27,47.27,47.27,174767.0
2016-06-22 14:00:00,47.26,47.26,47.26,47.26,246858.0
2016-06-22 14:15:00,47.27,47.27,47.27,47.27,244056.0
2016-06-22 14:30:00,47.24,47.24,47.24,47.24,212823.0
2016-06-22 14:45:00,47.25,47.25,47.25,47.25,192255.0
2016-06-22 15:00:00,47.26,47.26,47.26,47.26,185411.0
2016-06-22 15:15:00,47.24,47.24,47.24,47.24,234885.0
2016-06-22 15:30:00,47.23,47.23,47.23,47.23,146469.0
2016-06-22 15:45:00,47.24,47.24,47.24,47.24,247918.0
2016-06-23 09:30:00,47.69,47.69,47.69,47.69,343687.0
2016-06-23 09:45:00,47.72,47.72,47.72,47.72,217448.0
2016-06-23 10:00:00,47.76,47.76,47.76,47.76,246450.0
2016-06-23 10:15:00,47.77,47.77,47.77,47.77,282386.0
2016-06-23 10:45:00,47.84,47.85,47.84,47.84,285660.0
2016-06-23 11:00:00,47.87,47.87,47.87,47.87,322494.0
2016-06-23 11:15:00,47.92,47.92,47.92,47.92,210165.0
2016-06-23 11:30:00,47.95,47.95,47.95,47.95,315403.0
2016-06-23 11:45:00,47.99,48.0,47.99,47.99,216985.0
2016-06-23 12:00:00,48.01,48.01,48.01,48.01,345957.0
2016-06-23 12:15:00,48.06,48.06,48.05,48.06,314829.0
2016-06-23 12:30:00,48.07,48.07,48.07,48.07,354204.0
2016-06-23 12:45:00,48.1,48.1,48.1,48.1,347947.0
2016-06-23 13:00:00,48.14,48.14,48.14,48.14,333350.0
2016-06-23 13:15:00,48.18,48.19,48.18,48.18,329925.0
2016-06-23 13:45:00,48.23,48.23,48.23,48.23,269726.0
2016-06-23 14:00:00,48.26,48.27,48.26,48.26,253345.0
2016-06-23 14:15:00,48.3,48.3,48.3,48.3,232808.0
2016-06-23 14:30:00,48.3,48.31,48.3,48.3,272197.0
2016-06-23 14:45:00,48.33,48.34,48.33,48.33,333017.0
2016-06-23 15:00:00,48.39,48.39,48.39,48.39,224583.0
2016-06-23 15:15:00,48.42,48.42,48.42,48.42,228147.0
2016-06-23 15:30:00,48.47,48.48,48.47,48.47,265000.0
2016-06-23 15:45:00,48.45,48.45,48.45,48.45,287141.0
2016-06-24 09:30:00,46.51,46.51,46.5,46.51,737883.0
2016-06-24 10:00:00,46.4,46.42,46.4,46.41,697335.0
2016-06-24 10:15:00,46.41,46.42,46.41,46.41,804328.0
2016-06-24 10:45:00,46.36,46.36,46.35,46.36,985127.0
2016-06-24 11:00:00,46.32,46.33,46.32,46.32,919245.0
2016-06-24 11:15:00,46.3,46.31,46.3,46.31,1067458.0
2016-06-24 11:45:00,46.23,46.23,46.22,46.23,949553.0
2016-06-24 12:00:00,46.18,46.19,46.18,46.18,1262627.0
2016-06-24 12:15:00,46.17,46.17,46.16,46.17,1217891.0
2016-06-24 12:30:00,46.13,46.13,46.13,46.13,1254259.0
2016-06-24 12:45:00,46.09,46.1,46.09,46.09,822844.0
2016-06-24 13:00:00,46.04,46.05,46.04,46.04,1090305.0
2016-06-24 13:15:00,46.03,46.03,46.03,46.03,857577.0
2016-06-24 13:30:00,45.94,45.95,45.93,45.93,1098156.0
2016-06-24 13:45:00,45.99,45.99,45.99,45.99,1100453.0
2016-06-24 14:00:00,45.9,45.9,45.89,45.89,846143.0
2016-06-24 14:15:00,45.9,45.9,45.9,45.9,758814.0
2016-06-24 14:30:00,45.86,45.87,45.86,45.87,711130.0
2016-06-24 14:45:00,45.85,45.86,45.85,45.85,808489.0
2016-06-24 15:00:00,45.82,45.83,45.82,45.82,1154495.0
2016-06-24 15:15:00,45.84,45.85,45.84,45.84,854612.0
2016-06-24 15:30:00,45.76,45.76,45.76,45.76,686833.0
2016-06-24 15:45:00,45.71,45.72,45.71,45.71,977177.0
2016-06-27 09:30:00,45.33,45.33,45.32,45.33,517280.0
2016-06-27 09:45:00,45.35,45.36,45.35,45.35,538903.0
2016-06-27 10:00:00,45.33,45.33,45.33,45.33,351045.0
2016-06-27 10:15:00,45.32,45.32,45.32,45.32,541309.0
2016-06-27 10:30:00,45.34,45.34,45.34,45.34,303750.0
2016-06-27 10:45:00,45.32,45.32,45.32,45.32,415850.0
2016-06-27 11:15:00,45.33,45.33,45.33,45.33,513712.0
2016-06-27 11:30:00,45.31,45.31,45.31,45.31,351018.0
2016-06-27 11:45:00,45.31,45.31,45.31,45.31,450588.0
2016-06-27 12:00:00,45.3,45.3,45.3,45.3,531813.0
2016-06-27 12:15:00,45.33,45.33,45.32,45.32,421082.0
2016-06-27 12:30:00,45.29,45.29,45.29,45.29,356538.0
2016-06-27 12:45:00,45.3,45.3,45.3,45.3,537530.0
2016-06-27 13:00:00,45.29,45.29,45.29,45.29,456959.0
2016-06-27 13:15:00,45.27,45.28,45.27,45.28,476883.0
2016-06-27 13:30:00,45.28,45.29,45.28,45.28,359537.0
2016-06-27 13:45:00,45.28,45.28,45.27,45.28,522617.0
2016-06-27 14:00:00,45.27,45.27,45.27,45.27,371563.0
2016-06-27 14:15:00,45.27,45.27,45.27,45.27,344420.0
2016-06-27 14:30:00,45.27,45.27,45.27,45.27,481913.0
2016-06-27 14:45:00,45.26,45.27,45.26,45.27,517248.0
2016-06-27 15:00:00,45.25,45.25,45.25,45.25,357827.0
2016-06-27 15:15:00,45.26,45.27,45.26,45.27,454895.0
2016-06-27 15:30:00,45.29,45.29,45.29,45.29,466805.0
2016-06-27 15:45:00,45.23,45.24,45.23,45.23,435168.0
2016-06-28 09:30:00,46.11,46.11,46.1,46.1,377526.0
2016-06-28 09:45:00,46.09,46.09,46.09,46.09,376303.0
2016-06-28 10:00:00,46.07,46.08,46.07,46.08,437218.0
2016-06-28 10:15:00,46.08,46.08,46.08,46.08,304308.0
2016-06-28 10:30:00,46.06,46.07,46.06,46.06,263221.0
2016-06-28 10:45:00,46.06,46.06,46.06,46.06,271592.0
2016-06-28 11:00:00,46.05,46.05,46.05,46.05,334173.0
2016-06-28 11:15:00,46.05,46.06,46.05,46.05,475786.0
2016-06-28 11:30:00,46.03,46.04,46.03,46.03,395908.0
2016-06-28 12:00:00,46.02,46.02,46.02,46.02,336708.0
2016-06-28 12:15:00,46.01,46.01,46.01,46.01,399942.0
2016-06-28 12:30:00,46.01,46.01,46.01,46.01,287800.0
2016-06-28 12:45:00,46.0,46.0,46.0,46.0,291816.0
2016-06-28 13:00:00,45.98,45.98,45.98,45.98,360772.0
2016-06-28 13:15:00,45.96,45.97,45.96,45.96,456910.0
2016-06-28 13:30:00,45.97,45.97,45.97,45.97,420253.0
2016-06-28 13:45:00,45.97,45.97,45.97,45.97,362684.0
2016-06-28 14:00:00,45.95,45.96,45.95,45.96,368676.0
2016-06-28 14:15:00,45.94,45.95,45.94,45.95,447877.0
2016-06-28 14:30:00,45.94,45.94,45.94,45.94,265084.0
2016-06-28 14:45:00,45.93,45.93,45.93,45.93,320794.0
2016-06-28 15:00:00,45.92,45.92,45.92,45.92,290651.0
2016-06-28 15:15:00,45.92,45.92,45.92,45.92,412828.0
2016-06-28 15:30:00,45.91,45.91,45.91,45.91,412178.0
2016-06-28 15:45:00,45.91,45.91,45.91,45.91,353887.0
2016-06-29 09:30:00,46.3,46.3,46.3,46.3,236675.0
2016-06-29 09:45:00,46.31,46.31,46.31,46.31,283232.0
2016-06-29 10:00:00,46.33,46.33,46.33,46.33,281479.0
2016-06-29 10:15:00,46.37,46.37,46.37,46.37,319203.0
2016-06-29 10:30:00,46.37,46.38,46.37,46.38,233199.0
2016-06-29 10:45:00,46.37,46.37,46.37,46.37,247805.0
2016-06-29 11:00:00,46.38,46.39,46.38,46.39,235896.0
2016-06-29 11:15:00,46.4,46.41,46.4,46.4,355431.0
2016-06-29 11:30:00,46.41,46.41,46.41,46.41,395308.0
2016-06-29 11:45:00,46.42,46.43,46.42,46.42,338339.0
2016-06-29 12:00:00,46.42,46.43,46.42,46.43,229532.0
2016-06-29 12:30:00,46.47,46.48,46.47,46.47,274844.0
2016-06-29 12:45:00,46.49,46.49,46.49,46.49,312135.0
2016-06-29 13:00:00,46.5,46.5,46.49,46.5,341081.0
2016-06-29 13:15:00,46.52,46.52,46.52,46.52,325152.0
2016-06-29 13:30:00,46.53,46.53,46.53,46.53,379069.0
2016-06-29 13:45:00,46.53,46.53,46.53,46.53,351317.0
2016-06-29 14:00:00,46.57,46.57,46.57,46.57,384347.0
2016-06-29 14:15:00,46.56,46.57,46.56,46.57,239463.0
2016-06-29 14:30:00,46.57,46.57,46.57,46.57,299236.0
2016-06-29 14:45:00,46.58,46.58,46.58,46.58,262485.0
2016-06-29 15:00:00,46.62,46.62,46.62,46.62,354808.0
2016-06-29 15:15:00,46.63,46.63,46.63,46.63,270127.0
2016-06-29 15:30:00,46.64,46.65,46.64,46.64,279664.0
2016-06-29 15:45:00,46.66,46.66,46.66,46.66,305002.0
2016-06-30 09:30:00,46.73,46.73,46.73,46.73,314079.0
2016-06-30 09:45:00,46.76,46.76,46.76,46.76,412803.0
2016-06-30 10:00:00,46.75,46.75,46.75,46.75,434594.0
2016-06-30 10:15:00,46.77,46.78,46.77,46.78,399249.0
2016-06-30 10:30:00,46.79,46.79,46.79,46.79,500824.0
2016-06-30 10:45:00,46.77,46.77,46.77,46.77,532339.0
2016-06-30 11:00:00,46.8,46.8,46.8,46.8,411409.0
2016-06-30 11:15:00,46.81,46.81,46.81,46.81,356855.0
2016-06-30 11:30:00,46.84,46.84,46.84,46.84,378734.0
2016-06-30 11:45:00,46.83,46.83,46.83,46.83,471659.0
2016-06-30 12:00:00,46.82,46.82,46.82,46.82,506783.0
2016-06-30 12:15:00,46.83,46.83,46.83,46.83,518456.0
2016-06-30 12:30:00,46.87,46.87,46.87,46.87,521562.0
2016-06-30 12:45:00,46.88,46.88,46.88,46.88,473191.0
2016-06-30 13:00:00,46.87,46.88,46.87,46.88,487952.0
2016-06-30 13:15:00,46.9,46.9,46.9,46.9,531868.0
2016-06-30 13:30:00,46.9,46.91,46.9,46.91,505200.0
2016-06-30 13:45:00,46.93,46.93,46.93,46.93,311337.0
2016-06-30 14:00:00,46.94,46.94,46.93,46.94,443756.0
2016-06-30 14:15:00,46.93,46.94,46.93,46.94,493090.0
2016-06-30 14:30:00,46.95,46.95,46.95,46.95,431534.0
2016-06-30 14:45:00,46.96,46.96,46.96,46.96,479927.0
2016-06-30 15:00:00,46.97,46.97,46.97,46.97,385802.0
2016-06-30 15:15:00,46.99,47.0,46.99,46.99,490808.0
2016-06-30 15:30:00,47.0,47.0,47.0,47.0,410642.0
2016-06-30 15:45:00,47.02,47.02,47.02,47.02,469185.0
2016-07-01 09:30:00,46.75,46.75,46.75,46.75,148560.0
2016-07-01 09:45:00,46.75,46.75,46.75,46.75,202092.0
2016-07-01 10:00:00,46.74,46.74,46.74,46.74,164506.0
2016-07-01 10:15:00,46.73,46.74,46.73,46.74,200955.0
2016-07-01 10:30:00,46.75,46.75,46.75,46.75,223855.0
2016-07-01 10:45:00,46.75,46.75,46.75,46.75,165324.0
2016-07-01 11:00:00,46.74,46.74,46.73,46.74,232784.0
2016-07-01 11:15:00,46.71,46.72,46.71,46.71,158143.0
2016-07-01 11:45:00,46.72,46.72,46.71,46.71,237429.0
2016-07-01 12:00:00,46.71,46.71,46.71,46.71,211840.0
2016-07-01 12:15:00,46.71,46.71,46.71,46.71,188303.0
2016-07-01 12:30:00,46.71,46.71,46.71,46.71,243014.0
2016-07-01 12:45:00,46.7,46.7,46.7,46.7,169707.0
2016-07-01 13:00:00,46.69,46.69,46.69,46.69,187329.0
2016-07-01 13:15:00,46.7,46.7,46.7,46.7,255476.0
2016-07-01 13:30:00,46.7,46.7,46.7,46.7,264943.0
2016-07-01 13:45:00,46.69,46.69,46.69,46.69,247351.0
2016-07-01 14:00:00,46.69,46.69,46.69,46.69,186809.0
2016-07-01 14:15:00,46.7,46.7,46.7,46.7,230969.0
2016-07-01 14:30:00,46.7,46.7,46.7,46.7,195942.0
2016-07-01 14:45:00,46.68,46.68,46.68,46.68,187504.0
2016-07-01 15:00:00,46.67,46.67,46.67,46.67,181339.0
2016-07-01 15:15:00,46.66,46.67,46.66,46.66,188191.0
2016-07-01 15:30:00,46.67,46.67,46.67,46.67,175154.0
2016-07-01 15:45:00,46.65,46.65,46.65,46.65,214188.0
2016-07-05 09:30:00,46.4,46.4,46.4,46.4,332688.0
2016-07-05 09:45:00,46.45,46.46,46.45,46.46,306135.0
2016-07-05 10:00:00,46.48,46.49,46.48,46.49,336839.0
2016-07-05 10:15:00,46.53,46.54,46.53,46.54,281513.0
2016-07-05 10:30:00,46.53,46.54,46.53,46.54,325688.0
2016-07-05 10:45:00,46.59,46.59,46.59,46.59,429745.0
2016-07-05 11:00:00,46.65,46.65,46.64,46.65,456134.0
2016-07-05 11:15:00,46.66,46.66,46.65,46.66,381213.0
2016-07-05 11:30:00,46.71,46.72,46.71,46.72,347387.0
2016-07-05 11:45:00,46.74,46.74,46.74,46.74,425389.0
2016-07-05 12:00:00,46.76,46.76,46.76,46.76,405440.0
2016-07-05 12:15:00,46.81,46.81,46.81,46.81,331578.0
2016-07-05 12:30:00,46.87,46.88,46.87,46.87,383948.0
2016-07-05 12:45:00,46.89,46.89,46.89,46.89,439982.0
2016-07-05 13:00:00,46.94,46.95,46.94,46.94,396348.0
2016-07-05 13:15:00,46.99,47.0,46.99,46.99,387081.0
2016-07-05 13:30:00,47.02,47.02,47.01,47.01,391931.0
2016-07-05 13:45:00,47.01,47.02,47.01,47.02,423305.0
2016-07-05 14:00:00,47.12,47.12,47.11,47.12,303719.0
2016-07-05 14:15:00,47.11,47.12,47.11,47.12,361543.0
2016-07-05 14:30:00,47.15,47.16,47.15,47.15,298906.0
2016-07-05 14:45:00,47.25,47.26,47.25,47.25,256939.0
2016-07-05 15:00:00,47.24,47.24,47.24,47.24,293912.0
2016-07-05 15:15:00,47.27,47.27,47.27,47.27,446993.0
2016-07-05 15:30:00,47.32,47.33,47.32,47.33,316294.0
2016-07-05 15:45:00,47.34,47.34,47.34,47.34,462343.0
2016-07-06 09:30:00,47.02,47.02,47.02,47.02,317270.0
2016-07-06 10:00:00,47.07,47.08,47.07,47.07,244982.0
2016-07-06 10:15:00,47.1,47.1,47.1,47.1,276327.0
2016-07-06 10:30:00,47.1,47.11,47.1,47.11,312848.0
2016-07-06 10:45:00,47.15,47.15,47.15,47.15,341371.0
2016-07-06 11:00:00,47.17,47.18,47.17,47.18,308527.0
2016-07-06 11:15:00,47.21,47.21,47.21,47.21,215466.0
2016-07-06 11:30:00,47.22,47.22,47.22,47.22,192960.0
2016-07-06 11:45:00,47.25,47.25,47.25,47.25,187015.0
2016-07-06 12:00:00,47.28,47.28,47.28,47.28,309266.0
2016-07-06 12:15:00,47.29,47.3,47.29,47.3,275696.0
2016-07-06 12:30:00,47.33,47.34,47.33,47.34,233605.0
2016-07-06 12:45:00,47.35,47.35,47.35,47.35,297068.0
2016-07-06 13:00:00,47.37,47.37,47.36,47.37,307791.0
2016-07-06 13:15:00,47.4,47.4,47.4,47.4,332339.0
2016-07-06 13:30:00,47.43,47.43,47.43,47.43,263449.0
2016-07-06 14:00:00,47.48,47.48,47.48,47.48,246664.0
2016-07-06 14:15:00,47.49,47.49,47.49,47.49,300553.0
2016-07-06 14:30:00,47.51,47.52,47.51,47.51,200329.0
2016-07-06 14:45:00,47.55,47.55,47.55,47.55,324836.0
2016-07-06 15:00:00,47.57,47.58,47.57,47.57,203467.0
2016-07-06 15:15:00,47.62,47.63,47.62,47.62,267179.0
2016-07-06 15:30:00,47.63,47.63,47.63,47.63,239020.0
2016-07-06 15:45:00,47.67,47.67,47.67,47.67,322983.0
2016-07-07 09:30:00,47.97,47.97,47.97,47.97,458239.0
2016-07-07 09:45:00,48.02,48.03,48.02,48.03,347657.0
2016-07-07 10:00:00,48.04,48.04,48.04,48.04,371490.0
2016-07-07 10:30:00,48.11,48.11,48.1,48.11,350554.0
2016-07-07 10:45:00,48.17,48.18,48.17,48.18,366146.0
2016-07-07 11:00:00,48.19,48.19,48.19,48.19,342218.0
2016-07-07 11:15:00,48.21,48.21,48.21,48.21,280138.0
2016-07-07 11:30:00,48.26,48.27,48.26,48.26,309657.0
2016-07-07 11:45:00,48.29,48.29,48.29,48.29,287793.0
2016-07-07 12:00:00,48.33,48.33,48.33,48.33,415968.0
2016-07-07 12:15:00,48.38,48.38,48.38,48.38,376626.0
2016-07-07 12:30:00,48.41,48.41,48.4,48.41,351915.0
2016-07-07 12:45:00,48.44,48.45,48.44,48.45,469374.0
2016-07-07 13:00:00,48.48,48.49,48.48,48.49,491874.0
2016-07-07 13:15:00,48.55,48.55,48.55,48.55,413807.0
2016-07-07 13:30:00,48.53,48.53,48.52,48.53,325956.0
2016-07-07 13:45:00,48.6,48.6,48.6,48.6,352742.0
2016-07-07 14:00:00,48.64,48.64,48.63,48.64,434619.0
2016-07-07 14:15:00,48.68,48.68,48.67,48.68,302617.0
2016-07-07 14:30:00,48.7,48.7,48.69,48.7,480382.0
2016-07-07 14:45:00,48.73,48.73,48.73,48.73,490800.0
2016-07-07 15:00:00,48.79,48.79,48.79,48.79,313130.0
2016-07-07 15:15:00,48.8,48.8,48.8,48.8,353716.0
2016-07-07 15:30:00,48.85,48.86,48.85,48.85,416562.0
2016-07-07 15:45:00,48.89,48.9,48.89,48.89,394334.0
2016-07-08 09:45:00,49.46,49.47,49.46,49.47,394940.0
2016-07-08 10:00:00,49.45,49.46,49.45,49.46,451191.0
2016-07-08 10:15:00,49.56,49.57,49.56,49.56,458771.0
2016-07-08 10:30:00,49.65,49.65,49.65,49.65,478167.0
2016-07-08 10:45:00,49.71,49.71,49.71,49.71,570330.0
2016-07-08 11:00:00,49.69,49.7,49.69,49.69,601947.0
2016-07-08 11:15:00,49.81,49.81,49.81,49.81,400699.0
2016-07-08 11:45:00,49.91,49.92,49.91,49.91,461236.0
2016-07-08 12:00:00,49.99,50.0,49.99,50.0,579657.0
2016-07-08 12:15:00,50.04,50.04,50.04,50.04,469492.0
2016-07-08 12:30:00,50.16,50.17,50.16,50.16,360641.0
2016-07-08 12:45:00,50.17,50.18,50.17,50.17,599088.0
2016-07-08 13:00:00,50.23,50.23,50.23,50.23,548724.0
2016-07-08 13:15:00,50.28,50.28,50.28,50.28,443464.0
2016-07-08 13:30:00,50.33,50.34,50.33,50.33,381218.0
2016-07-08 13:45:00,50.4,50.4,50.4,50.4,434586.0
2016-07-08 14:00:00,50.45,50.45,50.45,50.45,339044.0
2016-07-08 14:15:00,50.47,50.47,50.47,50.47,407343.0
2016-07-08 14:30:00,50.57,50.57,50.57,50.57,340285.0
2016-07-08 15:00:00,50.7,50.7,50.69,50.7,527036.0
2016-07-08 15:15:00,50.74,50.74,50.73,50.74,555501.0
2016-07-08 15:30:00,50.8,50.8,50.79,50.8,449732.0
2016-07-11 09:30:00,51.58,51.58,51.58,51.58,549516.0
2016-07-11 09:45:00,51.58,51.59,51.58,51.59,518423.0
2016-07-11 10:00:00,51.61,51.61,51.61,51.61,560062.0
2016-07-11 10:15:00,51.64,51.64,51.64,51.64,408373.0
2016-07-11 10:30:00,51.65,51.65,51.65,51.65,473272.0
2016-07-11 10:45:00,51.66,51.66,51.66,51.66,463158.0
2016-07-11 11:00:00,51.68,51.69,51.68,51.69,330473.0
2016-07-11 11:15:00,51.7,51.71,51.7,51.7,351975.0
2016-07-11 11:45:00,51.73,51.73,51.73,51.73,441315.0
2016-07-11 12:00:00,51.76,51.76,51.75,51.76,421165.0
2016-07-11 12:15:00,51.77,51.78,51.77,51.78,550788.0
2016-07-11 12:45:00,51.82,51.82,51.81,51.82,508161.0
2016-07-11 13:00:00,51.83,51.84,51.83,51.84,484476.0
2016-07-11 13:15:00,51.84,51.85,51.84,51.84,522634.0
2016-07-11 13:30:00,51.87,51.87,51.87,51.87,425174.0
2016-07-11 13:45:00,51.89,51.89,51.89,51.89,359133.0
2016-07-11 14:00:00,51.89,51.89,51.89,51.89,549356.0
2016-07-11 14:15:00,51.91,51.91,51.91,51.91,400630.0
2016-07-11 14:30:00,51.93,51.94,51.93,51.94,431082.0
2016-07-11 14:45:00,51.93,51.93,51.93,51.93,410902.0
2016-07-11 15:00:00,51.97,51.97,51.97,51.97,388744.0
2016-07-11 15:15:00,51.98,51.98,51.98,51.98,514466.0
2016-07-11 15:30:00,52.01,52.01,52.01,52.01,345903.0
2016-07-11 15:45:00,52.03,52.04,52.03,52.04,411568.0
2016-07-12 09:30:00,52.6,52.61,52.6,52.61,327140.0
2016-07-12 09:45:00,52.65,52.66,52.65,52.65,505581.0
2016-07-12 10:00:00,52.58,52.59,52.58,52.58,503847.0
2016-07-12 10:15:00,52.63,52.63,52.63,52.63,311994.0
2016-07-12 10:30:00,52.65,52.65,52.65,52.65,451808.0
2016-07-12 10:45:00,52.64,52.64,52.64,52.64,484523.0
2016-07-12 11:00:00,52.65,52.65,52.65,52.65,454260.0
2016-07-12 11:15:00,52.65,52.66,52.65,52.65,520282.0
2016-07-12 11:30:00,52.66,52.66,52.66,52.66,482166.0
2016-07-12 11:45:00,52.66,52.66,52.66,52.66,493625.0
2016-07-12 12:00:00,52.68,52.68,52.68,52.68,465048.0
2016-07-12 12:15:00,52.67,52.67,52.67,52.67,434640.0
2016-07-12 12:30:00,52.7,52.7,52.7,52.7,308582.0
2016-07-12 12:45:00,52.72,52.72,52.72,52.72,432136.0
2016-07-12 13:00:00,52.73,52.74,52.73,52.74,484754.0
2016-07-12 13:15:00,52.72,52.72,52.72,52.72,440538.0
2016-07-12 13:30:00,52.72,52.73,52.72,52.72,345250.0
2016-07-12 13:45:00,52.74,52.74,52.74,52.74,385185.0
2016-07-12 14:00:00,52.74,52.74,52.74,52.74,463506.0
2016-07-12 14:15:00,52.77,52.77,52.77,52.77,312097.0
2016-07-12 14:30:00,52.76,52.76,52.76,52.76,358973.0
2016-07-12 14:45:00,52.77,52.77,52.77,52.77,390893.0
2016-07-12 15:00:00,52.77,52.77,52.77,52.77,517782.0
2016-07-12 15:15:00,52.8,52.8,52.79,52.8,465764.0
2016-07-12 15:30:00,52.79,52.79,52.79,52.79,305414.0
2016-07-12 15:45:00,52.8,52.81,52.8,52.8,331649.0
2016-07-13 09:30:00,52.9,52.9,52.9,52.9,239679.0
2016-07-13 09:45:00,52.91,52.91,52.91,52.91,340098.0
2016-07-13 10:00:00,52.89,52.89,52.89,52.89,232686.0
2016-07-13 10:15:00,52.88,52.88,52.88,52.88,302148.0
2016-07-13 10:30:00,52.88,52.88,52.88,52.88,401301.0
2016-07-13 10:45:00,52.87,52.87,52.87,52.87,377332.0
2016-07-13 11:00:00,52.87,52.87,52.87,52.87,272167.0
2016-07-13 11:15:00,52.88,52.88,52.88,52.88,278509.0
2016-07-13 11:30:00,52.86,52.86,52.86,52.86,257439.0
2016-07-13 11:45:00,52.86,52.86,52.86,52.86,302751.0
2016-07-13 12:00:00,52.85,52.85,52.85,52.85,338738.0
2016-07-13 12:15:00,52.84,52.84,52.84,52.84,235500.0
2016-07-13 12:30:00,52.84,52.84,52.84,52.84,382767.0
2016-07-13 12:45:00,52.83,52.84,52.83,52.83,236928.0
2016-07-13 13:00:00,52.83,52.83,52.83,52.83,252828.0
2016-07-13 13:15:00,52.83,52.83,52.83,52.83,343732.0
2016-07-13 13:30:00,52.83,52.83,52.83,52.83,331903.0
2016-07-13 13:45:00,52.82,52.82,52.82,52.82,385692.0
2016-07-13 14:00:00,52.82,52.82,52.82,52.82,234975.0
2016-07-13 14:15:00,52.81,52.81,52.81,52.81,242081.0
2016-07-13 14:30:00,52.8,52.8,52.8,52.8,265258.0
2016-07-13 14:45:00,52.8,52.8,52.8,52.8,379455.0
2016-07-13 15:00:00,52.79,52.79,52.79,52.79,339817.0
2016-07-13 15:15:00,52.79,52.79,52.79,52.79,337709.0
2016-07-13 15:30:00,52.78,52.78,52.78,52.78,306071.0
2016-07-13 15:45:00,52.77,52.77,52.77,52.77,242660.0
2016-07-14 09:45:00,53.08,53.08,53.08,53.08,228114.0
2016-07-14 10:00:00,53.07,53.07,53.07,53.07,340552.0
2016-07-14 10:15:00,53.16,53.17,53.16,53.16,259175.0
2016-07-14 10:30:00,53.1,53.1,53.1,53.1,215554.0
2016-07-14 10:45:00,53.13,53.13,53.13,53.13,264894.0
2016-07-14 11:15:00,53.12,53.13,53.12,53.12,237023.0
2016-07-14 11:30:00,53.16,53.17,53.16,53.16,303229.0
2016-07-14 11:45:00,53.15,53.16,53.15,53.16,273223.0
2016-07-14 12:00:00,53.16,53.16,53.16,53.16,297792.0
2016-07-14 12:15:00,53.18,53.18,53.18,53.18,236348.0
2016-07-14 12:30:00,53.18,53.19,53.18,53.19,277275.0
2016-07-14 12:45:00,53.18,53.18,53.18,53.18,368362.0
2016-07-14 13:00:00,53.22,53.23,53.22,53.22,250169.0
2016-07-14 13:15:00,53.2,53.2,53.2,53.2,297422.0
2016-07-14 13:30:00,53.23,53.23,53.23,53.23,270238.0
2016-07-14 13:45:00,53.22,53.23,53.22,53.22,373616.0
2016-07-14 14:00:00,53.24,53.24,53.24,53.24,222047.0
2016-07-14 14:15:00,53.25,53.25,53.25,53.25,262066.0
2016-07-14 14:30:00,53.27,53.28,53.27,53.27,227509.0
2016-07-14 14:45:00,53.28,53.28,53.28,53.28,307879.0
2016-07-14 15:00:00,53.29,53.3,53.29,53.3,347595.0
2016-07-14 15:15:00,53.3,53.3,53.3,53.3,254883.0
2016-07-14 15:30:00,53.31,53.31,53.31,53.31,315121.0
2016-07-14 15:45:00,53.33,53.34,53.33,53.34,339667.0
2016-07-15 09:30:00,52.61,52.61,52.61,52.61,373616.0
2016-07-15 09:45:00,52.64,52.64,52.63,52.64,370414.0
2016-07-15 10:00:00,52.64,52.64,52.64,52.64,389461.0
2016-07-15 10:15:00,52.68,52.68,52.68,52.68,406100.0
2016-07-15 10:30:00,52.66,52.66,52.66,52.66,502904.0
2016-07-15 10:45:00,52.64,52.64,52.64,52.64,375705.0
2016-07-15 11:00:00,52.66,52.66,52.66,52.66,530877.0
2016-07-15 11:15:00,52.66,52.67,52.66,52.66,515556.0
2016-07-15 11:30:00,52.66,52.66,52.66,52.66,482566.0
2016-07-15 11:45:00,52.66,52.66,52.65,52.66,524317.0
2016-07-15 12:45:00,52.67,52.67,52.67,52.67,391767.0
2016-07-15 13:00:00,52.66,52.67,52.66,52.66,338188.0
2016-07-15 13:15:00,52.69,52.7,52.69,52.69,376960.0
2016-07-15 13:30:00,52.67,52.67,52.67,52.67,429810.0
2016-07-15 13:45:00,52.7,52.71,52.7,52.71,479438.0
2016-07-15 14:00:00,52.68,52.68,52.68,52.68,340629.0
2016-07-15 14:15:00,52.67,52.67,52.67,52.67,428740.0
2016-07-15 14:30:00,52.69,52.69,52.69,52.69,512067.0
2016-07-15 14:45:00,52.69,52.69,52.69,52.69,344260.0
2016-07-15 15:00:00,52.69,52.69,52.69,52.69,445954.0
2016-07-15 15:15:00,52.69,52.7,52.69,52.7,444341.0
2016-07-15 15:30:00,52.7,52.7,52.7,52.7,321156.0
2016-07-15 15:45:00,52.68,52.69,52.67,52.68,417402.0
2016-07-18 09:30:00,53.35,53.35,53.35,53.35,211883.0
2016-07-18 09:45:00,53.33,53.33,53.33,53.33,176144.0
2016-07-18 10:00:00,53.32,53.32,53.32,53.32,210591.0
2016-07-18 10:15:00,53.32,53.32,53.32,53.32,185802.0
2016-07-18 10:30:00,53.31,53.31,53.31,53.31,264371.0
2016-07-18 10:45:00,53.28,53.28,53.27,53.28,281579.0
2016-07-18 11:00:00,53.26,53.26,53.26,53.26,185533.0
2016-07-18 11:15:00,53.24,53.24,53.24,53.24,225423.0
2016-07-18 11:30:00,53.24,53.24,53.24,53.24,278479.0
2016-07-18 11:45:00,53.21,53.22,53.21,53.22,287161.0
2016-07-18 12:00:00,53.2,53.2,53.2,53.2,175006.0
2016-07-18 12:15:00,53.18,53.18,53.18,53.18,290964.0
2016-07-18 12:30:00,53.17,53.17,53.16,53.17,293661.0
2016-07-18 12:45:00,53.14,53.14,53.14,53.14,170536.0
2016-07-18 13:00:00,53.15,53.15,53.15,53.15,287910.0
2016-07-18 13:15:00,53.12,53.12,53.12,53.12,258598.0
2016-07-18 13:30:00,53.11,53.11,53.11,53.11,186947.0
2016-07-18 13:45:00,53.09,53.09,53.08,53.09,267723.0
2016-07-18 14:00:00,53.08,53.08,53.08,53.08,239126.0
2016-07-18 14:15:00,53.06,53.07,53.06,53.07,240094.0
2016-07-18 14:30:00,53.05,53.05,53.05,53.05,269156.0
2016-07-18 14:45:00,53.03,53.03,53.03,53.03,179791.0
2016-07-18 15:00:00,53.02,53.02,53.02,53.02,313070.0
2016-07-18 15:15:00,52.98,52.98,52.98,52.98,179382.0
2016-07-18 15:30:00,52.99,52.99,52.99,52.99,258334.0
2016-07-19 09:30:00,52.94,52.94,52.94,52.94,435611.0
2016-07-19 09:45:00,52.98,52.98,52.98,52.98,262427.0
2016-07-19 10:00:00,52.99,52.99,52.99,52.99,467241.0
2016-07-19 10:15:00,53.01,53.02,53.01,53.02,478148.0
2016-07-19 10:30:00,53.03,53.03,53.03,53.03,288393.0
2016-07-19 10:45:00,53.05,53.05,53.05,53.05,297519.0
2016-07-19 11:00:00,53.07,53.08,53.07,53.08,421658.0
2016-07-19 11:15:00,53.1,53.1,53.1,53.1,411115.0
2016-07-19 11:30:00,53.13,53.13,53.13,53.13,418042.0
2016-07-19 11:45:00,53.15,53.15,53.15,53.15,336530.0
2016-07-19 12:00:00,53.17,53.18,53.17,53.17,405427.0
2016-07-19 12:15:00,53.2,53.2,53.2,53.2,353485.0
2016-07-19 12:30:00,53.21,53.22,53.21,53.21,453210.0
2016-07-19 13:00:00,53.26,53.26,53.26,53.26,439482.0
2016-07-19 13:15:00,53.28,53.28,53.28,53.28,379566.0
2016-07-19 13:30:00,53.34,53.34,53.34,53.34,394773.0
2016-07-19 13:45:00,53.33,53.33,53.32,53.33,400953.0
2016-07-19 14:00:00,53.36,53.36,53.36,53.36,301502.0
2016-07-19 14:30:00,53.41,53.41,53.41,53.41,345685.0
2016-07-19 14:45:00,53.42,53.42,53.42,53.42,301097.0
2016-07-19 15:00:00,53.45,53.45,53.45,53.45,464570.0
2016-07-19 15:15:00,53.47,53.47,53.47,53.47,321167.0
2016-07-19 15:30:00,53.51,53.51,53.51,53.51,425211.0
2016-07-19 15:45:00,53.51,53.51,53.51,53.51,320212.0
2016-07-20 09:30:00,53.7,53.71,53.7,53.7,360367.0
2016-07-20 09:45:00,53.75,53.75,53.75,53.75,274682.0
2016-07-20 10:00:00,53.74,53.74,53.74,53.74,312452.0
2016-07-20 10:15:00,53.76,53.76,53.76,53.76,216969.0
2016-07-20 10:30:00,53.79,53.79,53.79,53.79,268596.0
2016-07-20 10:45:00,53.81,53.81,53.81,53.81,228713.0
2016-07-20 11:00:00,53.82,53.82,53.82,53.82,361217.0
2016-07-20 11:15:00,53.85,53.85,53.85,53.85,264444.0
2016-07-20 11:30:00,53.86,53.87,53.86,53.86,220182.0
2016-07-20 11:45:00,53.88,53.88,53.88,53.88,227606.0
2016-07-20 12:00:00,53.92,53.92,53.92,53.92,225199.0
2016-07-20 12:15:00,53.96,53.96,53.95,53.95,348113.0
2016-07-20 12:30:00,53.96,53.96,53.96,53.96,343028.0
2016-07-20 12:45:00,53.97,53.97,53.97,53.97,246753.0
2016-07-20 13:00:00,53.99,53.99,53.99,53.99,279504.0
2016-07-20 13:15:00,53.99,53.99,53.99,53.99,273563.0
2016-07-20 13:30:00,54.03,54.04,54.03,54.03,302655.0
2016-07-20 13:45:00,54.04,54.04,54.04,54.04,239020.0
2016-07-20 14:00:00,54.05,54.05,54.05,54.05,350958.0
2016-07-20 14:15:00,54.11,54.11,54.11,54.11,299383.0
2016-07-20 14:30:00,54.1,54.1,54.1,54.1,364798.0
2016-07-20 14:45:00,54.11,54.12,54.11,54.12,357637.0
2016-07-20 15:00:00,54.15,54.15,54.15,54.15,312391.0
2016-07-20 15:15:00,54.18,54.18,54.18,54.18,259899.0
2016-07-20 15:30:00,54.19,54.19,54.19,54.19,344461.0
2016-07-20 15:45:00,54.24,54.25,54.24,54.24,312524.0
2016-07-21 09:30:00,54.09,54.1,54.09,54.1,253966.0
2016-07-21 09:45:00,54.04,54.04,54.04,54.04,313590.0
2016-07-21 10:00:00,54.03,54.03,54.02,54.03,314398.0
2016-07-21 10:15:00,53.99,54.0,53.99,53.99,367656.0
2016-07-21 10:30:00,53.95,53.96,53.95,53.95,440256.0
2016-07-21 10:45:00,53.93,53.93,53.93,53.93,308899.0
2016-07-21 11:00:00,53.91,53.91,53.91,53.91,329884.0
2016-07-21 11:15:00,53.86,53.86,53.86,53.86,328788.0
2016-07-21 11:30:00,53.86,53.87,53.86,53.87,265074.0
2016-07-21 11:45:00,53.77,53.78,53.77,53.77,386241.0
2016-07-21 12:00:00,53.78,53.79,53.78,53.78,424610.0
2016-07-21 12:15:00,53.74,53.75,53.74,53.75,320750.0
2016-07-21 12:30:00,53.68,53.69,53.68,53.68,441517.0
2016-07-21 12:45:00,53.66,53.66,53.66,53.66,336295.0
2016-07-21 13:00:00,53.6,53.61,53.6,53.6,349169.0
2016-07-21 13:15:00,53.55,53.55,53.55,53.55,352266.0
2016-07-21 13:30:00,53.53,53.54,53.53,53.53,261485.0
2016-07-21 13:45:00,53.5,53.5,53.5,53.5,259329.0
2016-07-21 14:00:00,53.46,53.46,53.46,53.46,446436.0
2016-07-21 14:15:00,53.44,53.44,53.44,53.44,302484.0
2016-07-21 14:30:00,53.4,53.4,53.4,53.4,269335.0
2016-07-21 14:45:00,53.35,53.35,53.35,53.35,286244.0
2016-07-21 15:00:00,53.33,53.33,53.33,53.33,392704.0
2016-07-21 15:15:00,53.31,53.32,53.31,53.31,285518.0
2016-07-21 15:30:00,53.25,53.25,53.25,53.25,290532.0
2016-07-21 15:45:00,53.22,53.22,53.22,53.22,374416.0
2016-07-22 09:30:00,53.4,53.41,53.4,53.4,248523.0
2016-07-22 09:45:00,53.48,53.49,53.48,53.49,330306.0
2016-07-22 10:00:00,53.5,53.5,53.5,53.5,222471.0
2016-07-22 10:15:00,53.56,53.56,53.56,53.56,239336.0
2016-07-22 10:30:00,53.61,53.61,53.61,53.61,376463.0
2016-07-22 10:45:00,53.62,53.63,53.62,53.62,279020.0
2016-07-22 11:15:00,53.75,53.76,53.75,53.75,313943.0
2016-07-22 11:30:00,53.82,53.82,53.82,53.82,312065.0
2016-07-22 11:45:00,53.87,53.87,53.87,53.87,271307.0
2016-07-22 12:00:00,53.89,53.89,53.89,53.89,391280.0
2016-07-22 12:15:00,53.97,53.97,53.97,53.97,328062.0
2016-07-22 12:30:00,54.02,54.02,54.02,54.02,237499.0
2016-07-22 12:45:00,54.05,54.05,54.05,54.05,340995.0
2016-07-22 13:00:00,54.09,54.09,54.09,54.09,392616.0
2016-07-22 13:15:00,54.13,54.14,54.13,54.13,214482.0
2016-07-22 13:30:00,54.23,54.23,54.22,54.22,262242.0
2016-07-22 13:45:00,54.28,54.28,54.27,54.28,233938.0
2016-07-22 14:00:00,54.3,54.31,54.3,54.3,263214.0
2016-07-22 14:15:00,54.32,54.33,54.32,54.32,221804.0
2016-07-22 14:30:00,54.44,54.45,54.44,54.45,278054.0
2016-07-22 14:45:00,54.47,54.48,54.47,54.47,393680.0
2016-07-22 15:00:00,54.51,54.51,54.51,54.51,364675.0
2016-07-22 15:30:00,54.64,54.65,54.64,54.65,342576.0
2016-07-22 15:45:00,54.67,54.67,54.67,54.67,221345.0
2016-07-25 09:30:00,54.99,55.0,54.99,54.99,279538.0
2016-07-25 09:45:00,55.04,55.04,55.04,55.04,303615.0
2016-07-25 10:00:00,55.04,55.05,55.04,55.04,295183.0
2016-07-25 10:15:00,55.09,55.1,55.09,55.1,260612.0
2016-07-25 10:30:00,55.11,55.11,55.11,55.11,220844.0
2016-07-25 10:45:00,55.13,55.13,55.13,55.13,223461.0
2016-07-25 11:00:00,55.19,55.19,55.18,55.19,215716.0
2016-07-25 11:15:00,55.18,55.18,55.18,55.18,264422.0
2016-07-25 11:30:00,55.18,55.19,55.18,55.19,213036.0
2016-07-25 11:45:00,55.25,55.26,55.25,55.25,283962.0
2016-07-25 12:00:00,55.28,55.28,55.28,55.28,346211.0
2016-07-25 12:15:00,55.31,55.32,55.31,55.31,381782.0
2016-07-25 12:45:00,55.35,55.35,55.34,55.35,345393.0
2016-07-25 13:00:00,55.39,55.39,55.39,55.39,366516.0
2016-07-25 13:15:00,55.4,55.4,55.4,55.4,274995.0
2016-07-25 13:30:00,55.43,55.43,55.43,55.43,292528.0
2016-07-25 13:45:00,55.44,55.44,55.44,55.44,262975.0
2016-07-25 14:00:00,55.48,55.48,55.48,55.48,356307.0
2016-07-25 14:15:00,55.52,55.52,55.52,55.52,390381.0
2016-07-25 14:30:00,55.55,55.56,55.55,55.55,247573.0
2016-07-25 14:45:00,55.57,55.57,55.57,55.57,267616.0
2016-07-25 15:00:00,55.6,55.6,55.6,55.6,304340.0
2016-07-25 15:15:00,55.61,55.62,55.61,55.61,236431.0
2016-07-25 15:30:00,55.66,55.66,55.66,55.66,359471.0
2016-07-25 15:45:00,55.67,55.68,55.67,55.67,295373.0
2016-07-26 09:30:00,56.17,56.18,56.17,56.17,514554.0
2016-07-26 09:45:00,56.19,56.19,56.19,56.19,576606.0
2016-07-26 10:00:00,56.22,56.22,56.22,56.22,641867.0
2016-07-26 10:15:00,56.23,56.23,56.23,56.23,365273.0
2016-07-26 10:30:00,56.26,56.26,56.26,56.26,485876.0
2016-07-26 10:45:00,56.29,56.29,56.29,56.29,351173.0
2016-07-26 11:00:00,56.29,56.29,56.29,56.29,499222.0
2016-07-26 11:15:00,56.31,56.31,56.31,56.31,457602.0
2016-07-26 11:30:00,56.31,56.32,56.31,56.31,440881.0
2016-07-26 11:45:00,56.34,56.34,56.34,56.34,473217.0
2016-07-26 12:00:00,56.35,56.35,56.35,56.35,390746.0
2016-07-26 12:15:00,56.37,56.37,56.37,56.37,421696.0
2016-07-26 12:30:00,56.4,56.4,56.4,56.4,373200.0
2016-07-26 12:45:00,56.41,56.41,56.41,56.41,470470.0
2016-07-26 13:00:00,56.42,56.42,56.42,56.42,395549.0
2016-07-26 13:15:00,56.44,56.45,56.44,56.44,612636.0
2016-07-26 13:30:00,56.48,56.48,56.48,56.48,374442.0
2016-07-26 13:45:00,56.48,56.48,56.48,56.48,371836.0
2016-07-26 14:00:00,56.5,56.5,56.5,56.5,474216.0
2016-07-26 14:15:00,56.53,56.53,56.53,56.53,584389.0
2016-07-26 14:30:00,56.55,56.55,56.55,56.55,376537.0
2016-07-26 14:45:00,56.55,56.56,56.55,56.55,634481.0
2016-07-26 15:00:00,56.58,56.59,56.58,56.58,620813.0
2016-07-26 15:15:00,56.59,56.59,56.59,56.59,433573.0
2016-07-26 15:30:00,56.61,56.61,56.61,56.61,450366.0
2016-07-26 15:45:00,56.63,56.63,56.63,56.63,431997.0
2016-07-27 09:30:00,57.13,57.13,57.13,57.13,378796.0
2016-07-27 09:45:00,57.07,57.08,57.07,57.08,388393.0
2016-07-27 10:00:00,57.03,57.03,57.03,57.03,436248.0
2016-07-27 10:15:00,56.99,56.99,56.99,56.99,452120.0
2016-07-27 10:30:00,56.96,56.96,56.96,56.96,477406.0
2016-07-27 10:45:00,56.89,56.89,56.89,56.89,335375.0
2016-07-27 11:00:00,56.86,56.87,56.86,56.86,454753.0
2016-07-27 11:15:00,56.83,56.83,56.83,56.83,541705.0
2016-07-27 11:45:00,56.74,56.74,56.74,56.74,552436.0
2016-07-27 12:00:00,56.68,56.68,56.68,56.68,420776.0
2016-07-27 12:15:00,56.66,56.67,56.65,56.66,508330.0
2016-07-27 12:30:00,56.62,56.63,56.62,56.63,506192.0
2016-07-27 12:45:00,56.57,56.58,56.57,56.57,332253.0
2016-07-27 13:00:00,56.53,56.54,56.53,56.53,527939.0
2016-07-27 13:15:00,56.49,56.49,56.49,56.49,315121.0
2016-07-27 13:30:00,56.43,56.43,56.43,56.43,401266.0
2016-07-27 13:45:00,56.38,56.39,56.38,56.38,501554.0
2016-07-27 14:00:00,56.32,56.32,56.32,56.32,470731.0
2016-07-27 14:15:00,56.31,56.32,56.31,56.32,522122.0
2016-07-27 14:30:00,56.31,56.31,56.31,56.31,473295.0
2016-07-27 14:45:00,56.23,56.24,56.22,56.24,406611.0
2016-07-27 15:00:00,56.17,56.17,56.17,56.17,508704.0
2016-07-27 15:15:00,56.14,56.14,56.14,56.14,368658.0
2016-07-27 15:30:00,56.09,56.09,56.09,56.09,459815.0
2016-07-27 15:45:00,56.03,56.04,56.03,56.03,402592.0
2016-07-28 09:30:00,56.19,56.19,56.19,56.19,252895.0
2016-07-28 09:45:00,56.18,56.19,56.18,56.18,157630.0
2016-07-28 10:00:00,56.19,56.2,56.19,56.19,269649.0
2016-07-28 10:15:00,56.18,56.18,56.18,56.18,170716.0
2016-07-28 10:30:00,56.19,56.2,56.19,56.19,224350.0
2016-07-28 10:45:00,56.19,56.19,56.18,56.19,257029.0
2016-07-28 11:00:00,56.19,56.19,56.19,56.19,201910.0
2016-07-28 11:15:00,56.18,56.18,56.18,56.18,208182.0
2016-07-28 11:30:00,56.19,56.19,56.19,56.19,258000.0
2016-07-28 12:00:00,56.19,56.19,56.19,56.19,246060.0
2016-07-28 12:15:00,56.19,56.19,56.19,56.19,196655.0
2016-07-28 12:30:00,56.19,56.19,56.19,56.19,252046.0
2016-07-28 12:45:00,56.19,56.19,56.19,56.19,168941.0
2016-07-28 13:00:00,56.19,56.19,56.19,56.19,210676.0
2016-07-28 13:15:00,56.18,56.18,56.18,56.18,216097.0
2016-07-28 13:30:00,56.19,56.19,56.19,56.19,217102.0
2016-07-28 13:45:00,56.19,56.19,56.19,56.19,244580.0
2016-07-28 14:00:00,56.18,56.18,56.18,56.18,260895.0
2016-07-28 14:15:00,56.19,56.19,56.19,56.19,245614.0
2016-07-28 14:30:00,56.18,56.19,56.18,56.18,259952.0
2016-07-28 14:45:00,56.18,56.18,56.18,56.18,209719.0
2016-07-28 15:00:00,56.18,56.18,56.18,56.18,238646.0
2016-07-28 15:15:00,56.17,56.17,56.17,56.17,198656.0
2016-07-28 15:30:00,56.18,56.18,56.17,56.18,260467.0
2016-07-28 15:45:00,56.18,56.18,56.18,56.18,188067.0
2016-07-29 09:30:00,56.47,56.47,56.46,56.47,380233.0
2016-07-29 09:45:00,56.4,56.4,56.39,56.4,498078.0
2016-07-29 10:00:00,56.47,56.48,56.46,56.47,426276.0
2016-07-29 10:15:00,56.52,56.53,56.52,56.52,354161.0
2016-07-29 10:30:00,56.48,56.48,56.48,56.48,352408.0
2016-07-29 10:45:00,56.56,56.56,56.55,56.56,399272.0
2016-07-29 11:00:00,56.57,56.57,56.57,56.57,458764.0
2016-07-29 11:15:00,56.6,56.6,56.6,56.6,460514.0
2016-07-29 11:30:00,56.62,56.62,56.61,56.62,348971.0
2016-07-29 11:45:00,56.64,56.64,56.64,56.64,333024.0
2016-07-29 12:00:00,56.67,56.67,56.67,56.67,511284.0
2016-07-29 12:15:00,56.69,56.7,56.69,56.69,418247.0
2016-07-29 12:30:00,56.73,56.74,56.73,56.73,414614.0
2016-07-29 12:45:00,56.75,56.76,56.75,56.75,385352.0
2016-07-29 13:00:00,56.77,56.78,56.77,56.78,503189.0
2016-07-29 13:15:00,56.81,56.82,56.81,56.81,344629.0
2016-07-29 13:30:00,56.85,56.85,56.85,56.85,393350.0
2016-07-29 13:45:00,56.91,56.92,56.9,56.91,291300.0
2016-07-29 14:00:00,56.92,56.92,56.91,56.92,330194.0
2016-07-29 14:15:00,56.93,56.93,56.93,56.93,437001.0
2016-07-29 14:30:00,56.95,56.96,56.95,56.96,477441.0
2016-07-29 14:45:00,56.97,56.97,56.97,56.97,416213.0
2016-07-29 15:00:00,57.05,57.06,57.05,57.05,389910.0
2016-07-29 15:15:00,57.05,57.05,57.05,57.05,467099.0
2016-07-29 15:30:00,57.08,57.08,57.07,57.08,452793.0
2016-07-29 15:45:00,57.1,57.1,57.1,57.1,475815.0
2016-08-01 09:30:00,57.34,57.34,57.34,57.34,264817.0
2016-08-01 09:45:00,57.32,57.32,57.31,57.32,356290.0
2016-08-01 10:00:00,57.29,57.3,57.29,57.29,303407.0
2016-08-01 10:15:00,57.25,57.26,57.25,57.25,348850.0
2016-08-01 10:30:00,57.25,57.25,57.25,57.25,334242.0
2016-08-01 10:45:00,57.2,57.21,57.2,57.2,328448.0
2016-08-01 11:00:00,57.17,57.17,57.17,57.17,306942.0
2016-08-01 11:15:00,57.17,57.17,57.17,57.17,341379.0
2016-08-01 11:30:00,57.14,57.14,57.14,57.14,225853.0
2016-08-01 11:45:00,57.12,57.12,57.12,57.12,230000.0
2016-08-01 12:00:00,57.1,57.1,57.1,57.1,351276.0
2016-08-01 12:15:00,57.06,57.07,57.06,57.06,269011.0
2016-08-01 12:30:00,57.04,57.04,57.04,57.04,248507.0
2016-08-01 12:45:00,56.96,56.97,56.96,56.96,271938.0
2016-08-01 13:00:00,56.99,57.0,56.99,56.99,203671.0
2016-08-01 13:15:00,56.97,56.98,56.97,56.97,267947.0
2016-08-01 13:30:00,56.97,56.97,56.97,56.97,206762.0
2016-08-01 13:45:00,56.93,56.93,56.93,56.93,280834.0
2016-08-01 14:00:00,56.91,56.92,56.91,56.92,296459.0
2016-08-01 14:15:00,56.87,56.87,56.87,56.87,300953.0
2016-08-01 14:30:00,56.85,56.86,56.85,56.85,307395.0
2016-08-01 14:45:00,56.82,56.82,56.82,56.82,270279.0
2016-08-01 15:00:00,56.82,56.83,56.82,56.83,233273.0
2016-08-01 15:15:00,56.79,56.79,56.79,56.79,265525.0
2016-08-01 15:30:00,56.75,56.76,56.75,56.75,222908.0
2016-08-01 15:45:00,56.73,56.73,56.73,56.73,286929.0
2016-08-02 09:30:00,57.03,57.03,57.03,57.03,234143.0
2016-08-02 09:45:00,56.96,56.97,56.96,56.97,351372.0
2016-08-02 10:00:00,56.91,56.92,56.91,56.91,211263.0
2016-08-02 10:15:00,56.92,56.93,56.92,56.92,192003.0
2016-08-02 10:30:00,56.84,56.85,56.84,56.85,221079.0
2016-08-02 10:45:00,56.79,56.79,56.78,56.79,256077.0
2016-08-02 11:00:00,56.76,56.77,56.76,56.76,279261.0
2016-08-02 11:15:00,56.75,56.75,56.74,56.75,320621.0
2016-08-02 11:30:00,56.71,56.72,56.71,56.71,347317.0
2016-08-02 11:45:00,56.65,56.65,56.65,56.65,229973.0
2016-08-02 12:00:00,56.61,56.61,56.61,56.61,287886.0
2016-08-02 12:15:00,56.59,56.6,56.59,56.59,251144.0
2016-08-02 12:30:00,56.54,56.54,56.54,56.54,204643.0
2016-08-02 12:45:00,56.5,56.5,56.49,56.5,245739.0
2016-08-02 13:00:00,56.48,56.48,56.47,56.48,197485.0
2016-08-02 13:15:00,56.44,56.44,56.44,56.44,282724.0
2016-08-02 13:30:00,56.39,56.39,56.39,56.39,226841.0
2016-08-02 13:45:00,56.35,56.35,56.35,56.35,224689.0
2016-08-02 14:00:00,56.29,56.3,56.29,56.29,258499.0
2016-08-02 14:15:00,56.27,56.27,56.27,56.27,272021.0
2016-08-02 14:30:00,56.22,56.23,56.22,56.23,352720.0
2016-08-02 14:45:00,56.2,56.21,56.2,56.2,259778.0
2016-08-02 15:00:00,56.16,56.17,56.16,56.16,222870.0
2016-08-02 15:15:00,56.13,56.14,56.13,56.13,207779.0
2016-08-02 15:30:00,56.08,56.08,56.08,56.08,310544.0
2016-08-02 15:45:00,56.06,56.06,56.05,56.06,197539.0
2016-08-03 09:30:00,55.97,55.97,55.96,55.97,238688.0
2016-08-03 09:45:00,55.99,56.0,55.99,55.99,285258.0
2016-08-03 10:00:00,56.0,56.0,55.99,56.0,334143.0
2016-08-03 10:15:00,55.99,56.0,55.99,55.99,216925.0
2016-08-03 10:30:00,55.99,56.0,55.99,56.0,350055.0
2016-08-03 10:45:00,56.01,56.01,56.0,56.01,216160.0
2016-08-03 11:00:00,56.02,56.02,56.02,56.02,292968.0
2016-08-03 11:15:00,56.03,56.03,56.03,56.03,335601.0
2016-08-03 11:30:00,56.04,56.04,56.04,56.04,292239.0
2016-08-03 11:45:00,56.05,56.05,56.05,56.05,295901.0
2016-08-03 12:00:00,56.06,56.06,56.06,56.06,347150.0
2016-08-03 12:15:00,56.08,56.08,56.08,56.08,275080.0
2016-08-03 12:30:00,56.07,56.07,56.07,56.07,334150.0
2016-08-03 12:45:00,56.08,56.08,56.08,56.08,242923.0
2016-08-03 13:00:00,56.09,56.09,56.09,56.09,270321.0
2016-08-03 13:15:00,56.11,56.11,56.11,56.11,357307.0
2016-08-03 13:30:00,56.12,56.12,56.12,56.12,327053.0
2016-08-03 13:45:00,56.11,56.12,56.11,56.12,334041.0
2016-08-03 14:00:00,56.12,56.13,56.12,56.13,372637.0
2016-08-03 14:15:00,56.15,56.15,56.15,56.15,251734.0
2016-08-03 14:30:00,56.15,56.15,56.15,56.15,230316.0
2016-08-03 14:45:00,56.15,56.15,56.15,56.15,299971.0
2016-08-03 15:00:00,56.16,56.16,56.16,56.16,205101.0
2016-08-03 15:15:00,56.17,56.17,56.17,56.17,310746.0
2016-08-03 15:30:00,56.18,56.18,56.18,56.18,348480.0
2016-08-03 15:45:00,56.2,56.21,56.2,56.21,282163.0
2016-08-04 09:30:00,56.46,56.46,56.46,56.46,230819.0
2016-08-04 09:45:00,56.5,56.5,56.5,56.5,212347.0
2016-08-04 10:00:00,56.51,56.51,56.51,56.51,290644.0
2016-08-04 10:15:00,56.54,56.54,56.54,56.54,290828.0
2016-08-04 10:30:00,56.57,56.57,56.57,56.57,220977.0
2016-08-04 10:45:00,56.61,56.61,56.61,56.61,280367.0
2016-08-04 11:00:00,56.65,56.65,56.65,56.65,283199.0
2016-08-04 11:15:00,56.67,56.68,56.67,56.67,334066.0
2016-08-04 11:30:00,56.71,56.72,56.71,56.71,287614.0
2016-08-04 11:45:00,56.75,56.75,56.75,56.75,301190.0
2016-08-04 12:00:00,56.77,56.78,56.77,56.77,276627.0
2016-08-04 12:15:00,56.79,56.79,56.79,56.79,195116.0
2016-08-04 12:30:00,56.84,56.85,56.84,56.85,262085.0
2016-08-04 12:45:00,56.86,56.86,56.86,56.86,328763.0
2016-08-04 13:00:00,56.9,56.9,56.9,56.9,281860.0
2016-08-04 13:15:00,56.92,56.92,56.92,56.92,293807.0
2016-08-04 13:30:00,56.97,56.98,56.97,56.97,264803.0
2016-08-04 13:45:00,56.99,56.99,56.99,56.99,230381.0
2016-08-04 14:00:00,57.02,57.02,57.02,57.02,332668.0
2016-08-04 14:15:00,57.04,57.05,57.04,57.04,310591.0
2016-08-04 14:30:00,57.07,57.08,57.07,57.08,193648.0
2016-08-04 14:45:00,57.1,57.1,57.1,57.1,257077.0
2016-08-04 15:00:00,57.13,57.13,57.13,57.13,281077.0
2016-08-04 15:15:00,57.17,57.17,57.17,57.17,224061.0
2016-08-04 15:30:00,57.2,57.2,57.2,57.2,295787.0
2016-08-04 15:45:00,57.23,57.23,57.22,57.23,302794.0
2016-08-05 09:30:00,57.89,57.89,57.89,57.89,393133.0
2016-08-05 09:45:00,57.9,57.9,57.9,57.9,417928.0
2016-08-05 10:00:00,57.9,57.91,57.9,57.9,273966.0
2016-08-05 10:15:00,57.93,57.93,57.93,57.93,330064.0
2016-08-05 10:30:00,57.94,57.94,57.94,57.94,327369.0
2016-08-05 10:45:00,57.95,57.95,57.95,57.95,429618.0
2016-08-05 11:00:00,57.96,57.96,57.96,57.96,380988.0
2016-08-05 11:15:00,57.98,57.98,57.98,57.98,384137.0
2016-08-05 11:30:00,57.99,57.99,57.99,57.99,428368.0
2016-08-05 11:45:00,58.0,58.01,58.0,58.01,264786.0
2016-08-05 12:00:00,58.02,58.03,58.02,58.02,297057.0
2016-08-05 12:15:00,58.02,58.02,58.02,58.02,320560.0
2016-08-05 12:30:00,58.04,58.04,58.04,58.04,307837.0
2016-08-05 12:45:00,58.05,58.05,58.05,58.05,461136.0
2016-08-05 13:00:00,58.05,58.06,58.05,58.05,452081.0
2016-08-05 13:15:00,58.06,58.06,58.06,58.06,353913.0
2016-08-05 13:30:00,58.08,58.09,58.08,58.08,295453.0
2016-08-05 13:45:00,58.1,58.1,58.1,58.1,378312.0
2016-08-05 14:00:00,58.11,58.11,58.11,58.11,274462.0
2016-08-05 14:15:00,58.13,58.13,58.13,58.13,264590.0
2016-08-05 14:30:00,58.14,58.14,58.14,58.14,314298.0
2016-08-05 14:45:00,58.14,58.15,58.14,58.15,416619.0
2016-08-05 15:00:00,58.18,58.18,58.18,58.18,405206.0
2016-08-05 15:15:00,58.17,58.18,58.17,58.17,303586.0
2016-08-05 15:30:00,58.18,58.18,58.18,58.18,379275.0
2016-08-05 15:45:00,58.21,58.21,58.21,58.21,377852.0
2016-08-08 09:30:00,59.0,59.0,59.0,59.0,368042.0
2016-08-08 09:45:00,58.99,58.99,58.99,58.99,297018.0
2016-08-08 10:00:00,59.02,59.02,59.01,59.02,230495.0
2016-08-08 10:15:00,58.98,58.98,58.98,58.98,278422.0
2016-08-08 10:30:00,58.96,58.96,58.96,58.96,301804.0
2016-08-08 10:45:00,58.95,58.95,58.95,58.95,266335.0
2016-08-08 11:00:00,58.96,58.96,58.96,58.96,329354.0
2016-08-08 11:15:00,58.93,58.93,58.93,58.93,356339.0
2016-08-08 11:30:00,58.93,58.93,58.93,58.93,253230.0
2016-08-08 11:45:00,58.9,58.9,58.9,58.9,208848.0
2016-08-08 12:00:00,58.89,58.89,58.89,58.89,230135.0
2016-08-08 12:15:00,58.9,58.9,58.9,58.9,305360.0
2016-08-08 12:30:00,58.87,58.87,58.87,58.87,305101.0
2016-08-08 12:45:00,58.87,58.88,58.87,58.87,287868.0
2016-08-08 13:00:00,58.86,58.86,58.86,58.86,214152.0
2016-08-08 13:15:00,58.82,58.82,58.82,58.82,229912.0
2016-08-08 13:30:00,58.87,58.87,58.87,58.87,311424.0
2016-08-08 13:45:00,58.81,58.81,58.8,58.8,283111.0
2016-08-08 14:00:00,58.81,58.81,58.81,58.81,270336.0
2016-08-08 14:15:00,58.81,58.81,58.81,58.81,218579.0
2016-08-08 14:30:00,58.82,58.82,58.81,58.81,377883.0
2016-08-08 14:45:00,58.78,58.79,58.78,58.78,360048.0
2016-08-08 15:00:00,58.77,58.77,58.77,58.77,255394.0
2016-08-08 15:15:00,58.74,58.74,58.73,58.74,246096.0
2016-08-08 15:30:00,58.76,58.76,58.76,58.76,223355.0
2016-08-08 15:45:00,58.7,58.7,58.7,58.7,230963.0
2016-08-09 09:30:00,59.03,59.04,59.03,59.03,450027.0
2016-08-09 09:45:00,59.02,59.02,59.02,59.02,328080.0
2016-08-09 10:00:00,59.02,59.02,59.01,59.01,340648.0
2016-08-09 10:15:00,59.02,59.02,59.01,59.02,399923.0
2016-08-09 10:30:00,58.99,58.99,58.99,58.99,438820.0
2016-08-09 10:45:00,58.98,58.99,58.98,58.98,431129.0
2016-08-09 11:00:00,59.0,59.0,59.0,59.0,402524.0
2016-08-09 11:15:00,59.0,59.0,59.0,59.0,354104.0
2016-08-09 11:30:00,58.99,58.99,58.98,58.99,426671.0
2016-08-09 11:45:00,58.98,58.98,58.98,58.98,279978.0
2016-08-09 12:00:00,58.97,58.97,58.97,58.97,339115.0
2016-08-09 12:15:00,58.98,58.98,58.98,58.98,350447.0
2016-08-09 12:30:00,58.96,58.97,58.96,58.96,260672.0
2016-08-09 12:45:00,58.96,58.96,58.96,58.96,425998.0
2016-08-09 13:00:00,58.95,58.95,58.95,58.95,273716.0
2016-08-09 13:15:00,58.96,58.96,58.95,58.96,338790.0
2016-08-09 13:30:00,58.97,58.98,58.97,58.97,327523.0
2016-08-09 13:45:00,58.94,58.94,58.94,58.94,274494.0
2016-08-09 14:00:00,58.93,58.93,58.93,58.93,326363.0
2016-08-09 14:15:00,58.93,58.93,58.93,58.93,282772.0
2016-08-09 14:30:00,58.93,58.93,58.93,58.93,433994.0
2016-08-09 14:45:00,58.91,58.91,58.91,58.91,291635.0
2016-08-09 15:00:00,58.93,58.93,58.93,58.93,445332.0
2016-08-09 15:15:00,58.9,58.9,58.9,58.9,316985.0
2016-08-09 15:30:00,58.89,58.89,58.89,58.89,446278.0
2016-08-09 15:45:00,58.89,58.89,58.89,58.89,433325.0
2016-08-10 09:30:00,59.38,59.38,59.38,59.38,435808.0
2016-08-10 09:45:00,59.37,59.38,59.37,59.37,282099.0
2016-08-10 10:00:00,59.31,59.31,59.31,59.31,438883.0
2016-08-10 10:15:00,59.3,59.31,59.3,59.3,269654.0
2016-08-10 10:30:00,59.25,59.26,59.25,59.26,383403.0
2016-08-10 10:45:00,59.22,59.22,59.22,59.22,335707.0
2016-08-10 11:00:00,59.2,59.2,59.2,59.2,376829.0
2016-08-10 11:15:00,59.16,59.16,59.16,59.16,467458.0
2016-08-10 11:30:00,59.13,59.14,59.13,59.13,459211.0
2016-08-10 11:45:00,59.1,59.1,59.1,59.1,364233.0
2016-08-10 12:00:00,59.08,59.09,59.08,59.09,257121.0
2016-08-10 12:15:00,59.02,59.03,59.02,59.02,291754.0
2016-08-10 12:30:00,58.96,58.97,58.96,58.96,454606.0
2016-08-10 12:45:00,58.94,58.95,58.94,58.94,378871.0
2016-08-10 13:00:00,58.93,58.93,58.93,58.93,424989.0
2016-08-10 13:15:00,58.87,58.87,58.87,58.87,329020.0
2016-08-10 13:30:00,58.83,58.83,58.83,58.83,399021.0
2016-08-10 13:45:00,58.78,58.79,58.78,58.78,376835.0
2016-08-10 14:00:00,58.73,58.74,58.73,58.73,300749.0
2016-08-10 14:15:00,58.74,58.75,58.74,58.74,376254.0
2016-08-10 14:30:00,58.69,58.7,58.69,58.7,399143.0
2016-08-10 14:45:00,58.65,58.65,58.64,58.64,364194.0
2016-08-10 15:00:00,58.65,58.65,58.65,58.65,319251.0
2016-08-10 15:15:00,58.57,58.58,58.57,58.58,293533.0
2016-08-10 15:30:00,58.53,58.54,58.53,58.54,442137.0
2016-08-10 15:45:00,58.51,58.51,58.51,58.51,458204.0
2016-08-11 09:30:00,58.81,58.81,58.81,58.81,615778.0
2016-08-11 09:45:00,58.84,58.85,58.84,58.84,593024.0
2016-08-11 10:00:00,58.87,58.88,58.87,58.88,654964.0
2016-08-11 10:15:00,58.95,58.96,58.95,58.95,459067.0
2016-08-11 10:30:00,58.95,58.95,58.95,58.95,481763.0
2016-08-11 10:45:00,59.01,59.01,59.01,59.01,575931.0
2016-08-11 11:00:00,59.01,59.02,59.01,59.01,550988.0
2016-08-11 11:15:00,59.11,59.11,59.1,59.11,592871.0
2016-08-11 11:30:00,59.13,59.13,59.13,59.13,685769.0
2016-08-11 11:45:00,59.12,59.13,59.12,59.12,483753.0
2016-08-11 12:00:00,59.17,59.17,59.16,59.17,585045.0
2016-08-11 12:15:00,59.17,59.18,59.17,59.18,460822.0
2016-08-11 12:30:00,59.24,59.25,59.24,59.25,569657.0
2016-08-11 12:45:00,59.29,59.29,59.29,59.29,685326.0
2016-08-11 13:00:00,59.33,59.33,59.33,59.33,738011.0
2016-08-11 13:15:00,59.35,59.36,59.35,59.36,477086.0
2016-08-11 13:30:00,59.35,59.35,59.35,59.35,652386.0
2016-08-11 13:45:00,59.4,59.4,59.4,59.4,653197.0
2016-08-11 14:00:00,59.47,59.47,59.47,59.47,808945.0
2016-08-11 14:15:00,59.49,59.49,59.49,59.49,501841.0
2016-08-11 14:30:00,59.52,59.52,59.52,59.52,485048.0
2016-08-11 14:45:00,59.56,59.56,59.56,59.56,579286.0
2016-08-11 15:00:00,59.6,59.6,59.6,59.6,484810.0
2016-08-11 15:15:00,59.62,59.63,59.62,59.63,654517.0
2016-08-11 15:30:00,59.67,59.67,59.67,59.67,680969.0
2016-08-11 15:45:00,59.68,59.69,59.68,59.69,485811.0
2016-08-12 09:30:00,61.95,61.95,61.94,61.94,1199563.0
2016-08-12 09:45:00,61.93,61.93,61.93,61.93,1548600.0
2016-08-12 10:00:00,61.98,61.99,61.98,61.99,1762998.0
2016-08-12 10:15:00,62.04,62.05,62.04,62.05,1684889.0
2016-08-12 10:30:00,62.05,62.06,62.04,62.06,1380957.0
2016-08-12 10:45:00,62.11,62.12,62.1,62.11,1265023.0
2016-08-12 11:00:00,62.16,62.16,62.16,62.16,985433.0
2016-08-12 11:15:00,62.19,62.19,62.19,62.19,1402658.0
2016-08-12 11:45:00,62.31,62.31,62.3,62.31,1415311.0
2016-08-12 12:00:00,62.39,62.39,62.39,62.39,1656655.0
2016-08-12 12:15:00,62.37,62.38,62.37,62.38,1579080.0
2016-08-12 12:30:00,62.44,62.45,62.44,62.44,1769047.0
2016-08-12 12:45:00,62.47,62.48,62.47,62.47,1403971.0
2016-08-12 13:00:00,62.53,62.53,62.53,62.53,1160958.0
2016-08-12 13:15:00,62.56,62.57,62.56,62.56,1055810.0
2016-08-12 13:30:00,62.61,62.62,62.61,62.61,1000338.0
2016-08-12 13:45:00,62.66,62.66,62.66,62.66,1242430.0
2016-08-12 14:00:00,62.71,62.72,62.71,62.71,1434114.0
2016-08-12 14:15:00,62.8,62.82,62.8,62.81,1247778.0
2016-08-12 14:30:00,62.81,62.82,62.81,62.81,1686934.0
2016-08-12 14:45:00,62.89,62.9,62.89,62.9,1780225.0
2016-08-12 15:00:00,62.9,62.91,62.9,62.91,1559132.0
2016-08-12 15:15:00,62.94,62.96,62.93,62.96,1079228.0
2016-08-12 15:30:00,62.97,62.98,62.97,62.98,1448469.0
2016-08-12 15:45:00,63.01,63.02,63.01,63.01,1158750.0
2016-08-15 09:30:00,63.11,63.11,63.11,63.11,493578.0
2016-08-15 09:45:00,63.13,63.14,63.13,63.13,666961.0
2016-08-15 10:00:00,63.08,63.08,63.08,63.08,613914.0
2016-08-15 10:15:00,63.11,63.11,63.11,63.11,705991.0
2016-08-15 10:30:00,63.09,63.09,63.09,63.09,672452.0
2016-08-15 10:45:00,63.09,63.09,63.08,63.09,623912.0
2016-08-15 11:00:00,63.08,63.09,63.08,63.09,441657.0
2016-08-15 11:15:00,63.04,63.04,63.04,63.04,418093.0
2016-08-15 11:30:00,63.07,63.07,63.07,63.07,446567.0
2016-08-15 11:45:00,63.05,63.05,63.05,63.05,575196.0
2016-08-15 12:00:00,63.05,63.05,63.05,63.05,631034.0
2016-08-15 12:15:00,63.06,63.07,63.06,63.06,553195.0
2016-08-15 12:30:00,63.04,63.04,63.04,63.04,610205.0
2016-08-15 12:45:00,63.05,63.05,63.05,63.05,417324.0
2016-08-15 13:00:00,63.04,63.04,63.04,63.04,534494.0
2016-08-15 13:15:00,63.0,63.01,63.0,63.01,395683.0
2016-08-15 13:30:00,63.02,63.03,63.02,63.02,410200.0
2016-08-15 13:45:00,63.04,63.04,63.03,63.03,578137.0
2016-08-15 14:00:00,63.01,63.03,63.01,63.02,419037.0
2016-08-15 14:15:00,63.01,63.01,63.0,63.01,655653.0
2016-08-15 14:30:00,62.99,63.0,62.99,62.99,528202.0
2016-08-15 15:00:00,63.0,63.0,62.99,63.0,716504.0
2016-08-15 15:15:00,62.99,62.99,62.98,62.99,700266.0
2016-08-15 15:30:00,62.98,62.98,62.97,62.98,603550.0
2016-08-15 15:45:00,62.98,62.99,62.98,62.99,523714.0
2016-08-16 09:30:00,62.89,62.89,62.89,62.89,343932.0
2016-08-16 09:45:00,62.88,62.88,62.88,62.88,255804.0
2016-08-16 10:00:00,62.86,62.86,62.86,62.86,332999.0
2016-08-16 10:15:00,62.85,62.85,62.85,62.85,302336.0
2016-08-16 10:30:00,62.85,62.85,62.85,62.85,230792.0
2016-08-16 10:45:00,62.84,62.84,62.84,62.84,261467.0
2016-08-16 11:00:00,62.82,62.82,62.82,62.82,269320.0
2016-08-16 11:15:00,62.81,62.81,62.81,62.81,271847.0
2016-08-16 11:30:00,62.79,62.79,62.79,62.79,280970.0
2016-08-16 11:45:00,62.79,62.79,62.79,62.79,317606.0
2016-08-16 12:00:00,62.76,62.76,62.76,62.76,289514.0
2016-08-16 12:15:00,62.76,62.76,62.76,62.76,323341.0
2016-08-16 12:30:00,62.75,62.75,62.75,62.75,322567.0
2016-08-16 12:45:00,62.74,62.74,62.74,62.74,334650.0
2016-08-16 13:00:00,62.73,62.73,62.73,62.73,267222.0
2016-08-16 13:15:00,62.71,62.72,62.71,62.72,329136.0
2016-08-16 13:30:00,62.7,62.7,62.7,62.7,212579.0
2016-08-16 13:45:00,62.69,62.7,62.69,62.69,253288.0
2016-08-16 14:00:00,62.69,62.69,62.69,62.69,353361.0
2016-08-16 14:15:00,62.67,62.67,62.67,62.67,342063.0
2016-08-16 14:30:00,62.65,62.65,62.65,62.65,225887.0
2016-08-16 14:45:00,62.64,62.64,62.64,62.64,261858.0
2016-08-16 15:00:00,62.65,62.65,62.65,62.65,247147.0
2016-08-16 15:15:00,62.62,62.62,62.62,62.62,287307.0
2016-08-16 15:30:00,62.61,62.61,62.61,62.61,344454.0
2016-08-16 15:45:00,62.6,62.6,62.6,62.6,359167.0
2016-08-17 09:30:00,62.57,62.58,62.57,62.58,666814.0
2016-08-17 09:45:00,62.53,62.53,62.53,62.53,575495.0
2016-08-17 10:00:00,62.48,62.48,62.48,62.48,557608.0
2016-08-17 10:15:00,62.42,62.42,62.42,62.42,703834.0
2016-08-17 10:30:00,62.36,62.36,62.35,62.36,698754.0
2016-08-17 10:45:00,62.3,62.31,62.3,62.3,455072.0
2016-08-17 11:00:00,62.26,62.27,62.26,62.26,655526.0
2016-08-17 11:15:00,62.19,62.19,62.19,62.19,521914.0
2016-08-17 11:30:00,62.14,62.14,62.14,62.14,596876.0
2016-08-17 12:00:00,62.09,62.1,62.09,62.09,481071.0
2016-08-17 12:15:00,61.96,61.97,61.96,61.96,443529.0
2016-08-17 12:30:00,61.9,61.91,61.9,61.9,673238.0
2016-08-17 12:45:00,61.84,61.84,61.84,61.84,680539.0
2016-08-17 13:00:00,61.77,61.77,61.76,61.77,516537.0
2016-08-17 13:15:00,61.74,61.74,61.73,61.74,506538.0
2016-08-17 13:30:00,61.65,61.65,61.65,61.65,462802.0
2016-08-17 13:45:00,61.6,61.61,61.6,61.6,717718.0
2016-08-17 14:00:00,61.56,61.56,61.56,61.56,432640.0
2016-08-17 14:15:00,61.5,61.5,61.49,61.5,654222.0
2016-08-17 14:45:00,61.34,61.34,61.33,61.34,732026.0
2016-08-17 15:00:00,61.32,61.32,61.32,61.32,658150.0
2016-08-17 15:15:00,61.26,61.27,61.26,61.26,621668.0
2016-08-17 15:30:00,61.21,61.21,61.21,61.21,632343.0
2016-08-18 09:45:00,61.11,61.12,61.11,61.12,224215.0
2016-08-18 10:00:00,61.14,61.15,61.14,61.14,235925.0
2016-08-18 10:15:00,61.16,61.16,61.16,61.16,375960.0
2016-08-18 10:30:00,61.2,61.2,61.2,61.2,363430.0
2016-08-18 10:45:00,61.27,61.27,61.26,61.27,284888.0
2016-08-18 11:15:00,61.34,61.35,61.34,61.34,230158.0
2016-08-18 11:30:00,61.4,61.4,61.4,61.4,357788.0
2016-08-18 11:45:00,61.44,61.44,61.44,61.44,291973.0
2016-08-18 12:00:00,61.48,61.48,61.48,61.48,373848.0
2016-08-18 12:15:00,61.52,61.53,61.52,61.52,378211.0
2016-08-18 12:30:00,61.59,61.6,61.59,61.6,376840.0
2016-08-18 12:45:00,61.62,61.63,61.62,61.62,230427.0
2016-08-18 13:00:00,61.62,61.62,61.62,61.62,347822.0
2016-08-18 13:15:00,61.69,61.69,61.69,61.69,326747.0
2016-08-18 13:30:00,61.73,61.73,61.73,61.73,369798.0
2016-08-18 13:45:00,61.76,61.77,61.76,61.76,350782.0
2016-08-18 14:00:00,61.81,61.81,61.81,61.81,267657.0
2016-08-18 14:15:00,61.86,61.86,61.86,61.86,227992.0
2016-08-18 14:30:00,61.89,61.89,61.89,61.89,289587.0
2016-08-18 14:45:00,61.93,61.93,61.93,61.93,292647.0
2016-08-18 15:00:00,61.98,61.98,61.98,61.98,396256.0
2016-08-18 15:15:00,62.02,62.02,62.02,62.02,392418.0
2016-08-18 15:30:00,62.04,62.04,62.04,62.04,360985.0
2016-08-18 15:45:00,62.09,62.1,62.09,62.1,368887.0
2016-08-19 09:30:00,62.07,62.07,62.07,62.07,315966.0
2016-08-19 09:45:00,62.08,62.09,62.08,62.08,210879.0
2016-08-19 10:00:00,62.08,62.08,62.08,62.08,267669.0
2016-08-19 10:15:00,62.11,62.11,62.1,62.11,237531.0
2016-08-19 10:30:00,62.1,62.1,62.1,62.1,227941.0
2016-08-19 10:45:00,62.1,62.1,62.1,62.1,321126.0
2016-08-19 11:15:00,62.12,62.12,62.12,62.12,338906.0
2016-08-19 11:30:00,62.12,62.12,62.12,62.12,329452.0
2016-08-19 11:45:00,62.13,62.13,62.13,62.13,275953.0
2016-08-19 12:00:00,62.17,62.17,62.17,62.17,277048.0
2016-08-19 12:15:00,62.16,62.16,62.16,62.16,295543.0
2016-08-19 12:30:00,62.15,62.15,62.15,62.15,236657.0
2016-08-19 12:45:00,62.19,62.19,62.19,62.19,352439.0
2016-08-19 13:00:00,62.17,62.18,62.17,62.17,253380.0
2016-08-19 13:15:00,62.18,62.18,62.18,62.18,283410.0
2016-08-19 13:30:00,62.19,62.2,62.19,62.19,285029.0
2016-08-19 13:45:00,62.2,62.2,62.2,62.2,303383.0
2016-08-19 14:00:00,62.21,62.21,62.21,62.21,224558.0
2016-08-19 14:15:00,62.21,62.22,62.21,62.22,272146.0
2016-08-19 14:30:00,62.22,62.22,62.22,62.22,294255.0
2016-08-19 14:45:00,62.26,62.26,62.26,62.26,325074.0
2016-08-19 15:00:00,62.25,62.26,62.25,62.25,239725.0
2016-08-19 15:15:00,62.24,62.24,62.24,62.24,337422.0
2016-08-19 15:30:00,62.25,62.26,62.25,62.26,340657.0
2016-08-19 15:45:00,62.26,62.26,62.26,62.26,284575.0
2016-08-22 09:30:00,62.45,62.45,62.45,62.45,193639.0
2016-08-22 09:45:00,62.46,62.47,62.46,62.47,191725.0
2016-08-22 10:00:00,62.46,62.46,62.46,62.46,216377.0
2016-08-22 10:15:00,62.46,62.46,62.46,62.46,228467.0
2016-08-22 10:30:00,62.46,62.46,62.46,62.46,269816.0
2016-08-22 10:45:00,62.47,62.47,62.47,62.47,262805.0
2016-08-22 11:00:00,62.47,62.47,62.47,62.47,238332.0
2016-08-22 11:15:00,62.45,62.46,62.45,62.46,196766.0
2016-08-22 11:30:00,62.48,62.48,62.48,62.48,203748.0
2016-08-22 11:45:00,62.47,62.47,62.47,62.47,199573.0
2016-08-22 12:00:00,62.48,62.48,62.48,62.48,212283.0
2016-08-22 12:15:00,62.48,62.48,62.48,62.48,257142.0
2016-08-22 12:30:00,62.47,62.48,62.47,62.47,181365.0
2016-08-22 12:45:00,62.49,62.49,62.49,62.49,229631.0
2016-08-22 13:00:00,62.5,62.5,62.5,62.5,285317.0
2016-08-22 13:15:00,62.48,62.49,62.48,62.48,174264.0
2016-08-22 13:30:00,62.5,62.51,62.5,62.51,287340.0
2016-08-22 13:45:00,62.49,62.49,62.49,62.49,211870.0
2016-08-22 14:00:00,62.5,62.51,62.5,62.5,256294.0
2016-08-22 14:15:00,62.5,62.5,62.5,62.5,227405.0
2016-08-22 14:30:00,62.51,62.51,62.51,62.51,206588.0
2016-08-22 14:45:00,62.5,62.5,62.5,62.5,291000.0
2016-08-22 15:00:00,62.52,62.52,62.52,62.52,194946.0
2016-08-22 15:15:00,62.51,62.52,62.51,62.51,228748.0
2016-08-22 15:30:00,62.53,62.53,62.53,62.53,283684.0
2016-08-22 15:45:00,62.52,62.52,62.52,62.52,231584.0
2016-08-23 09:30:00,63.04,63.04,63.04,63.04,293455.0
2016-08-23 09:45:00,63.03,63.04,63.03,63.03,340817.0
2016-08-23 10:00:00,63.03,63.03,63.03,63.03,243827.0
2016-08-23 10:15:00,63.03,63.03,63.03,63.03,253423.0
2016-08-23 10:30:00,63.01,63.01,63.01,63.01,343732.0
2016-08-23 10:45:00,63.01,63.01,63.01,63.01,305977.0
2016-08-23 11:00:00,63.01,63.01,63.01,63.01,362796.0
2016-08-23 11:15:00,63.01,63.01,63.01,63.01,329776.0
2016-08-23 11:30:00,63.0,63.0,63.0,63.0,391897.0
2016-08-23 11:45:00,63.0,63.0,63.0,63.0,375541.0
2016-08-23 12:00:00,62.99,62.99,62.99,62.99,415294.0
2016-08-23 12:15:00,62.98,62.98,62.98,62.98,295137.0
2016-08-23 12:30:00,62.97,62.97,62.97,62.97,331335.0
2016-08-23 12:45:00,62.98,62.98,62.98,62.98,300121.0
2016-08-23 13:00:00,62.96,62.96,62.96,62.96,278671.0
2016-08-23 13:15:00,62.96,62.97,62.96,62.96,245158.0
2016-08-23 13:30:00,62.94,62.95,62.94,62.94,288734.0
2016-08-23 13:45:00,62.96,62.96,62.96,62.96,390457.0
2016-08-23 14:00:00,62.94,62.95,62.94,62.94,350881.0
2016-08-23 14:15:00,62.94,62.94,62.94,62.94,294042.0
2016-08-23 14:30:00,62.95,62.95,62.95,62.95,354691.0
2016-08-23 14:45:00,62.92,62.93,62.92,62.92,367441.0
2016-08-23 15:00:00,62.91,62.92,62.91,62.92,379493.0
2016-08-23 15:15:00,62.92,62.92,62.92,62.92,290917.0
2016-08-23 15:30:00,62.92,62.92,62.92,62.92,412268.0
2016-08-23 15:45:00,62.91,62.91,62.91,62.91,236095.0
2016-08-24 09:45:00,63.09,63.1,63.09,63.09,292271.0
2016-08-24 10:00:00,63.01,63.02,63.01,63.02,338250.0
2016-08-24 10:15:00,63.0,63.01,63.0,63.0,322775.0
2016-08-24 10:30:00,62.93,62.94,62.93,62.93,282378.0
2016-08-24 10:45:00,62.87,62.88,62.86,62.87,338126.0
2016-08-24 11:00:00,62.86,62.86,62.86,62.86,230257.0
2016-08-24 11:15:00,62.79,62.8,62.79,62.8,274806.0
2016-08-24 11:30:00,62.75,62.75,62.75,62.75,247299.0
2016-08-24 11:45:00,62.76,62.77,62.76,62.77,269695.0
2016-08-24 12:00:00,62.69,62.7,62.69,62.69,261329.0
2016-08-24 12:30:00,62.61,62.62,62.61,62.61,241718.0
2016-08-24 12:45:00,62.5,62.51,62.5,62.5,245207.0
2016-08-24 13:00:00,62.46,62.46,62.46,62.46,219984.0
2016-08-24 13:15:00,62.4,62.41,62.4,62.41,275502.0
2016-08-24 13:30:00,62.37,62.38,62.37,62.37,313676.0
2016-08-24 13:45:00,62.33,62.34,62.33,62.34,207279.0
2016-08-24 14:00:00,62.27,62.27,62.26,62.27,253396.0
2016-08-24 14:15:00,62.22,62.22,62.22,62.22,341466.0
2016-08-24 14:30:00,62.18,62.19,62.18,62.18,260128.0
2016-08-24 14:45:00,62.14,62.15,62.14,62.15,263158.0
2016-08-24 15:15:00,62.03,62.03,62.03,62.03,343900.0
2016-08-24 15:30:00,61.98,61.99,61.98,61.99,230551.0
2016-08-24 15:45:00,61.94,61.94,61.94,61.94,342245.0
2016-08-25 09:30:00,61.96,61.97,61.96,61.97,377280.0
2016-08-25 09:45:00,61.95,61.95,61.95,61.95,316850.0
2016-08-25 10:00:00,61.93,61.94,61.93,61.93,466643.0
2016-08-25 10:15:00,61.9,61.9,61.9,61.9,280626.0
2016-08-25 10:30:00,61.89,61.9,61.89,61.89,465193.0
2016-08-25 10:45:00,61.88,61.89,61.88,61.88,423000.0
2016-08-25 11:00:00,61.85,61.85,61.85,61.85,407802.0
2016-08-25 11:15:00,61.83,61.84,61.83,61.83,361942.0
2016-08-25 11:30:00,61.82,61.83,61.82,61.82,388992.0
2016-08-25 11:45:00,61.79,61.79,61.79,61.79,422271.0
2016-08-25 12:00:00,61.78,61.78,61.78,61.78,460161.0
2016-08-25 12:15:00,61.79,61.79,61.79,61.79,323504.0
2016-08-25 12:30:00,61.76,61.76,61.76,61.76,500275.0
2016-08-25 12:45:00,61.74,61.74,61.74,61.74,330155.0
2016-08-25 13:00:00,61.7,61.71,61.7,61.7,414830.0
2016-08-25 13:15:00,61.68,61.69,61.68,61.69,423723.0
2016-08-25 13:30:00,61.69,61.69,61.69,61.69,394589.0
2016-08-25 13:45:00,61.68,61.69,61.68,61.69,348296.0
2016-08-25 14:00:00,61.63,61.63,61.62,61.63,442101.0
2016-08-25 14:15:00,61.64,61.64,61.64,61.64,409745.0
2016-08-25 14:30:00,61.62,61.62,61.62,61.62,431357.0
2016-08-25 15:00:00,61.57,61.58,61.57,61.57,420489.0
2016-08-25 15:15:00,61.59,61.6,61.59,61.59,317854.0
2016-08-25 15:30:00,61.57,61.58,61.57,61.58,384700.0
2016-08-25 15:45:00,61.52,61.53,61.52,61.53,451388.0
2016-08-26 09:30:00,61.72,61.72,61.72,61.72,254991.0
2016-08-26 09:45:00,61.73,61.73,61.73,61.73,202895.0
2016-08-26 10:00:00,61.71,61.72,61.71,61.72,367855.0
2016-08-26 10:15:00,61.73,61.73,61.73,61.73,231411.0
2016-08-26 10:30:00,61.75,61.75,61.75,61.75,279128.0
2016-08-26 10:45:00,61.76,61.76,61.75,61.76,355977.0
2016-08-26 11:00:00,61.74,61.75,61.74,61.74,340816.0
2016-08-26 11:15:00,61.82,61.82,61.82,61.82,359789.0
2016-08-26 11:30:00,61.8,61.8,61.8,61.8,361614.0
2016-08-26 11:45:00,61.79,61.79,61.79,61.79,332006.0
2016-08-26 12:00:00,61.82,61.82,61.82,61.82,321733.0
2016-08-26 12:15:00,61.82,61.83,61.82,61.83,216662.0
2016-08-26 12:30:00,61.85,61.85,61.85,61.85,302809.0
2016-08-26 12:45:00,61.87,61.87,61.87,61.87,330292.0
2016-08-26 13:00:00,61.89,61.89,61.89,61.89,273992.0
2016-08-26 13:15:00,61.93,61.94,61.93,61.94,327763.0
2016-08-26 13:30:00,61.93,61.94,61.93,61.93,277518.0
2016-08-26 13:45:00,61.92,61.92,61.92,61.92,204487.0
2016-08-26 14:00:00,61.95,61.96,61.95,61.96,222614.0
2016-08-26 14:15:00,61.96,61.96,61.96,61.96,354430.0
2016-08-26 14:30:00,61.97,61.98,61.97,61.97,287034.0
2016-08-26 14:45:00,61.96,61.96,61.96,61.96,217015.0
2016-08-26 15:00:00,62.0,62.0,62.0,62.0,330559.0
2016-08-26 15:15:00,62.02,62.02,62.02,62.02,372578.0
2016-08-26 15:30:00,62.0,62.01,62.0,62.01,294033.0
2016-08-29 09:30:00,62.28,62.28,62.28,62.28,275659.0
2016-08-29 09:45:00,62.27,62.27,62.27,62.27,281991.0
2016-08-29 10:00:00,62.25,62.25,62.25,62.25,287101.0
2016-08-29 10:15:00,62.25,62.25,62.25,62.25,259824.0
2016-08-29 10:30:00,62.23,62.23,62.23,62.23,241002.0
2016-08-29 10:45:00,62.23,62.23,62.23,62.23,299272.0
2016-08-29 11:00:00,62.2,62.21,62.2,62.2,244594.0
2016-08-29 11:15:00,62.2,62.2,62.2,62.2,228464.0
2016-08-29 11:30:00,62.2,62.2,62.2,62.2,236503.0
2016-08-29 11:45:00,62.16,62.16,62.16,62.16,275543.0
2016-08-29 12:00:00,62.18,62.19,62.18,62.19,205299.0
2016-08-29 12:15:00,62.16,62.16,62.16,62.16,339300.0
2016-08-29 12:30:00,62.15,62.15,62.15,62.15,301208.0
2016-08-29 12:45:00,62.13,62.13,62.13,62.13,253658.0
2016-08-29 13:00:00,62.12,62.12,62.12,62.12,283130.0
2016-08-29 13:15:00,62.11,62.11,62.11,62.11,197790.0
2016-08-29 13:30:00,62.12,62.12,62.12,62.12,264316.0
2016-08-29 13:45:00,62.09,62.09,62.09,62.09,230461.0
2016-08-29 14:00:00,62.08,62.08,62.08,62.08,301887.0
2016-08-29 14:15:00,62.06,62.06,62.06,62.06,297582.0
2016-08-29 14:30:00,62.04,62.05,62.04,62.05,326398.0
2016-08-29 14:45:00,62.03,62.03,62.03,62.03,238949.0
2016-08-29 15:00:00,62.02,62.02,62.02,62.02,340353.0
2016-08-29 15:15:00,62.01,62.01,62.01,62.01,293192.0
2016-08-29 15:30:00,62.01,62.01,62.01,62.01,260054.0
2016-08-29 15:45:00,61.98,61.98,61.98,61.98,290837.0
2016-08-30 09:30:00,61.92,61.92,61.91,61.92,251959.0
2016-08-30 09:45:00,61.89,61.89,61.88,61.89,253636.0
2016-08-30 10:00:00,61.88,61.89,61.88,61.88,308540.0
2016-08-30 10:15:00,61.88,61.88,61.88,61.88,222491.0
2016-08-30 10:30:00,61.87,61.87,61.87,61.87,310520.0
2016-08-30 10:45:00,61.86,61.86,61.86,61.86,301197.0
2016-08-30 11:00:00,61.86,61.86,61.86,61.86,332879.0
2016-08-30 11:15:00,61.84,61.84,61.83,61.84,330889.0
2016-08-30 11:30:00,61.82,61.82,61.82,61.82,310141.0
2016-08-30 11:45:00,61.81,61.81,61.81,61.81,236316.0
2016-08-30 12:00:00,61.8,61.8,61.8,61.8,300342.0
2016-08-30 12:15:00,61.78,61.78,61.78,61.78,313843.0
2016-08-30 12:30:00,61.77,61.78,61.77,61.78,243640.0
2016-08-30 12:45:00,61.75,61.76,61.75,61.76,343645.0
2016-08-30 13:00:00,61.74,61.74,61.74,61.74,218105.0
2016-08-30 13:15:00,61.73,61.73,61.73,61.73,321945.0
2016-08-30 13:30:00,61.73,61.73,61.73,61.73,245587.0
2016-08-30 13:45:00,61.75,61.75,61.75,61.75,285774.0
2016-08-30 14:00:00,61.71,61.71,61.71,61.71,345419.0
2016-08-30 14:15:00,61.7,61.71,61.7,61.7,212022.0
2016-08-30 14:30:00,61.7,61.7,61.69,61.7,315785.0
2016-08-30 14:45:00,61.67,61.67,61.67,61.67,267771.0
2016-08-30 15:00:00,61.65,61.65,61.65,61.65,280720.0
2016-08-30 15:15:00,61.66,61.67,61.66,61.66,248895.0
2016-08-30 15:30:00,61.64,61.65,61.64,61.64,230265.0
2016-08-30 15:45:00,61.65,61.65,61.65,61.65,318137.0
2016-08-31 09:30:00,61.75,61.75,61.75,61.75,397072.0
2016-08-31 09:45:00,61.73,61.73,61.73,61.73,448790.0
2016-08-31 10:00:00,61.72,61.72,61.72,61.72,276160.0
2016-08-31 10:15:00,61.69,61.69,61.69,61.69,266079.0
2016-08-31 10:30:00,61.68,61.69,61.68,61.68,350476.0
2016-08-31 10:45:00,61.66,61.66,61.66,61.66,428035.0
2016-08-31 11:00:00,61.65,61.65,61.65,61.65,466811.0
2016-08-31 11:15:00,61.63,61.63,61.63,61.63,314956.0
2016-08-31 11:30:00,61.62,61.62,61.62,61.62,350466.0
2016-08-31 11:45:00,61.6,61.6,61.6,61.6,309462.0
2016-08-31 12:00:00,61.59,61.6,61.59,61.59,267015.0
2016-08-31 12:15:00,61.57,61.58,61.57,61.57,271749.0
2016-08-31 12:30:00,61.55,61.55,61.55,61.55,374021.0
2016-08-31 12:45:00,61.54,61.54,61.54,61.54,485267.0
2016-08-31 13:00:00,61.52,61.52,61.52,61.52,388231.0
2016-08-31 13:15:00,61.48,61.48,61.48,61.48,378103.0
2016-08-31 13:30:00,61.49,61.49,61.49,61.49,369061.0
2016-08-31 13:45:00,61.47,61.47,61.47,61.47,307681.0
2016-08-31 14:00:00,61.45,61.45,61.45,61.45,407575.0
2016-08-31 14:15:00,61.43,61.43,61.43,61.43,409781.0
2016-08-31 14:30:00,61.42,61.42,61.42,61.42,301579.0
2016-08-31 14:45:00,61.4,61.4,61.4,61.4,265700.0
2016-08-31 15:00:00,61.38,61.38,61.38,61.38,421139.0
2016-08-31 15:15:00,61.38,61.38,61.38,61.38,269176.0
2016-08-31 15:30:00,61.36,61.37,61.36,61.36,378129.0
2016-08-31 15:45:00,61.34,61.34,61.34,61.34,322991.0
2016-09-01 09:30:00,61.48,61.49,61.48,61.49,334446.0
2016-09-01 09:45:00,61.45,61.46,61.45,61.46,434356.0
2016-09-01 10:00:00,61.53,61.53,61.53,61.53,449276.0
2016-09-01 10:15:00,61.56,61.56,61.55,61.56,419871.0
2016-09-01 10:30:00,61.68,61.69,61.68,61.69,355087.0
2016-09-01 10:45:00,61.72,61.73,61.72,61.72,465837.0
2016-09-01 11:00:00,61.83,61.83,61.82,61.83,436460.0
2016-09-01 11:15:00,61.86,61.87,61.86,61.86,458182.0
2016-09-01 11:30:00,61.95,61.95,61.94,61.95,477111.0
2016-09-01 11:45:00,62.04,62.04,62.03,62.04,394037.0
2016-09-01 12:00:00,62.09,62.09,62.08,62.09,485167.0
2016-09-01 12:15:00,62.16,62.17,62.16,62.16,357516.0
2016-09-01 12:30:00,62.24,62.24,62.23,62.24,344195.0
2016-09-01 12:45:00,62.31,62.32,62.31,62.32,405852.0
2016-09-01 13:00:00,62.33,62.33,62.33,62.33,312281.0
2016-09-01 13:15:00,62.47,62.47,62.47,62.47,353948.0
2016-09-01 13:30:00,62.54,62.54,62.53,62.54,360963.0
2016-09-01 13:45:00,62.6,62.61,62.6,62.6,461777.0
2016-09-01 14:00:00,62.69,62.7,62.69,62.69,377623.0
2016-09-01 14:15:00,62.73,62.73,62.73,62.73,340140.0
2016-09-01 14:30:00,62.82,62.82,62.82,62.82,388265.0
2016-09-01 14:45:00,62.87,62.88,62.87,62.88,516676.0
2016-09-01 15:00:00,62.93,62.93,62.93,62.93,431632.0
2016-09-01 15:15:00,63.0,63.0,63.0,63.0,534954.0
2016-09-01 15:30:00,63.07,63.08,63.07,63.07,481177.0
2016-09-01 15:45:00,63.2,63.21,63.2,63.2,426684.0
2016-09-02 09:30:00,63.27,63.27,63.27,63.27,311362.0
2016-09-02 09:45:00,63.25,63.25,63.25,63.25,288691.0
2016-09-02 10:00:00,63.26,63.27,63.26,63.26,347923.0
2016-09-02 10:15:00,63.17,63.17,63.16,63.17,277777.0
2016-09-02 10:30:00,63.15,63.16,63.15,63.16,339836.0
2016-09-02 10:45:00,63.14,63.14,63.14,63.14,392282.0
2016-09-02 11:15:00,63.07,63.07,63.07,63.07,263655.0
2016-09-02 11:30:00,63.04,63.04,63.04,63.04,237567.0
2016-09-02 11:45:00,63.01,63.01,63.01,63.01,247363.0
2016-09-02 12:00:00,62.98,62.98,62.98,62.98,220391.0
2016-09-02 12:15:00,62.94,62.95,62.94,62.94,231654.0
2016-09-02 12:30:00,62.92,62.92,62.92,62.92,377594.0
2016-09-02 12:45:00,62.89,62.89,62.89,62.89,392761.0
2016-09-02 13:15:00,62.82,62.83,62.82,62.82,356495.0
2016-09-02 13:30:00,62.81,62.82,62.81,62.81,344699.0
2016-09-02 13:45:00,62.78,62.78,62.78,62.78,240481.0
2016-09-02 14:00:00,62.74,62.74,62.74,62.74,229998.0
2016-09-02 14:30:00,62.71,62.72,62.71,62.72,345524.0
2016-09-02 14:45:00,62.7,62.7,62.69,62.7,248068.0
2016-09-02 15:00:00,62.61,62.62,62.61,62.61,232486.0
2016-09-02 15:15:00,62.59,62.6,62.59,62.59,358935.0
2016-09-02 15:30:00,62.51,62.51,62.5,62.51,365310.0
2016-09-02 15:45:00,62.53,62.54,62.53,62.54,378998.0
2016-09-06 09:30:00,62.74,62.74,62.74,62.74,207231.0
2016-09-06 09:45:00,62.77,62.77,62.77,62.77,341690.0
2016-09-06 10:00:00,62.78,62.78,62.78,62.78,257943.0
2016-09-06 10:15:00,62.78,62.78,62.78,62.78,254929.0
2016-09-06 10:30:00,62.82,62.82,62.82,62.82,330222.0
2016-09-06 10:45:00,62.83,62.84,62.83,62.83,349045.0
2016-09-06 11:00:00,62.84,62.84,62.84,62.84,218460.0
2016-09-06 11:15:00,62.85,62.85,62.85,62.85,346092.0
2016-09-06 11:30:00,62.87,62.87,62.87,62.87,338377.0
2016-09-06 11:45:00,62.88,62.88,62.88,62.88,372634.0
2016-09-06 12:15:00,62.91,62.91,62.91,62.91,326584.0
2016-09-06 12:30:00,62.93,62.93,62.93,62.93,338137.0
2016-09-06 12:45:00,62.95,62.95,62.95,62.95,311047.0
2016-09-06 13:00:00,62.95,62.96,62.95,62.96,379996.0
2016-09-06 13:15:00,62.97,62.98,62.97,62.98,299372.0
2016-09-06 13:30:00,62.98,62.99,62.98,62.98,282363.0
2016-09-06 13:45:00,63.0,63.0,63.0,63.0,285612.0
2016-09-06 14:00:00,63.01,63.02,63.01,63.01,287251.0
2016-09-06 14:15:00,63.03,63.03,63.03,63.03,293360.0
2016-09-06 14:30:00,63.05,63.05,63.05,63.05,237009.0
2016-09-06 14:45:00,63.03,63.04,63.03,63.04,349418.0
2016-09-06 15:00:00,63.04,63.05,63.04,63.05,290187.0
2016-09-06 15:15:00,63.09,63.09,63.09,63.09,244638.0
2016-09-06 15:30:00,63.12,63.12,63.11,63.12,244580.0
2016-09-06 15:45:00,63.12,63.12,63.12,63.12,207305.0
2016-09-07 09:30:00,62.92,62.92,62.92,62.92,493249.0
2016-09-07 09:45:00,62.89,62.89,62.89,62.89,398514.0
2016-09-07 10:00:00,62.83,62.84,62.83,62.83,368879.0
2016-09-07 10:15:00,62.84,62.85,62.84,62.84,275268.0
2016-09-07 10:30:00,62.82,62.83,62.82,62.82,482787.0
2016-09-07 10:45:00,62.78,62.79,62.78,62.78,472218.0
2016-09-07 11:00:00,62.76,62.76,62.75,62.76,337666.0
2016-09-07 11:15:00,62.67,62.67,62.67,62.67,314904.0
2016-09-07 11:30:00,62.65,62.66,62.64,62.65,319445.0
2016-09-07 11:45:00,62.66,62.66,62.66,62.66,345734.0
2016-09-07 12:00:00,62.64,62.65,62.64,62.65,466114.0
2016-09-07 12:15:00,62.62,62.63,62.62,62.62,447893.0
2016-09-07 12:30:00,62.57,62.57,62.57,62.57,369639.0
2016-09-07 12:45:00,62.54,62.54,62.54,62.54,428524.0
2016-09-07 13:00:00,62.5,62.5,62.5,62.5,301181.0
2016-09-07 13:15:00,62.49,62.5,62.49,62.49,359732.0
2016-09-07 13:30:00,62.46,62.47,62.46,62.46,420982.0
2016-09-07 13:45:00,62.43,62.44,62.43,62.43,473415.0
2016-09-07 14:00:00,62.39,62.4,62.39,62.4,482192.0
2016-09-07 14:15:00,62.34,62.35,62.34,62.34,355107.0
2016-09-07 14:30:00,62.34,62.34,62.34,62.34,298283.0
2016-09-07 14:45:00,62.32,62.33,62.32,62.32,345050.0
2016-09-07 15:00:00,62.28,62.28,62.28,62.28,368207.0
2016-09-07 15:15:00,62.25,62.26,62.25,62.26,472169.0
2016-09-07 15:30:00,62.21,62.21,62.21,62.21,306272.0
2016-09-07 15:45:00,62.22,62.22,62.21,62.22,410044.0
2016-09-08 09:30:00,62.12,62.12,62.12,62.12,242545.0
2016-09-08 09:45:00,62.13,62.14,62.13,62.13,367076.0
2016-09-08 10:00:00,62.16,62.16,62.16,62.16,238984.0
2016-09-08 10:15:00,62.19,62.19,62.19,62.19,312080.0
2016-09-08 10:30:00,62.16,62.17,62.15,62.16,288041.0
2016-09-08 10:45:00,62.23,62.24,62.23,62.23,320570.0
2016-09-08 11:15:00,62.24,62.25,62.24,62.24,263357.0
2016-09-08 11:30:00,62.29,62.29,62.29,62.29,268990.0
2016-09-08 11:45:00,62.36,62.37,62.36,62.37,248042.0
2016-09-08 12:00:00,62.36,62.36,62.35,62.36,389468.0
2016-09-08 12:15:00,62.35,62.35,62.35,62.35,286017.0
2016-09-08 12:30:00,62.38,62.38,62.38,62.38,221369.0
2016-09-08 12:45:00,62.4,62.4,62.4,62.4,367440.0
2016-09-08 13:00:00,62.43,62.43,62.43,62.43,320451.0
2016-09-08 13:15:00,62.44,62.44,62.44,62.44,347297.0
2016-09-08 13:30:00,62.44,62.45,62.44,62.44,236073.0
2016-09-08 13:45:00,62.47,62.47,62.47,62.47,227150.0
2016-09-08 14:00:00,62.5,62.5,62.5,62.5,379978.0
2016-09-08 14:15:00,62.52,62.53,62.52,62.52,232144.0
2016-09-08 14:30:00,62.54,62.55,62.54,62.54,295811.0
2016-09-08 14:45:00,62.57,62.57,62.57,62.57,277093.0
2016-09-08 15:00:00,62.55,62.55,62.55,62.55,311216.0
2016-09-08 15:15:00,62.59,62.59,62.59,62.59,245861.0
2016-09-08 15:30:00,62.63,62.63,62.63,62.63,347523.0
2016-09-08 15:45:00,62.65,62.65,62.64,62.65,361198.0
2016-09-09 09:30:00,61.92,61.93,61.92,61.92,833156.0
2016-09-09 09:45:00,61.84,61.85,61.84,61.84,533151.0
2016-09-09 10:00:00,61.77,61.78,61.77,61.77,744405.0
2016-09-09 10:15:00,61.66,61.66,61.66,61.66,772605.0
2016-09-09 10:30:00,61.57,61.57,61.57,61.57,828111.0
2016-09-09 10:45:00,61.5,61.5,61.49,61.5,602380.0
2016-09-09 11:00:00,61.43,61.44,61.42,61.43,668668.0
2016-09-09 11:30:00,61.15,61.16,61.15,61.15,708172.0
2016-09-09 11:45:00,61.07,61.07,61.07,61.07,698140.0
2016-09-09 12:00:00,61.03,61.05,61.03,61.04,869445.0
2016-09-09 12:30:00,60.78,60.79,60.78,60.78,863251.0
2016-09-09 12:45:00,60.69,60.7,60.68,60.69,851053.0
2016-09-09 13:00:00,60.62,60.62,60.61,60.61,614808.0
2016-09-09 13:15:00,60.49,60.49,60.49,60.49,840538.0
2016-09-09 13:30:00,60.37,60.38,60.37,60.37,678082.0
2016-09-09 13:45:00,60.24,60.25,60.22,60.25,503681.0
2016-09-09 14:00:00,60.18,60.19,60.17,60.19,718928.0
2016-09-09 14:15:00,60.14,60.15,60.13,60.14,524163.0
2016-09-09 14:30:00,60.02,60.02,60.01,60.02,489530.0
2016-09-09 14:45:00,59.9,59.9,59.89,59.9,835799.0
2016-09-09 15:00:00,59.85,59.86,59.85,59.86,486088.0
2016-09-09 15:15:00,59.71,59.71,59.71,59.71,768081.0
2016-09-09 15:30:00,59.55,59.57,59.55,59.56,803782.0
2016-09-09 15:45:00,59.51,59.52,59.51,59.51,559038.0
2016-09-12 09:30:00,58.76,58.77,58.75,58.77,595222.0
2016-09-12 09:45:00,58.82,58.83,58.82,58.83,642644.0
2016-09-12 10:00:00,58.82,58.83,58.82,58.82,566626.0
2016-09-12 10:15:00,58.87,58.88,58.86,58.88,742779.0
2016-09-12 10:30:00,59.01,59.02,59.01,59.02,551803.0
2016-09-12 10:45:00,59.14,59.14,59.14,59.14,685639.0
2016-09-12 11:15:00,59.3,59.3,59.29,59.3,453007.0
2016-09-12 11:30:00,59.33,59.33,59.31,59.33,540367.0
2016-09-12 11:45:00,59.47,59.47,59.47,59.47,404449.0
2016-09-12 12:00:00,59.56,59.59,59.56,59.57,655448.0
2016-09-12 12:15:00,59.62,59.62,59.62,59.62,631343.0
2016-09-12 12:30:00,59.72,59.72,59.71,59.72,530562.0
2016-09-12 12:45:00,59.76,59.77,59.76,59.77,491383.0
2016-09-12 13:00:00,59.82,59.83,59.82,59.82,457290.0
2016-09-12 13:30:00,60.08,60.09,60.08,60.09,443832.0
2016-09-12 13:45:00,60.11,60.13,60.11,60.12,412241.0
2016-09-12 14:00:00,60.25,60.26,60.25,60.25,651266.0
2016-09-12 14:15:00,60.28,60.29,60.28,60.28,713321.0
2016-09-12 14:30:00,60.37,60.39,60.36,60.37,695234.0
2016-09-12 14:45:00,60.43,60.43,60.43,60.43,512173.0
2016-09-12 15:00:00,60.51,60.51,60.51,60.51,729186.0
2016-09-12 15:15:00,60.62,60.62,60.62,60.62,659387.0
2016-09-12 15:30:00,60.67,60.69,60.67,60.67,523105.0
2016-09-12 15:45:00,60.79,60.79,60.78,60.79,497731.0
2016-09-13 09:30:00,60.61,60.61,60.61,60.61,351668.0
2016-09-13 09:45:00,60.53,60.54,60.53,60.54,381769.0
2016-09-13 10:00:00,60.53,60.53,60.53,60.53,418947.0
2016-09-13 10:15:00,60.52,60.53,60.52,60.52,361538.0
2016-09-13 10:30:00,60.46,60.47,60.46,60.47,477400.0
2016-09-13 10:45:00,60.45,60.45,60.45,60.45,440950.0
2016-09-13 11:00:00,60.43,60.44,60.43,60.43,442179.0
2016-09-13 11:15:00,60.4,60.4,60.4,60.4,417995.0
2016-09-13 11:30:00,60.34,60.35,60.34,60.35,421756.0
2016-09-13 11:45:00,60.28,60.29,60.27,60.28,395697.0
2016-09-13 12:00:00,60.3,60.31,60.3,60.31,516422.0
2016-09-13 12:15:00,60.28,60.28,60.28,60.28,361181.0
2016-09-13 12:30:00,60.26,60.27,60.25,60.26,519837.0
2016-09-13 12:45:00,60.21,60.22,60.21,60.21,499754.0
2016-09-13 13:00:00,60.2,60.21,60.2,60.2,445650.0
2016-09-13 13:15:00,60.15,60.16,60.15,60.15,318636.0
2016-09-13 13:30:00,60.12,60.13,60.12,60.12,365710.0
2016-09-13 13:45:00,60.1,60.1,60.1,60.1,327951.0
2016-09-13 14:00:00,60.07,60.08,60.06,60.07,397117.0
2016-09-13 14:15:00,60.02,60.04,60.02,60.03,530224.0
2016-09-13 14:30:00,60.01,60.01,60.01,60.01,356213.0
2016-09-13 14:45:00,60.03,60.04,60.03,60.04,356425.0
2016-09-13 15:00:00,59.95,59.95,59.95,59.95,555881.0
2016-09-13 15:15:00,59.94,59.95,59.94,59.94,332706.0
2016-09-13 15:30:00,59.92,59.93,59.92,59.93,544828.0
2016-09-13 15:45:00,59.89,59.9,59.89,59.89,466032.0
2016-09-14 09:30:00,60.0,60.0,60.0,60.0,371687.0
2016-09-14 09:45:00,60.01,60.01,60.01,60.01,239839.0
2016-09-14 10:00:00,60.04,60.04,60.04,60.04,272509.0
2016-09-14 10:15:00,60.06,60.06,60.06,60.06,255620.0
2016-09-14 10:30:00,60.06,60.06,60.06,60.06,290699.0
2016-09-14 10:45:00,60.09,60.09,60.09,60.09,277461.0
2016-09-14 11:00:00,60.09,60.1,60.09,60.09,346553.0
2016-09-14 11:15:00,60.11,60.12,60.11,60.11,289408.0
2016-09-14 11:30:00,60.12,60.13,60.12,60.13,349165.0
2016-09-14 11:45:00,60.14,60.14,60.14,60.14,289003.0
2016-09-14 12:00:00,60.16,60.16,60.16,60.16,216283.0
2016-09-14 12:15:00,60.19,60.2,60.19,60.19,227811.0
2016-09-14 12:30:00,60.2,60.21,60.2,60.2,364603.0
2016-09-14 12:45:00,60.21,60.21,60.21,60.21,322847.0
2016-09-14 13:00:00,60.23,60.24,60.23,60.23,391862.0
2016-09-14 13:15:00,60.21,60.22,60.21,60.21,235840.0
2016-09-14 13:30:00,60.27,60.27,60.26,60.26,243682.0
2016-09-14 13:45:00,60.26,60.26,60.26,60.26,313318.0
2016-09-14 14:00:00,60.29,60.3,60.29,60.29,351551.0
2016-09-14 14:15:00,60.31,60.31,60.31,60.31,300731.0
2016-09-14 14:30:00,60.33,60.33,60.33,60.33,231687.0
2016-09-14 14:45:00,60.33,60.33,60.33,60.33,275202.0
2016-09-14 15:00:00,60.36,60.37,60.36,60.37,303109.0
2016-09-14 15:15:00,60.37,60.37,60.37,60.37,364396.0
2016-09-14 15:30:00,60.38,60.38,60.38,60.38,389634.0
2016-09-14 15:45:00,60.4,60.4,60.4,60.4,240004.0
2016-09-15 09:30:00,60.48,60.49,60.48,60.48,552230.0
2016-09-15 09:45:00,60.55,60.56,60.54,60.55,384429.0
2016-09-15 10:00:00,60.63,60.65,60.63,60.64,430358.0
2016-09-15 10:30:00,60.85,60.85,60.84,60.85,451067.0
2016-09-15 10:45:00,60.95,60.96,60.95,60.96,504631.0
2016-09-15 11:00:00,60.91,60.92,60.9,60.92,492252.0
2016-09-15 11:30:00,61.19,61.19,61.19,61.19,560064.0
2016-09-15 11:45:00,61.3,61.3,61.3,61.3,577963.0
2016-09-15 12:00:00,61.41,61.42,61.41,61.42,619656.0
2016-09-15 12:15:00,61.48,61.49,61.47,61.48,483768.0
2016-09-15 12:45:00,61.65,61.65,61.65,61.65,538758.0
2016-09-15 13:00:00,61.73,61.74,61.73,61.73,386042.0
2016-09-15 13:15:00,61.82,61.83,61.82,61.82,507952.0
2016-09-15 13:30:00,61.93,61.94,61.93,61.94,575613.0
2016-09-15 13:45:00,62.0,62.0,61.99,62.0,486740.0
2016-09-15 14:00:00,62.07,62.07,62.07,62.07,454089.0
2016-09-15 14:15:00,62.19,62.2,62.19,62.2,599549.0
2016-09-15 14:30:00,62.22,62.22,62.22,62.22,424719.0
2016-09-15 14:45:00,62.33,62.33,62.33,62.33,463956.0
2016-09-15 15:00:00,62.46,62.47,62.46,62.47,542407.0
2016-09-15 15:15:00,62.51,62.52,62.51,62.51,353717.0
2016-09-15 15:30:00,62.58,62.6,62.58,62.59,376458.0
2016-09-15 15:45:00,62.69,62.69,62.69,62.69,572167.0
2016-09-16 09:30:00,62.92,62.92,62.91,62.92,706323.0
2016-09-16 09:45:00,62.89,62.9,62.89,62.89,607745.0
2016-09-16 10:00:00,62.89,62.89,62.89,62.89,942215.0
2016-09-16 10:15:00,62.9,62.9,62.89,62.9,695938.0
2016-09-16 10:30:00,62.85,62.86,62.85,62.85,898471.0
2016-09-16 10:45:00,62.91,62.91,62.91,62.91,699831.0
2016-09-16 11:00:00,62.89,62.9,62.89,62.9,880271.0
2016-09-16 11:15:00,62.91,62.92,62.91,62.91,832716.0
2016-09-16 11:30:00,62.89,62.89,62.89,62.89,764486.0
2016-09-16 11:45:00,62.88,62.88,62.87,62.88,1051648.0
2016-09-16 12:00:00,62.88,62.89,62.88,62.88,910071.0
2016-09-16 12:15:00,62.88,62.88,62.88,62.88,670861.0
2016-09-16 12:30:00,62.87,62.87,62.87,62.87,911350.0
2016-09-16 12:45:00,62.86,62.86,62.85,62.86,1094473.0
2016-09-16 13:00:00,62.85,62.85,62.85,62.85,635950.0
2016-09-16 13:15:00,62.88,62.88,62.88,62.88,827656.0
2016-09-16 13:30:00,62.86,62.86,62.86,62.86,1068159.0
2016-09-16 13:45:00,62.87,62.87,62.87,62.87,1084631.0
2016-09-16 14:00:00,62.85,62.86,62.85,62.85,1021543.0
2016-09-16 14:15:00,62.86,62.86,62.86,62.86,696130.0
2016-09-16 14:30:00,62.86,62.86,62.86,62.86,1021163.0
2016-09-16 14:45:00,62.85,62.85,62.85,62.85,1080631.0
2016-09-16 15:15:00,62.84,62.85,62.84,62.85,1084103.0
2016-09-16 15:45:00,62.83,62.83,62.82,62.83,846209.0
2016-09-19 09:30:00,63.51,63.51,63.5,63.51,292616.0
2016-09-19 09:45:00,63.54,63.54,63.53,63.54,289010.0
2016-09-19 10:00:00,63.5,63.51,63.5,63.5,486304.0
2016-09-19 10:15:00,63.51,63.52,63.51,63.52,458627.0
2016-09-19 10:30:00,63.55,63.55,63.55,63.55,392125.0
2016-09-19 10:45:00,63.53,63.53,63.53,63.53,453331.0
2016-09-19 11:00:00,63.53,63.54,63.53,63.53,490468.0
2016-09-19 11:15:00,63.56,63.56,63.56,63.56,467097.0
2016-09-19 11:30:00,63.56,63.56,63.56,63.56,310845.0
2016-09-19 11:45:00,63.56,63.56,63.56,63.56,446275.0
2016-09-19 12:00:00,63.59,63.6,63.58,63.59,491511.0
2016-09-19 12:15:00,63.55,63.56,63.55,63.55,404943.0
2016-09-19 12:30:00,63.54,63.54,63.53,63.54,348576.0
2016-09-19 12:45:00,63.58,63.59,63.58,63.58,427098.0
2016-09-19 13:00:00,63.6,63.61,63.6,63.61,493120.0
2016-09-19 13:15:00,63.59,63.6,63.59,63.59,514106.0
2016-09-19 13:30:00,63.6,63.61,63.6,63.6,340557.0
2016-09-19 13:45:00,63.6,63.6,63.6,63.6,333463.0
2016-09-19 14:00:00,63.59,63.6,63.59,63.6,343416.0
2016-09-19 14:15:00,63.62,63.63,63.62,63.62,312096.0
2016-09-19 14:30:00,63.62,63.63,63.62,63.63,484580.0
2016-09-19 14:45:00,63.65,63.65,63.65,63.65,357196.0
2016-09-19 15:00:00,63.68,63.68,63.68,63.68,331495.0
2016-09-19 15:15:00,63.72,63.72,63.71,63.72,406704.0
2016-09-19 15:30:00,63.67,63.68,63.67,63.68,296161.0
2016-09-19 15:45:00,63.69,63.7,63.69,63.7,362856.0
2016-09-20 09:30:00,64.37,64.38,64.37,64.37,250256.0
2016-09-20 09:45:00,64.35,64.35,64.35,64.35,347706.0
2016-09-20 10:00:00,64.3,64.3,64.3,64.3,315500.0
2016-09-20 10:15:00,64.26,64.26,64.26,64.26,289788.0
2016-09-20 10:30:00,64.19,64.19,64.18,64.19,328097.0
2016-09-20 10:45:00,64.13,64.14,64.13,64.13,331801.0
2016-09-20 11:00:00,64.08,64.08,64.08,64.08,330209.0
2016-09-20 11:15:00,64.02,64.02,64.02,64.02,248560.0
2016-09-20 11:30:00,63.98,63.99,63.98,63.98,233918.0
2016-09-20 11:45:00,63.88,63.89,63.88,63.89,302020.0
2016-09-20 12:00:00,63.88,63.88,63.88,63.88,333563.0
2016-09-20 12:15:00,63.85,63.85,63.85,63.85,251401.0
2016-09-20 12:30:00,63.8,63.81,63.8,63.8,398089.0
2016-09-20 12:45:00,63.73,63.73,63.73,63.73,401574.0
2016-09-20 13:00:00,63.65,63.66,63.65,63.66,407211.0
2016-09-20 13:15:00,63.6,63.61,63.6,63.61,251754.0
2016-09-20 13:30:00,63.48,63.49,63.48,63.49,250521.0
2016-09-20 13:45:00,63.5,63.5,63.5,63.5,318771.0
2016-09-20 14:00:00,63.46,63.46,63.46,63.46,395158.0
2016-09-20 14:15:00,63.37,63.38,63.37,63.38,230268.0
2016-09-20 14:30:00,63.34,63.34,63.34,63.34,399640.0
2016-09-20 14:45:00,63.28,63.29,63.28,63.29,251482.0
2016-09-20 15:00:00,63.25,63.25,63.25,63.25,270289.0
2016-09-20 15:15:00,63.18,63.18,63.17,63.18,264402.0
2016-09-20 15:30:00,63.13,63.14,63.13,63.13,227120.0
2016-09-20 15:45:00,63.07,63.08,63.06,63.06,298085.0
2016-09-21 09:30:00,63.28,63.28,63.28,63.28,375369.0
2016-09-21 09:45:00,63.34,63.34,63.34,63.34,231011.0
2016-09-21 10:00:00,63.36,63.37,63.36,63.36,348790.0
2016-09-21 10:15:00,63.45,63.46,63.45,63.46,292887.0
2016-09-21 10:30:00,63.54,63.54,63.53,63.53,354648.0
2016-09-21 10:45:00,63.58,63.58,63.57,63.58,401234.0
2016-09-21 11:00:00,63.66,63.66,63.66,63.66,277521.0
2016-09-21 11:15:00,63.71,63.72,63.71,63.72,272768.0
2016-09-21 11:30:00,63.78,63.78,63.78,63.78,272486.0
2016-09-21 11:45:00,63.85,63.86,63.85,63.86,232993.0
2016-09-21 12:00:00,63.9,63.9,63.9,63.9,272856.0
2016-09-21 12:15:00,63.97,63.97,63.96,63.97,249530.0
2016-09-21 12:30:00,64.03,64.04,64.02,64.03,358747.0
2016-09-21 12:45:00,64.14,64.14,64.14,64.14,320590.0
2016-09-21 13:00:00,64.14,64.15,64.14,64.15,337930.0
2016-09-21 13:15:00,64.19,64.2,64.19,64.19,270878.0
2016-09-21 13:45:00,64.35,64.35,64.35,64.35,230822.0
2016-09-21 14:00:00,64.38,64.38,64.37,64.38,332252.0
2016-09-21 14:15:00,64.47,64.47,64.46,64.47,408959.0
2016-09-21 14:30:00,64.57,64.58,64.57,64.58,304703.0
2016-09-21 15:00:00,64.7,64.7,64.7,64.7,319464.0
2016-09-21 15:15:00,64.7,64.71,64.7,64.7,361516.0
2016-09-21 15:45:00,64.92,64.93,64.92,64.92,298121.0
2016-09-22 09:30:00,65.23,65.23,65.23,65.23,301123.0
2016-09-22 09:45:00,65.25,65.25,65.25,65.25,383414.0
2016-09-22 10:00:00,65.22,65.22,65.22,65.22,310509.0
2016-09-22 10:15:00,65.21,65.22,65.21,65.21,313533.0
2016-09-22 10:30:00,65.2,65.2,65.2,65.2,309906.0
2016-09-22 10:45:00,65.2,65.21,65.2,65.2,372594.0
2016-09-22 11:00:00,65.18,65.19,65.18,65.18,257668.0
2016-09-22 11:15:00,65.17,65.17,65.17,65.17,366989.0
2016-09-22 11:30:00,65.17,65.17,65.17,65.17,309241.0
2016-09-22 11:45:00,65.15,65.15,65.15,65.15,254772.0
2016-09-22 12:00:00,65.14,65.14,65.14,65.14,350767.0
2016-09-22 12:15:00,65.14,65.14,65.14,65.14,351058.0
2016-09-22 12:30:00,65.13,65.13,65.13,65.13,324425.0
2016-09-22 12:45:00,65.12,65.12,65.12,65.12,290826.0
2016-09-22 13:00:00,65.12,65.12,65.12,65.12,354952.0
2016-09-22 13:15:00,65.11,65.11,65.11,65.11,315895.0
2016-09-22 13:30:00,65.1,65.1,65.1,65.1,236771.0
2016-09-22 14:00:00,65.09,65.1,65.09,65.09,364281.0
2016-09-22 14:15:00,65.07,65.07,65.07,65.07,222553.0
2016-09-22 14:30:00,65.07,65.07,65.07,65.07,309941.0
2016-09-22 14:45:00,65.05,65.05,65.05,65.05,336964.0
2016-09-22 15:00:00,65.03,65.03,65.03,65.03,308194.0
2016-09-22 15:15:00,65.04,65.04,65.04,65.04,309156.0
2016-09-22 15:30:00,65.02,65.02,65.02,65.02,215162.0
2016-09-22 15:45:00,65.03,65.03,65.03,65.03,234749.0
2016-09-23 09:30:00,65.09,65.1,65.09,65.1,300864.0
2016-09-23 09:45:00,65.09,65.1,65.09,65.09,268084.0
2016-09-23 10:00:00,65.07,65.08,65.07,65.08,267819.0
2016-09-23 10:15:00,65.08,65.08,65.08,65.08,202953.0
2016-09-23 10:30:00,65.07,65.07,65.07,65.07,267034.0
2016-09-23 10:45:00,65.07,65.07,65.07,65.07,264610.0
2016-09-23 11:00:00,65.07,65.07,65.07,65.07,256159.0
2016-09-23 11:15:00,65.06,65.06,65.06,65.06,236475.0
2016-09-23 11:30:00,65.06,65.06,65.06,65.06,334273.0
2016-09-23 11:45:00,65.04,65.04,65.04,65.04,279146.0
2016-09-23 12:00:00,65.05,65.05,65.05,65.05,304637.0
2016-09-23 12:15:00,65.03,65.03,65.03,65.03,297312.0
2016-09-23 12:30:00,65.03,65.03,65.02,65.03,281054.0
2016-09-23 12:45:00,65.01,65.01,65.01,65.01,260109.0
2016-09-23 13:00:00,65.02,65.02,65.02,65.02,219376.0
2016-09-23 13:15:00,65.01,65.01,65.01,65.01,320447.0
2016-09-23 13:30:00,65.01,65.01,65.01,65.01,298855.0
2016-09-23 13:45:00,65.01,65.01,65.01,65.01,262833.0
2016-09-23 14:00:00,65.0,65.0,65.0,65.0,340008.0
2016-09-23 14:15:00,64.99,64.99,64.99,64.99,300939.0
2016-09-23 14:30:00,64.98,64.98,64.98,64.98,313043.0
2016-09-23 14:45:00,64.97,64.97,64.97,64.97,189581.0
2016-09-23 15:00:00,64.97,64.97,64.97,64.97,209212.0
2016-09-23 15:15:00,64.96,64.96,64.96,64.96,319742.0
2016-09-23 15:30:00,64.96,64.96,64.96,64.96,300563.0
2016-09-23 15:45:00,64.95,64.95,64.95,64.95,209940.0
2016-09-26 09:30:00,64.23,64.23,64.23,64.23,170582.0
2016-09-26 09:45:00,64.21,64.21,64.21,64.21,284613.0
2016-09-26 10:00:00,64.23,64.23,64.23,64.23,267949.0
2016-09-26 10:15:00,64.23,64.23,64.23,64.23,168608.0
2016-09-26 10:30:00,64.24,64.24,64.24,64.24,186883.0
2016-09-26 10:45:00,64.22,64.22,64.22,64.22,228691.0
2016-09-26 11:00:00,64.23,64.23,64.23,64.23,189665.0
2016-09-26 11:15:00,64.24,64.24,64.24,64.24,216557.0
2016-09-26 11:30:00,64.24,64.24,64.24,64.24,244790.0
2016-09-26 11:45:00,64.26,64.26,64.26,64.26,215090.0
2016-09-26 12:00:00,64.26,64.27,64.26,64.26,178310.0
2016-09-26 12:15:00,64.27,64.27,64.27,64.27,157436.0
2016-09-26 12:30:00,64.29,64.29,64.29,64.29,277046.0
2016-09-26 12:45:00,64.28,64.28,64.28,64.28,264032.0
2016-09-26 13:00:00,64.28,64.29,64.28,64.29,184879.0
2016-09-26 13:15:00,64.27,64.27,64.27,64.27,178719.0
2016-09-26 13:30:00,64.29,64.29,64.29,64.29,199164.0
2016-09-26 13:45:00,64.29,64.3,64.29,64.29,218450.0
2016-09-26 14:00:00,64.31,64.31,64.3,64.31,281082.0
2016-09-26 14:15:00,64.34,64.34,64.34,64.34,189518.0
2016-09-26 14:30:00,64.34,64.34,64.34,64.34,174632.0
2016-09-26 14:45:00,64.35,64.35,64.35,64.35,170301.0
2016-09-26 15:00:00,64.32,64.32,64.32,64.32,169021.0
2016-09-26 15:15:00,64.33,64.33,64.33,64.33,191161.0
2016-09-26 15:30:00,64.34,64.34,64.34,64.34,215796.0
2016-09-26 15:45:00,64.35,64.35,64.35,64.35,166726.0
2016-09-27 09:30:00,64.06,64.06,64.06,64.06,358205.0
2016-09-27 09:45:00,64.19,64.2,64.19,64.19,480998.0
2016-09-27 10:00:00,64.27,64.29,64.26,64.28,466204.0
2016-09-27 10:15:00,64.38,64.39,64.38,64.39,495857.0
2016-09-27 10:30:00,64.43,64.44,64.43,64.44,384191.0
2016-09-27 10:45:00,64.58,64.58,64.57,64.58,420085.0
2016-09-27 11:00:00,64.7,64.71,64.7,64.7,329925.0
2016-09-27 11:15:00,64.78,64.78,64.78,64.78,484311.0
2016-09-27 11:30:00,64.82,64.83,64.82,64.82,314862.0
2016-09-27 11:45:00,65.05,65.07,65.04,65.05,397031.0
2016-09-27 12:00:00,65.05,65.05,65.05,65.05,376124.0
2016-09-27 12:15:00,65.16,65.17,65.16,65.16,489831.0
2016-09-27 12:30:00,65.23,65.24,65.22,65.23,331994.0
2016-09-27 13:00:00,65.44,65.45,65.44,65.44,349885.0
2016-09-27 13:15:00,65.54,65.55,65.54,65.55,478789.0
2016-09-27 13:30:00,65.63,65.63,65.62,65.63,489001.0
2016-09-27 13:45:00,65.74,65.74,65.74,65.74,366720.0
2016-09-27 14:00:00,65.84,65.86,65.84,65.85,475128.0
2016-09-27 14:15:00,65.97,65.98,65.97,65.98,431280.0
2016-09-27 14:30:00,66.03,66.03,66.03,66.03,326990.0
2016-09-27 14:45:00,66.1,66.11,66.1,66.11,481373.0
2016-09-27 15:00:00,66.24,66.25,66.24,66.24,356949.0
2016-09-27 15:15:00,66.35,66.35,66.34,66.35,383176.0
2016-09-27 15:30:00,66.42,66.43,66.42,66.43,489886.0
2016-09-27 15:45:00,66.54,66.55,66.54,66.55,401304.0
2016-09-28 09:30:00,66.64,66.64,66.63,66.64,394277.0
2016-09-28 09:45:00,66.65,66.65,66.65,66.65,270402.0
2016-09-28 10:00:00,66.67,66.67,66.67,66.67,258881.0
2016-09-28 10:15:00,66.65,66.66,66.65,66.66,298043.0
2016-09-28 10:30:00,66.68,66.68,66.68,66.68,339214.0
2016-09-28 10:45:00,66.66,66.66,66.66,66.66,367973.0
2016-09-28 11:00:00,66.67,66.67,66.67,66.67,227325.0
2016-09-28 11:15:00,66.66,66.66,66.66,66.66,294112.0
2016-09-28 11:30:00,66.69,66.69,66.69,66.69,281772.0
2016-09-28 11:45:00,66.69,66.69,66.69,66.69,336787.0
2016-09-28 12:00:00,66.69,66.69,66.69,66.69,328411.0
2016-09-28 12:15:00,66.69,66.7,66.69,66.69,252453.0
2016-09-28 12:30:00,66.71,66.71,66.71,66.71,352568.0
2016-09-28 12:45:00,66.72,66.72,66.72,66.72,222820.0
2016-09-28 13:00:00,66.73,66.73,66.73,66.73,269444.0
2016-09-28 13:15:00,66.73,66.73,66.73,66.73,355461.0
2016-09-28 13:30:00,66.72,66.73,66.72,66.72,272599.0
2016-09-28 13:45:00,66.73,66.74,66.73,66.74,310890.0
2016-09-28 14:00:00,66.74,66.74,66.74,66.74,372389.0
2016-09-28 14:15:00,66.74,66.74,66.74,66.74,358837.0
2016-09-28 14:30:00,66.76,66.77,66.76,66.76,335834.0
2016-09-28 14:45:00,66.77,66.77,66.77,66.77,368776.0
2016-09-28 15:00:00,66.77,66.78,66.77,66.77,290166.0
2016-09-28 15:15:00,66.78,66.78,66.78,66.78,325185.0
2016-09-28 15:30:00,66.77,66.77,66.77,66.77,233798.0
2016-09-28 15:45:00,66.77,66.77,66.77,66.77,275408.0
2016-09-29 09:30:00,66.68,66.69,66.68,66.68,399492.0
2016-09-29 09:45:00,66.74,66.75,66.74,66.75,258574.0
2016-09-29 10:00:00,66.74,66.75,66.74,66.74,306362.0
2016-09-29 10:15:00,66.76,66.76,66.76,66.76,289958.0
2016-09-29 10:30:00,66.79,66.79,66.79,66.79,264394.0
2016-09-29 10:45:00,66.76,66.77,66.76,66.77,269431.0
2016-09-29 11:00:00,66.84,66.84,66.84,66.84,374754.0
2016-09-29 11:15:00,66.85,66.85,66.85,66.85,362501.0
2016-09-29 11:30:00,66.88,66.88,66.88,66.88,385639.0
2016-09-29 11:45:00,66.95,66.96,66.94,66.95,249509.0
2016-09-29 12:00:00,67.01,67.02,67.01,67.01,273630.0
2016-09-29 12:30:00,67.01,67.02,67.01,67.01,365038.0
2016-09-29 12:45:00,67.04,67.05,67.04,67.05,263882.0
2016-09-29 13:00:00,67.08,67.08,67.08,67.08,378946.0
2016-09-29 13:15:00,67.1,67.1,67.09,67.1,312275.0
2016-09-29 13:30:00,67.15,67.16,67.15,67.16,296570.0
2016-09-29 13:45:00,67.18,67.18,67.18,67.18,273426.0
2016-09-29 14:00:00,67.21,67.22,67.21,67.22,290506.0
2016-09-29 14:15:00,67.21,67.22,67.21,67.21,377421.0
2016-09-29 14:30:00,67.28,67.28,67.27,67.27,312320.0
2016-09-29 15:00:00,67.3,67.3,67.3,67.3,296656.0
2016-09-29 15:15:00,67.33,67.33,67.33,67.33,380084.0
2016-09-29 15:30:00,67.36,67.36,67.36,67.36,377154.0
2016-09-29 15:45:00,67.42,67.43,67.42,67.42,334563.0
2016-09-30 09:30:00,67.77,67.77,67.77,67.77,481857.0
2016-09-30 09:45:00,67.78,67.78,67.78,67.78,425549.0
2016-09-30 10:00:00,67.73,67.74,67.73,67.73,472994.0
2016-09-30 10:15:00,67.86,67.86,67.86,67.86,473112.0
2016-09-30 10:30:00,67.89,67.9,67.89,67.89,469865.0
2016-09-30 10:45:00,67.92,67.92,67.92,67.92,347221.0
2016-09-30 11:00:00,67.93,67.94,67.93,67.93,417035.0
2016-09-30 11:15:00,68.02,68.03,68.02,68.03,411154.0
2016-09-30 11:30:00,68.05,68.05,68.04,68.05,340442.0
2016-09-30 11:45:00,68.05,68.06,68.04,68.05,454320.0
2016-09-30 12:00:00,68.08,68.08,68.07,68.07,448992.0
2016-09-30 12:15:00,68.1,68.1,68.1,68.1,526985.0
2016-09-30 12:30:00,68.12,68.12,68.12,68.12,409257.0
2016-09-30 12:45:00,68.18,68.19,68.18,68.19,456505.0
2016-09-30 13:00:00,68.17,68.18,68.17,68.17,513598.0
2016-09-30 13:15:00,68.22,68.22,68.22,68.22,483942.0
2016-09-30 13:30:00,68.22,68.22,68.22,68.22,309431.0
2016-09-30 13:45:00,68.31,68.32,68.31,68.31,401551.0
2016-09-30 14:15:00,68.33,68.33,68.33,68.33,485087.0
2016-09-30 14:30:00,68.38,68.39,68.38,68.38,413576.0
2016-09-30 14:45:00,68.37,68.38,68.36,68.37,496442.0
2016-09-30 15:00:00,68.43,68.44,68.43,68.43,302083.0
2016-09-30 15:15:00,68.55,68.56,68.55,68.55,378833.0
2016-09-30 15:30:00,68.48,68.48,68.47,68.48,393008.0
2016-09-30 15:45:00,68.53,68.53,68.53,68.53,343999.0
2016-10-03 09:30:00,68.52,68.53,68.52,68.52,176749.0
2016-10-03 09:45:00,68.53,68.53,68.53,68.53,269517.0
2016-10-03 10:00:00,68.52,68.52,68.52,68.52,183617.0
2016-10-03 10:15:00,68.51,68.52,68.51,68.52,220253.0
2016-10-03 10:30:00,68.52,68.53,68.52,68.52,290383.0
2016-10-03 10:45:00,68.5,68.5,68.5,68.5,275464.0
2016-10-03 11:00:00,68.49,68.49,68.49,68.49,284429.0
2016-10-03 11:15:00,68.52,68.53,68.52,68.52,282838.0
2016-10-03 11:30:00,68.5,68.51,68.5,68.5,235562.0
2016-10-03 11:45:00,68.49,68.49,68.49,68.49,196254.0
2016-10-03 12:00:00,68.49,68.5,68.49,68.5,261554.0
2016-10-03 12:15:00,68.48,68.48,68.48,68.48,275628.0
2016-10-03 12:30:00,68.51,68.52,68.51,68.51,243187.0
2016-10-03 12:45:00,68.49,68.49,68.48,68.49,302679.0
2016-10-03 13:00:00,68.49,68.49,68.49,68.49,252996.0
2016-10-03 13:15:00,68.49,68.49,68.49,68.49,234855.0
2016-10-03 13:30:00,68.48,68.49,68.48,68.48,292883.0
2016-10-03 13:45:00,68.48,68.48,68.47,68.47,220974.0
2016-10-03 14:00:00,68.47,68.47,68.47,68.47,192598.0
2016-10-03 14:15:00,68.46,68.47,68.46,68.47,189615.0
2016-10-03 14:30:00,68.45,68.45,68.45,68.45,290619.0
2016-10-03 14:45:00,68.45,68.45,68.45,68.45,303240.0
2016-10-03 15:00:00,68.46,68.47,68.46,68.47,206769.0
2016-10-03 15:30:00,68.49,68.49,68.48,68.49,285394.0
2016-10-03 15:45:00,68.42,68.42,68.42,68.42,222833.0
2016-10-05 09:30:00,68.84,68.85,68.84,68.85,344893.0
2016-10-05 09:45:00,68.85,68.85,68.85,68.85,376605.0
2016-10-05 10:00:00,68.8,68.8,68.8,68.8,250196.0
2016-10-05 10:15:00,68.8,68.8,68.8,68.8,369291.0
2016-10-05 10:30:00,68.78,68.78,68.78,68.78,361549.0
2016-10-05 10:45:00,68.77,68.77,68.77,68.77,279116.0
2016-10-05 11:00:00,68.73,68.73,68.73,68.73,310423.0
2016-10-05 11:15:00,68.77,68.77,68.76,68.77,362115.0
2016-10-05 11:30:00,68.71,68.72,68.71,68.71,273943.0
2016-10-05 12:00:00,68.62,68.62,68.62,68.62,346518.0
2016-10-05 12:15:00,68.59,68.59,68.59,68.59,211702.0
2016-10-05 12:30:00,68.58,68.58,68.58,68.58,300170.0
2016-10-05 12:45:00,68.55,68.56,68.55,68.55,334232.0
2016-10-05 13:00:00,68.57,68.57,68.56,68.57,232425.0
2016-10-05 13:15:00,68.49,68.5,68.49,68.5,225661.0
2016-10-05 13:45:00,68.43,68.43,68.43,68.43,236568.0
2016-10-05 14:00:00,68.43,68.43,68.43,68.43,321310.0
2016-10-05 14:15:00,68.37,68.38,68.36,68.37,381796.0
2016-10-05 14:30:00,68.37,68.37,68.37,68.37,317237.0
2016-10-05 14:45:00,68.33,68.33,68.33,68.33,374342.0
2016-10-05 15:00:00,68.32,68.33,68.32,68.33,362144.0
2016-10-05 15:15:00,68.28,68.29,68.28,68.28,291670.0
2016-10-06 09:30:00,67.43,67.44,67.43,67.44,278191.0
2016-10-06 09:45:00,67.41,67.41,67.41,67.41,419525.0
2016-10-06 10:15:00,67.4,67.41,67.4,67.4,423499.0
2016-10-06 10:30:00,67.4,67.4,67.39,67.4,369881.0
2016-10-06 10:45:00,67.43,67.44,67.43,67.44,386239.0
2016-10-06 11:00:00,67.36,67.36,67.36,67.36,269816.0
2016-10-06 11:15:00,67.34,67.35,67.34,67.34,365643.0
2016-10-06 11:30:00,67.39,67.39,67.39,67.39,320819.0
2016-10-06 11:45:00,67.4,67.4,67.39,67.4,410508.0
2016-10-06 12:00:00,67.38,67.39,67.38,67.39,319618.0
2016-10-06 12:15:00,67.39,67.39,67.38,67.39,358991.0
2016-10-06 12:30:00,67.38,67.39,67.38,67.39,417003.0
2016-10-06 12:45:00,67.38,67.39,67.38,67.39,370294.0
2016-10-06 13:15:00,67.38,67.38,67.38,67.38,431340.0
2016-10-06 13:45:00,67.35,67.36,67.35,67.36,328892.0
2016-10-06 14:00:00,67.39,67.39,67.39,67.39,253197.0
2016-10-06 14:15:00,67.35,67.35,67.35,67.35,251624.0
2016-10-06 14:30:00,67.33,67.34,67.33,67.33,272129.0
2016-10-06 14:45:00,67.35,67.35,67.35,67.35,360004.0
2016-10-06 15:00:00,67.37,67.37,67.36,67.37,322204.0
2016-10-06 15:15:00,67.37,67.37,67.37,67.37,285478.0
2016-10-06 15:45:00,67.33,67.33,67.33,67.33,384117.0
2016-10-07 09:30:00,67.76,67.76,67.76,67.76,252636.0
2016-10-07 09:45:00,67.72,67.73,67.72,67.73,226772.0
2016-10-07 10:00:00,67.76,67.76,67.76,67.76,273077.0
2016-10-07 10:15:00,67.7,67.7,67.7,67.7,240473.0
2016-10-07 10:30:00,67.63,67.64,67.63,67.64,215676.0
2016-10-07 10:45:00,67.59,67.59,67.59,67.59,310175.0
2016-10-07 11:00:00,67.57,67.58,67.57,67.57,208563.0
2016-10-07 11:15:00,67.53,67.54,67.53,67.53,196270.0
2016-10-07 11:30:00,67.47,67.47,67.46,67.47,332663.0
2016-10-07 11:45:00,67.43,67.43,67.43,67.43,220596.0
2016-10-07 12:00:00,67.41,67.41,67.41,67.41,287783.0
2016-10-07 12:15:00,67.36,67.36,67.36,67.36,284847.0
2016-10-07 12:30:00,67.28,67.28,67.28,67.28,326805.0
2016-10-07 12:45:00,67.32,67.33,67.32,67.32,235112.0
2016-10-07 13:00:00,67.26,67.27,67.26,67.26,295134.0
2016-10-07 13:15:00,67.22,67.22,67.22,67.22,255871.0
2016-10-07 13:30:00,67.2,67.21,67.2,67.2,258713.0
2016-10-07 13:45:00,67.17,67.17,67.17,67.17,353652.0
2016-10-07 14:00:00,67.11,67.11,67.11,67.11,246354.0
2016-10-07 14:15:00,67.07,67.07,67.07,67.07,271823.0
2016-10-07 14:30:00,67.01,67.02,67.01,67.02,304096.0
2016-10-07 14:45:00,67.04,67.04,67.04,67.04,315088.0
2016-10-07 15:00:00,66.96,66.96,66.96,66.96,271378.0
2016-10-07 15:15:00,66.93,66.93,66.93,66.93,242645.0
2016-10-07 15:30:00,66.89,66.89,66.88,66.88,194243.0
2016-10-07 15:45:00,66.86,66.86,66.86,66.86,327774.0
2016-10-10 09:30:00,67.21,67.21,67.21,67.21,222970.0
2016-10-10 09:45:00,67.21,67.21,67.2,67.21,208510.0
2016-10-10 10:00:00,67.18,67.18,67.18,67.18,339116.0
2016-10-10 10:15:00,67.18,67.18,67.18,67.18,240603.0
2016-10-10 10:30:00,67.17,67.17,67.16,67.17,207838.0
2016-10-10 10:45:00,67.18,67.18,67.17,67.18,275368.0
2016-10-10 11:00:00,67.19,67.19,67.19,67.19,224830.0
2016-10-10 11:15:00,67.17,67.18,67.17,67.18,327277.0
2016-10-10 11:30:00,67.15,67.15,67.15,67.15,331042.0
2016-10-10 11:45:00,67.19,67.2,67.19,67.2,320596.0
2016-10-10 12:00:00,67.16,67.17,67.16,67.17,339950.0
2016-10-10 12:15:00,67.15,67.15,67.15,67.15,242698.0
2016-10-10 12:30:00,67.14,67.15,67.14,67.14,255359.0
2016-10-10 12:45:00,67.14,67.15,67.14,67.15,320688.0
2016-10-10 13:00:00,67.15,67.16,67.15,67.15,307875.0
2016-10-10 13:30:00,67.12,67.13,67.12,67.12,215844.0
2016-10-10 13:45:00,67.13,67.13,67.13,67.13,355769.0
2016-10-10 14:00:00,67.14,67.14,67.14,67.14,232416.0
2016-10-10 14:15:00,67.11,67.11,67.11,67.11,354976.0
2016-10-10 14:30:00,67.12,67.12,67.12,67.12,230869.0
2016-10-10 14:45:00,67.1,67.1,67.1,67.1,344349.0
2016-10-10 15:00:00,67.11,67.11,67.11,67.11,311798.0
2016-10-10 15:15:00,67.11,67.11,67.11,67.11,240157.0
2016-10-10 15:30:00,67.13,67.13,67.13,67.13,310374.0
2016-10-10 15:45:00,67.09,67.09,67.09,67.09,299255.0
2016-10-11 09:30:00,66.88,66.88,66.88,66.88,358753.0
2016-10-11 09:45:00,66.85,66.86,66.85,66.85,389778.0
2016-10-11 10:00:00,66.83,66.83,66.83,66.83,364472.0
2016-10-11 10:15:00,66.75,66.76,66.75,66.76,429613.0
2016-10-11 10:30:00,66.77,66.77,66.77,66.77,427669.0
2016-10-11 10:45:00,66.74,66.75,66.74,66.74,263787.0
2016-10-11 11:00:00,66.71,66.71,66.71,66.71,369890.0
2016-10-11 11:15:00,66.64,66.65,66.64,66.64,374912.0
2016-10-11 11:30:00,66.64,66.64,66.64,66.64,480757.0
2016-10-11 11:45:00,66.62,66.62,66.61,66.62,438834.0
2016-10-11 12:00:00,66.6,66.61,66.6,66.6,322206.0
2016-10-11 12:15:00,66.55,66.55,66.55,66.55,393939.0
2016-10-11 12:30:00,66.53,66.54,66.53,66.53,280695.0
2016-10-11 12:45:00,66.46,66.46,66.46,66.46,374622.0
2016-10-11 13:00:00,66.46,66.46,66.46,66.46,292188.0
2016-10-11 13:15:00,66.41,66.42,66.41,66.41,356050.0
2016-10-11 13:30:00,66.43,66.44,66.43,66.43,419880.0
2016-10-11 13:45:00,66.35,66.35,66.34,66.34,458382.0
2016-10-11 14:00:00,66.33,66.34,66.33,66.34,471699.0
2016-10-11 14:15:00,66.35,66.35,66.34,66.35,384199.0
2016-10-11 14:30:00,66.29,66.29,66.28,66.29,267103.0
2016-10-11 14:45:00,66.26,66.26,66.26,66.26,339468.0
2016-10-11 15:00:00,66.19,66.19,66.19,66.19,469862.0
2016-10-11 15:15:00,66.2,66.2,66.19,66.2,309261.0
2016-10-11 15:30:00,66.19,66.19,66.19,66.19,407791.0
2016-10-11 15:45:00,66.11,66.11,66.1,66.11,413276.0
2016-10-12 09:30:00,65.86,65.86,65.86,65.86,384666.0
2016-10-12 09:45:00,65.88,65.89,65.88,65.88,468111.0
2016-10-12 10:00:00,65.9,65.91,65.9,65.91,412269.0
2016-10-12 10:15:00,65.92,65.92,65.92,65.92,327044.0
2016-10-12 10:30:00,65.97,65.97,65.96,65.97,437535.0
2016-10-12 10:45:00,65.99,65.99,65.98,65.99,456568.0
2016-10-12 11:15:00,66.01,66.01,66.01,66.01,455343.0
2016-10-12 11:30:00,66.1,66.1,66.09,66.1,347529.0
2016-10-12 11:45:00,66.06,66.06,66.06,66.06,472202.0
2016-10-12 12:00:00,66.08,66.08,66.08,66.08,508473.0
2016-10-12 12:15:00,66.15,66.16,66.15,66.16,335149.0
2016-10-12 12:30:00,66.11,66.11,66.11,66.11,450004.0
2016-10-12 12:45:00,66.16,66.16,66.16,66.16,479199.0
2016-10-12 13:00:00,66.19,66.19,66.19,66.19,497216.0
2016-10-12 13:15:00,66.23,66.23,66.23,66.23,356930.0
2016-10-12 13:30:00,66.23,66.23,66.22,66.23,508865.0
2016-10-12 13:45:00,66.19,66.2,66.19,66.19,521322.0
2016-10-12 14:00:00,66.29,66.29,66.29,66.29,387861.0
2016-10-12 14:15:00,66.27,66.27,66.27,66.27,454159.0
2016-10-12 14:30:00,66.31,66.31,66.31,66.31,343805.0
2016-10-12 14:45:00,66.32,66.32,66.32,66.32,442211.0
2016-10-12 15:00:00,66.36,66.36,66.36,66.36,432625.0
2016-10-12 15:15:00,66.37,66.37,66.37,66.37,432651.0
2016-10-12 15:30:00,66.41,66.41,66.41,66.41,523317.0
2016-10-12 15:45:00,66.44,66.44,66.44,66.44,299712.0
2016-10-13 09:30:00,65.64,65.64,65.64,65.64,457779.0
2016-10-13 09:45:00,65.59,65.6,65.59,65.59,300961.0
2016-10-13 10:00:00,65.62,65.63,65.62,65.63,273379.0
2016-10-13 10:15:00,65.63,65.63,65.63,65.63,417901.0
2016-10-13 10:30:00,65.64,65.65,65.64,65.65,393141.0
2016-10-13 10:45:00,65.58,65.59,65.58,65.58,378608.0
2016-10-13 11:00:00,65.58,65.58,65.58,65.58,449996.0
2016-10-13 11:15:00,65.59,65.59,65.59,65.59,431612.0
2016-10-13 11:30:00,65.54,65.55,65.54,65.55,445248.0
2016-10-13 11:45:00,65.52,65.52,65.51,65.52,433123.0
2016-10-13 12:00:00,65.51,65.51,65.5,65.5,447069.0
2016-10-13 12:15:00,65.53,65.53,65.53,65.53,432353.0
2016-10-13 12:30:00,65.51,65.52,65.5,65.51,431598.0
2016-10-13 12:45:00,65.49,65.49,65.49,65.49,400206.0
2016-10-13 13:00:00,65.53,65.54,65.53,65.53,419680.0
2016-10-13 13:15:00,65.46,65.46,65.45,65.46,335123.0
2016-10-13 13:30:00,65.42,65.43,65.42,65.43,407844.0
2016-10-13 13:45:00,65.44,65.45,65.44,65.44,440029.0
2016-10-13 14:00:00,65.39,65.39,65.39,65.39,343660.0
2016-10-13 14:30:00,65.46,65.46,65.45,65.46,330826.0
2016-10-13 14:45:00,65.39,65.39,65.39,65.39,268812.0
2016-10-13 15:00:00,65.42,65.43,65.42,65.42,458612.0
2016-10-13 15:15:00,65.36,65.37,65.36,65.36,279156.0
2016-10-13 15:30:00,65.33,65.34,65.33,65.34,363992.0
2016-10-13 15:45:00,65.34,65.35,65.34,65.34,466024.0
2016-10-14 09:30:00,66.15,66.15,66.15,66.15,353986.0
2016-10-14 09:45:00,66.13,66.13,66.13,66.13,279838.0
2016-10-14 10:00:00,66.13,66.14,66.13,66.14,279611.0
2016-10-14 10:15:00,66.12,66.12,66.12,66.12,296188.0
2016-10-14 10:30:00,66.12,66.12,66.12,66.12,299963.0
2016-10-14 10:45:00,66.1,66.1,66.1,66.1,243999.0
2016-10-14 11:00:00,66.11,66.11,66.11,66.11,290846.0
2016-10-14 11:15:00,66.11,66.11,66.11,66.11,344507.0
2016-10-14 11:30:00,66.09,66.09,66.09,66.09,375685.0
2016-10-14 11:45:00,66.09,66.09,66.09,66.09,227247.0
2016-10-14 12:00:00,66.09,66.09,66.09,66.09,325235.0
2016-10-14 12:15:00,66.07,66.07,66.07,66.07,351208.0
2016-10-14 12:30:00,66.07,66.07,66.06,66.07,401703.0
2016-10-14 12:45:00,66.06,66.06,66.05,66.06,349732.0
2016-10-14 13:00:00,66.06,66.06,66.06,66.06,233245.0
2016-10-14 13:15:00,66.05,66.06,66.05,66.05,227225.0
2016-10-14 13:30:00,66.05,66.05,66.04,66.05,348720.0
2016-10-14 13:45:00,66.05,66.06,66.05,66.06,320399.0
2016-10-14 14:00:00,66.04,66.04,66.04,66.04,376647.0
2016-10-14 14:15:00,66.03,66.03,66.03,66.03,298393.0
2016-10-14 14:45:00,66.03,66.03,66.02,66.03,286488.0
2016-10-14 15:00:00,66.02,66.02,66.02,66.02,270709.0
2016-10-14 15:15:00,66.03,66.03,66.02,66.03,243784.0
2016-10-14 15:30:00,65.99,65.99,65.99,65.99,283615.0
2016-10-14 15:45:00,65.99,65.99,65.99,65.99,264417.0
2016-10-17 09:30:00,65.96,65.97,65.96,65.96,170088.0
2016-10-17 09:45:00,65.96,65.97,65.96,65.96,221757.0
2016-10-17 10:00:00,65.94,65.94,65.93,65.94,241028.0
2016-10-17 10:15:00,65.93,65.93,65.92,65.93,142680.0
2016-10-17 10:45:00,65.91,65.91,65.91,65.91,161843.0
2016-10-17 11:00:00,65.87,65.87,65.86,65.87,153609.0
2016-10-17 11:15:00,65.88,65.88,65.88,65.88,242452.0
2016-10-17 11:30:00,65.87,65.87,65.87,65.87,184800.0
2016-10-17 11:45:00,65.85,65.85,65.84,65.85,176873.0
2016-10-17 12:00:00,65.84,65.84,65.83,65.84,153958.0
2016-10-17 12:15:00,65.82,65.83,65.82,65.82,132823.0
2016-10-17 12:30:00,65.81,65.81,65.81,65.81,213604.0
2016-10-17 12:45:00,65.79,65.79,65.79,65.79,219998.0
2016-10-17 13:00:00,65.78,65.78,65.78,65.78,209591.0
2016-10-17 13:15:00,65.75,65.75,65.75,65.75,224367.0
2016-10-17 13:30:00,65.74,65.74,65.74,65.74,193754.0
2016-10-17 13:45:00,65.74,65.75,65.74,65.75,219688.0
2016-10-17 14:00:00,65.71,65.72,65.71,65.71,208835.0
2016-10-17 14:15:00,65.7,65.71,65.7,65.7,231892.0
2016-10-17 14:30:00,65.68,65.68,65.68,65.68,218957.0
2016-10-17 14:45:00,65.67,65.68,65.67,65.68,194985.0
2016-10-17 15:00:00,65.67,65.67,65.66,65.67,229278.0
2016-10-17 15:15:00,65.64,65.64,65.64,65.64,161181.0
2016-10-17 15:30:00,65.62,65.63,65.62,65.62,185715.0
2016-10-17 15:45:00,65.6,65.6,65.6,65.6,174449.0
2016-10-18 09:30:00,66.52,66.52,66.52,66.52,231165.0
2016-10-18 09:45:00,66.53,66.53,66.53,66.53,195551.0
2016-10-18 10:00:00,66.53,66.53,66.53,66.53,249049.0
2016-10-18 10:15:00,66.53,66.53,66.53,66.53,299286.0
2016-10-18 10:30:00,66.54,66.54,66.54,66.54,319942.0
2016-10-18 10:45:00,66.55,66.56,66.55,66.55,221436.0
2016-10-18 11:00:00,66.54,66.54,66.54,66.54,297210.0
2016-10-18 11:15:00,66.55,66.56,66.55,66.55,328972.0
2016-10-18 11:30:00,66.53,66.54,66.53,66.53,320789.0
2016-10-18 11:45:00,66.55,66.55,66.55,66.55,322748.0
2016-10-18 12:00:00,66.55,66.55,66.55,66.55,183426.0
2016-10-18 12:15:00,66.56,66.56,66.56,66.56,199056.0
2016-10-18 12:30:00,66.59,66.6,66.59,66.6,296731.0
2016-10-18 12:45:00,66.58,66.58,66.58,66.58,276724.0
2016-10-18 13:00:00,66.55,66.56,66.55,66.55,215757.0
2016-10-18 13:15:00,66.57,66.58,66.57,66.58,219035.0
2016-10-18 13:30:00,66.58,66.58,66.58,66.58,332134.0
2016-10-18 13:45:00,66.58,66.58,66.58,66.58,327333.0
2016-10-18 14:00:00,66.58,66.58,66.58,66.58,225113.0
2016-10-18 14:15:00,66.59,66.59,66.59,66.59,323822.0
2016-10-18 14:30:00,66.58,66.59,66.58,66.58,201004.0
2016-10-18 14:45:00,66.61,66.61,66.61,66.61,236845.0
2016-10-18 15:00:00,66.59,66.59,66.59,66.59,277643.0
2016-10-18 15:15:00,66.61,66.61,66.61,66.61,219058.0
2016-10-18 15:30:00,66.61,66.61,66.61,66.61,219464.0
2016-10-18 15:45:00,66.6,66.6,66.6,66.6,248402.0
2016-10-19 09:30:00,66.16,66.16,66.15,66.16,242873.0
2016-10-19 09:45:00,66.17,66.17,66.17,66.17,139707.0
2016-10-19 10:00:00,66.2,66.21,66.2,66.2,236373.0
2016-10-19 10:15:00,66.19,66.2,66.19,66.19,214257.0
2016-10-19 10:30:00,66.21,66.21,66.21,66.21,142784.0
2016-10-19 10:45:00,66.22,66.22,66.22,66.22,245886.0
2016-10-19 11:00:00,66.24,66.24,66.24,66.24,223523.0
2016-10-19 11:15:00,66.24,66.25,66.24,66.24,223442.0
2016-10-19 11:30:00,66.27,66.27,66.27,66.27,152298.0
2016-10-19 11:45:00,66.26,66.27,66.26,66.26,231865.0
2016-10-19 12:00:00,66.3,66.3,66.3,66.3,218245.0
2016-10-19 12:15:00,66.3,66.31,66.3,66.3,176561.0
2016-10-19 12:30:00,66.31,66.31,66.31,66.31,174483.0
2016-10-19 12:45:00,66.32,66.32,66.32,66.32,157329.0
2016-10-19 13:00:00,66.35,66.35,66.35,66.35,243294.0
2016-10-19 13:15:00,66.32,66.32,66.32,66.32,212984.0
2016-10-19 13:30:00,66.36,66.36,66.36,66.36,146173.0
2016-10-19 13:45:00,66.37,66.37,66.37,66.37,222147.0
2016-10-19 14:00:00,66.37,66.37,66.37,66.37,135076.0
2016-10-19 14:15:00,66.39,66.4,66.39,66.39,157521.0
2016-10-19 14:30:00,66.4,66.4,66.39,66.39,221265.0
2016-10-19 14:45:00,66.42,66.43,66.42,66.43,219608.0
2016-10-19 15:00:00,66.46,66.46,66.46,66.46,237453.0
2016-10-19 15:15:00,66.43,66.43,66.43,66.43,174721.0
2016-10-19 15:30:00,66.45,66.45,66.45,66.45,237716.0
2016-10-19 15:45:00,66.47,66.47,66.47,66.47,184348.0
2016-10-20 09:30:00,67.23,67.23,67.23,67.23,390103.0
2016-10-20 09:45:00,67.28,67.29,67.28,67.28,382958.0
2016-10-20 10:00:00,67.31,67.32,67.31,67.31,242771.0
2016-10-20 10:15:00,67.28,67.28,67.28,67.28,219986.0
2016-10-20 10:45:00,67.35,67.35,67.35,67.35,299228.0
2016-10-20 11:00:00,67.37,67.37,67.37,67.37,340605.0
2016-10-20 11:15:00,67.4,67.4,67.39,67.4,239719.0
2016-10-20 11:30:00,67.41,67.41,67.41,67.41,308542.0
2016-10-20 11:45:00,67.46,67.47,67.46,67.47,328546.0
2016-10-20 12:00:00,67.45,67.46,67.45,67.46,318289.0
2016-10-20 12:15:00,67.47,67.47,67.47,67.47,318604.0
2016-10-20 12:30:00,67.47,67.48,67.47,67.47,338032.0
2016-10-20 13:00:00,67.51,67.51,67.51,67.51,268244.0
2016-10-20 13:15:00,67.55,67.55,67.55,67.55,228239.0
2016-10-20 13:30:00,67.55,67.55,67.55,67.55,360768.0
2016-10-20 13:45:00,67.57,67.58,67.57,67.57,218652.0
2016-10-20 14:00:00,67.6,67.6,67.6,67.6,231220.0
2016-10-20 14:15:00,67.61,67.62,67.61,67.61,258518.0
2016-10-20 14:30:00,67.6,67.6,67.6,67.6,232893.0
2016-10-20 14:45:00,67.64,67.64,67.64,67.64,380884.0
2016-10-20 15:00:00,67.68,67.68,67.68,67.68,376845.0
2016-10-20 15:15:00,67.69,67.69,67.69,67.69,316645.0
2016-10-20 15:30:00,67.74,67.75,67.74,67.75,243296.0
2016-10-20 15:45:00,67.71,67.71,67.71,67.71,295572.0
2016-10-21 09:30:00,67.5,67.5,67.49,67.5,286821.0
2016-10-21 09:45:00,67.49,67.49,67.49,67.49,273700.0
2016-10-21 10:00:00,67.51,67.52,67.51,67.52,233340.0
2016-10-21 10:15:00,67.5,67.51,67.5,67.5,329303.0
2016-10-21 10:30:00,67.47,67.48,67.47,67.47,337659.0
2016-10-21 10:45:00,67.5,67.5,67.5,67.5,290392.0
2016-10-21 11:00:00,67.5,67.5,67.5,67.5,193025.0
2016-10-21 11:15:00,67.49,67.5,67.49,67.49,300527.0
2016-10-21 11:30:00,67.47,67.47,67.47,67.47,217093.0
2016-10-21 11:45:00,67.51,67.51,67.51,67.51,319552.0
2016-10-21 12:00:00,67.5,67.51,67.5,67.5,320923.0
2016-10-21 12:15:00,67.51,67.51,67.51,67.51,189332.0
2016-10-21 12:30:00,67.52,67.52,67.52,67.52,334366.0
2016-10-21 12:45:00,67.49,67.5,67.49,67.49,274521.0
2016-10-21 13:00:00,67.5,67.51,67.5,67.5,224859.0
2016-10-21 13:15:00,67.52,67.52,67.52,67.52,275153.0
2016-10-21 13:30:00,67.53,67.53,67.53,67.53,265045.0
2016-10-21 13:45:00,67.53,67.53,67.53,67.53,201314.0
2016-10-21 14:00:00,67.53,67.53,67.53,67.53,297665.0
2016-10-21 14:15:00,67.53,67.53,67.53,67.53,301519.0
2016-10-21 14:30:00,67.53,67.53,67.53,67.53,206810.0
2016-10-21 14:45:00,67.53,67.53,67.53,67.53,194196.0
2016-10-21 15:00:00,67.56,67.56,67.55,67.56,195520.0
2016-10-21 15:15:00,67.53,67.53,67.53,67.53,316645.0
2016-10-21 15:30:00,67.54,67.54,67.54,67.54,323394.0
2016-10-21 15:45:00,67.52,67.53,67.52,67.52,337829.0
2016-10-24 09:30:00,68.02,68.02,68.02,68.02,421704.0
2016-10-24 09:45:00,68.12,68.12,68.12,68.12,231783.0
2016-10-24 10:00:00,68.19,68.2,68.19,68.19,370519.0
2016-10-24 10:15:00,68.32,68.32,68.32,68.32,293371.0
2016-10-24 10:30:00,68.43,68.43,68.43,68.43,234746.0
2016-10-24 11:15:00,68.81,68.82,68.8,68.81,314351.0
2016-10-24 11:30:00,68.89,68.89,68.89,68.89,417322.0
2016-10-24 11:45:00,68.97,68.97,68.96,68.97,399822.0
2016-10-24 12:00:00,69.08,69.08,69.08,69.08,300673.0
2016-10-24 12:15:00,69.22,69.24,69.22,69.23,375178.0
2016-10-24 12:30:00,69.35,69.36,69.35,69.35,413105.0
2016-10-24 12:45:00,69.39,69.4,69.38,69.39,387808.0
2016-10-24 13:00:00,69.51,69.51,69.51,69.51,340517.0
2016-10-24 13:15:00,69.63,69.64,69.63,69.63,383417.0
2016-10-24 13:30:00,69.69,69.7,69.69,69.7,321356.0
2016-10-24 13:45:00,69.86,69.86,69.85,69.86,382052.0
2016-10-24 14:00:00,69.97,69.98,69.97,69.98,287346.0
2016-10-24 14:15:00,70.1,70.11,70.1,70.1,289347.0
2016-10-24 14:30:00,70.14,70.15,70.13,70.15,404648.0
2016-10-24 14:45:00,70.2,70.21,70.2,70.2,282067.0
2016-10-24 15:00:00,70.35,70.36,70.35,70.36,381608.0
2016-10-24 15:15:00,70.46,70.46,70.45,70.46,254809.0
2016-10-24 15:45:00,70.67,70.68,70.67,70.68,421307.0
2016-10-25 09:30:00,70.59,70.6,70.59,70.59,452573.0
2016-10-25 09:45:00,70.64,70.64,70.64,70.64,351539.0
2016-10-25 10:00:00,70.74,70.74,70.74,70.74,330542.0
2016-10-25 10:15:00,70.72,70.73,70.72,70.72,403384.0
2016-10-25 10:30:00,70.8,70.81,70.8,70.8,418015.0
2016-10-25 10:45:00,70.87,70.87,70.87,70.87,362262.0
2016-10-25 11:00:00,70.89,70.89,70.89,70.89,434291.0
2016-10-25 11:15:00,70.95,70.95,70.95,70.95,367691.0
2016-10-25 11:30:00,70.99,70.99,70.98,70.99,430503.0
2016-10-25 11:45:00,71.09,71.1,71.09,71.1,348293.0
2016-10-25 12:00:00,71.09,71.1,71.09,71.09,292979.0
2016-10-25 12:15:00,71.16,71.16,71.16,71.16,452906.0
2016-10-25 12:30:00,71.2,71.2,71.2,71.2,293302.0
2016-10-25 12:45:00,71.26,71.26,71.26,71.26,451766.0
2016-10-25 13:00:00,71.34,71.35,71.34,71.35,296160.0
2016-10-25 13:15:00,71.42,71.42,71.42,71.42,294091.0
2016-10-25 13:30:00,71.42,71.42,71.42,71.42,442087.0
2016-10-25 14:00:00,71.52,71.52,71.51,71.52,287771.0
2016-10-25 14:15:00,71.57,71.57,71.57,71.57,284103.0
2016-10-25 14:30:00,71.61,71.62,71.61,71.62,322101.0
2016-10-25 14:45:00,71.7,71.71,71.7,71.71,457494.0
2016-10-25 15:00:00,71.71,71.71,71.71,71.71,477997.0
2016-10-25 15:15:00,71.78,71.8,71.78,71.79,419192.0
2016-10-25 15:45:00,71.86,71.87,71.86,71.87,332529.0
2016-10-26 09:30:00,71.25,71.26,71.25,71.25,373017.0
2016-10-26 09:45:00,71.29,71.29,71.29,71.29,272530.0
2016-10-26 10:00:00,71.32,71.33,71.32,71.32,296836.0
2016-10-26 10:15:00,71.38,71.38,71.37,71.38,298317.0
2016-10-26 10:30:00,71.39,71.39,71.39,71.39,332980.0
2016-10-26 10:45:00,71.44,71.44,71.44,71.44,305157.0
2016-10-26 11:00:00,71.5,71.5,71.49,71.5,253503.0
2016-10-26 11:15:00,71.52,71.52,71.52,71.52,397805.0
2016-10-26 11:30:00,71.56,71.57,71.56,71.56,408564.0
2016-10-26 12:00:00,71.62,71.63,71.62,71.62,251615.0
2016-10-26 12:15:00,71.63,71.63,71.62,71.63,407599.0
2016-10-26 12:30:00,71.69,71.69,71.69,71.69,231472.0
2016-10-26 12:45:00,71.72,71.73,71.72,71.73,339075.0
2016-10-26 13:00:00,71.75,71.75,71.75,71.75,325148.0
2016-10-26 13:15:00,71.8,71.8,71.8,71.8,344787.0
2016-10-26 13:45:00,71.9,71.91,71.9,71.9,311914.0
2016-10-26 14:00:00,71.91,71.91,71.91,71.91,252783.0
2016-10-26 14:15:00,71.95,71.95,71.95,71.95,307941.0
2016-10-26 14:30:00,71.99,71.99,71.99,71.99,340382.0
2016-10-26 14:45:00,72.05,72.06,72.05,72.05,411433.0
2016-10-26 15:00:00,72.05,72.05,72.05,72.05,259620.0
2016-10-26 15:15:00,72.12,72.12,72.12,72.12,237564.0
2016-10-26 15:30:00,72.15,72.15,72.14,72.15,321713.0
2016-10-26 15:45:00,72.15,72.15,72.15,72.15,224894.0
2016-10-27 09:30:00,72.74,72.75,72.74,72.74,473844.0
2016-10-27 09:45:00,72.63,72.63,72.63,72.63,357525.0
2016-10-27 10:00:00,72.55,72.56,72.55,72.56,288652.0
2016-10-27 10:15:00,72.44,72.45,72.43,72.44,276916.0
2016-10-27 10:30:00,72.4,72.4,72.39,72.4,396055.0
2016-10-27 10:45:00,72.28,72.29,72.28,72.28,314070.0
2016-10-27 11:00:00,72.22,72.22,72.22,72.22,440561.0
2016-10-27 11:15:00,72.15,72.16,72.15,72.16,405614.0
2016-10-27 11:30:00,72.06,72.06,72.06,72.06,393075.0
2016-10-27 11:45:00,71.97,71.98,71.97,71.97,361374.0
2016-10-27 12:00:00,71.92,71.93,71.91,71.93,396596.0
2016-10-27 12:15:00,71.76,71.77,71.76,71.77,410282.0
2016-10-27 12:30:00,71.73,71.74,71.73,71.73,434678.0
2016-10-27 12:45:00,71.67,71.69,71.67,71.68,425143.0
2016-10-27 13:00:00,71.54,71.55,71.54,71.55,270528.0
2016-10-27 13:15:00,71.49,71.5,71.49,71.49,288986.0
2016-10-27 13:30:00,71.45,71.45,71.44,71.45,306591.0
2016-10-27 13:45:00,71.34,71.34,71.34,71.34,414877.0
2016-10-27 14:00:00,71.28,71.28,71.28,71.28,384286.0
2016-10-27 14:15:00,71.15,71.16,71.15,71.15,272811.0
2016-10-27 14:30:00,71.08,71.09,71.08,71.09,447508.0
2016-10-27 14:45:00,70.99,71.0,70.99,70.99,472654.0
2016-10-27 15:00:00,70.96,70.96,70.95,70.96,479216.0
2016-10-27 15:15:00,70.82,70.83,70.82,70.82,367780.0
2016-10-27 15:30:00,70.77,70.79,70.76,70.79,474049.0
2016-10-27 15:45:00,70.72,70.74,70.72,70.72,360039.0
2016-10-28 09:30:00,71.02,71.02,71.02,71.02,227746.0
2016-10-28 09:45:00,71.0,71.0,71.0,71.0,334257.0
2016-10-28 10:00:00,70.99,71.0,70.99,71.0,351146.0
2016-10-28 10:15:00,71.01,71.02,71.01,71.01,228124.0
2016-10-28 10:30:00,70.96,70.96,70.96,70.96,358162.0
2016-10-28 10:45:00,70.91,70.91,70.91,70.91,316244.0
2016-10-28 11:00:00,70.93,70.93,70.93,70.93,209634.0
2016-10-28 11:15:00,70.85,70.86,70.85,70.86,263295.0
2016-10-28 11:30:00,70.88,70.88,70.88,70.88,322854.0
2016-10-28 11:45:00,70.85,70.85,70.85,70.85,281124.0
2016-10-28 12:00:00,70.81,70.82,70.81,70.82,263000.0
2016-10-28 12:15:00,70.81,70.82,70.81,70.81,355505.0
2016-10-28 12:30:00,70.75,70.75,70.75,70.75,238612.0
2016-10-28 12:45:00,70.77,70.77,70.77,70.77,238139.0
2016-10-28 13:00:00,70.73,70.74,70.73,70.73,288296.0
2016-10-28 13:15:00,70.74,70.74,70.74,70.74,251771.0
2016-10-28 13:30:00,70.72,70.73,70.72,70.72,268133.0
2016-10-28 13:45:00,70.7,70.71,70.7,70.71,336419.0
2016-10-28 14:00:00,70.69,70.69,70.69,70.69,257457.0
2016-10-28 14:15:00,70.66,70.66,70.66,70.66,304067.0
2016-10-28 14:30:00,70.66,70.66,70.65,70.66,222115.0
2016-10-28 14:45:00,70.63,70.63,70.63,70.63,344168.0
2016-10-28 15:15:00,70.59,70.6,70.59,70.59,343829.0
2016-10-28 15:30:00,70.57,70.57,70.57,70.57,197825.0
2016-10-28 15:45:00,70.56,70.56,70.56,70.56,274971.0
2016-10-31 09:30:00,70.78,70.78,70.78,70.78,300750.0
2016-10-31 09:45:00,70.8,70.8,70.8,70.8,262228.0
2016-10-31 10:00:00,70.82,70.82,70.82,70.82,182543.0
2016-10-31 10:30:00,70.85,70.85,70.85,70.85,244608.0
2016-10-31 10:45:00,70.84,70.84,70.84,70.84,251201.0
2016-10-31 11:00:00,70.89,70.89,70.89,70.89,265783.0
2016-10-31 11:15:00,70.89,70.89,70.89,70.89,255495.0
2016-10-31 11:30:00,70.9,70.9,70.9,70.9,198207.0
2016-10-31 11:45:00,70.93,70.94,70.93,70.93,188087.0
2016-10-31 12:00:00,70.93,70.93,70.93,70.93,176955.0
2016-10-31 12:15:00,70.94,70.94,70.93,70.94,236569.0
2016-10-31 12:30:00,70.96,70.97,70.96,70.97,232260.0
2016-10-31 12:45:00,70.98,70.98,70.98,70.98,273528.0
2016-10-31 13:00:00,71.0,71.0,71.0,71.0,242186.0
2016-10-31 13:15:00,71.01,71.02,71.01,71.01,250474.0
2016-10-31 13:30:00,71.03,71.03,71.03,71.03,182104.0
2016-10-31 13:45:00,71.04,71.04,71.04,71.04,303103.0
2016-10-31 14:00:00,71.04,71.04,71.04,71.04,198406.0
2016-10-31 14:15:00,71.07,71.07,71.07,71.07,207179.0
2016-10-31 14:30:00,71.08,71.08,71.08,71.08,219696.0
2016-10-31 14:45:00,71.1,71.1,71.1,71.1,277679.0
2016-10-31 15:00:00,71.13,71.13,71.13,71.13,193389.0
2016-10-31 15:15:00,71.13,71.13,71.13,71.13,212246.0
2016-10-31 15:30:00,71.15,71.15,71.15,71.15,302849.0
2016-10-31 15:45:00,71.15,71.15,71.15,71.15,266796.0
2016-11-01 09:30:00,71.35,71.35,71.34,71.35,435415.0
2016-11-01 09:45:00,71.33,71.35,71.33,71.33,364651.0
2016-11-01 10:00:00,71.23,71.23,71.23,71.23,398235.0
2016-11-01 10:15:00,71.15,71.16,71.15,71.16,541829.0
2016-11-01 10:30:00,71.03,71.03,71.03,71.03,577528.0
2016-11-01 10:45:00,70.94,70.94,70.94,70.94,571033.0
2016-11-01 11:00:00,70.77,70.78,70.76,70.78,360506.0
2016-11-01 12:00:00,70.34,70.37,70.34,70.35,495935.0
2016-11-01 12:15:00,70.52,70.53,70.51,70.51,549229.0
2016-11-01 12:30:00,70.35,70.37,70.35,70.36,452888.0
2016-11-01 13:00:00,70.09,70.09,70.09,70.09,374487.0
2016-11-01 13:15:00,69.99,69.99,69.98,69.99,378526.0
2016-11-01 13:30:00,69.9,69.91,69.9,69.9,379735.0
2016-11-01 13:45:00,69.77,69.8,69.77,69.79,389684.0
2016-11-01 14:00:00,69.69,69.69,69.68,69.69,381826.0
2016-11-01 14:15:00,69.53,69.54,69.52,69.54,415003.0
2016-11-01 14:30:00,69.52,69.53,69.52,69.52,379242.0
2016-11-01 14:45:00,69.44,69.46,69.44,69.45,415493.0
2016-11-01 15:00:00,69.39,69.4,69.38,69.4,453612.0
2016-11-01 15:15:00,69.2,69.21,69.2,69.21,451954.0
2016-11-01 15:30:00,69.14,69.14,69.14,69.14,342913.0
2016-11-01 15:45:00,69.08,69.09,69.07,69.09,511858.0
2016-11-02 09:30:00,69.58,69.59,69.58,69.58,287451.0
2016-11-02 09:45:00,69.53,69.54,69.53,69.53,201660.0
2016-11-02 10:00:00,69.51,69.52,69.51,69.52,243730.0
2016-11-02 10:15:00,69.51,69.52,69.5,69.52,305540.0
2016-11-02 10:30:00,69.45,69.45,69.44,69.45,316514.0
2016-11-02 10:45:00,69.43,69.43,69.43,69.43,270941.0
2016-11-02 11:00:00,69.38,69.38,69.38,69.38,356773.0
2016-11-02 11:15:00,69.36,69.36,69.36,69.36,344565.0
2016-11-02 11:30:00,69.31,69.31,69.31,69.31,212203.0
2016-11-02 11:45:00,69.36,69.37,69.36,69.36,348700.0
2016-11-02 12:00:00,69.22,69.23,69.22,69.23,217430.0
2016-11-02 12:15:00,69.26,69.26,69.26,69.26,340212.0
2016-11-02 12:45:00,69.18,69.19,69.17,69.18,254648.0
2016-11-02 13:00:00,69.13,69.13,69.13,69.13,362723.0
2016-11-02 13:15:00,69.09,69.1,69.09,69.09,213295.0
2016-11-02 13:30:00,69.06,69.06,69.06,69.06,297616.0
2016-11-02 13:45:00,69.03,69.03,69.02,69.03,263951.0
2016-11-02 14:00:00,68.98,68.98,68.97,68.98,332963.0
2016-11-02 14:15:00,68.96,68.97,68.96,68.97,217735.0
2016-11-02 14:30:00,68.93,68.94,68.92,68.93,204006.0
2016-11-02 14:45:00,68.9,68.91,68.9,68.9,251021.0
2016-11-02 15:00:00,68.88,68.89,68.87,68.88,301015.0
2016-11-02 15:15:00,68.86,68.86,68.86,68.86,296271.0
2016-11-02 15:30:00,68.79,68.79,68.79,68.79,222224.0
2016-11-02 15:45:00,68.77,68.78,68.77,68.78,220014.0
2016-11-03 09:30:00,69.12,69.13,69.12,69.12,360494.0
2016-11-03 09:45:00,69.03,69.05,69.03,69.03,297248.0
2016-11-03 10:00:00,68.98,68.98,68.98,68.98,260088.0
2016-11-03 10:15:00,68.95,68.95,68.95,68.95,380254.0
2016-11-03 10:30:00,68.89,68.9,68.89,68.9,264065.0
2016-11-03 11:00:00,68.81,68.81,68.81,68.81,320971.0
2016-11-03 11:15:00,68.76,68.78,68.76,68.77,242771.0
2016-11-03 11:30:00,68.76,68.76,68.76,68.76,244712.0
2016-11-03 11:45:00,68.67,68.68,68.67,68.68,228295.0
2016-11-03 12:00:00,68.61,68.62,68.61,68.62,258298.0
2016-11-03 12:15:00,68.62,68.63,68.62,68.62,358755.0
2016-11-03 12:45:00,68.48,68.48,68.48,68.48,376742.0
2016-11-03 13:00:00,68.52,68.53,68.51,68.52,286006.0
2016-11-03 13:15:00,68.41,68.42,68.41,68.41,276289.0
2016-11-03 13:30:00,68.4,68.42,68.4,68.41,345704.0
2016-11-03 13:45:00,68.37,68.38,68.37,68.37,364549.0
2016-11-03 14:00:00,68.38,68.39,68.37,68.39,343379.0
2016-11-03 14:30:00,68.18,68.18,68.17,68.18,247183.0
2016-11-03 15:00:00,68.09,68.09,68.09,68.09,329178.0
2016-11-03 15:15:00,67.97,67.98,67.97,67.98,357616.0
2016-11-03 15:30:00,67.95,67.97,67.95,67.96,260421.0
2016-11-03 15:45:00,67.93,67.94,67.93,67.94,341196.0
2016-11-04 09:30:00,67.49,67.49,67.49,67.49,361697.0
2016-11-04 09:45:00,67.54,67.55,67.54,67.55,400264.0
2016-11-04 10:00:00,67.51,67.51,67.5,67.51,308913.0
2016-11-04 10:15:00,67.58,67.59,67.58,67.59,248944.0
2016-11-04 10:30:00,67.49,67.49,67.48,67.49,343245.0
2016-11-04 10:45:00,67.52,67.52,67.51,67.52,312199.0
2016-11-04 11:00:00,67.55,67.55,67.55,67.55,376717.0
2016-11-04 11:15:00,67.52,67.53,67.51,67.52,241917.0
2016-11-04 11:30:00,67.57,67.57,67.56,67.57,226999.0
2016-11-04 11:45:00,67.51,67.51,67.51,67.51,349574.0
2016-11-04 12:00:00,67.52,67.52,67.51,67.52,233533.0
2016-11-04 12:15:00,67.5,67.51,67.5,67.51,321291.0
2016-11-04 12:30:00,67.53,67.54,67.53,67.54,292098.0
2016-11-04 12:45:00,67.53,67.53,67.53,67.53,321900.0
2016-11-04 13:00:00,67.58,67.59,67.57,67.58,327932.0
2016-11-04 13:15:00,67.53,67.54,67.53,67.54,290532.0
2016-11-04 13:30:00,67.55,67.55,67.55,67.55,271717.0
2016-11-04 13:45:00,67.5,67.51,67.5,67.51,231407.0
2016-11-04 14:00:00,67.57,67.57,67.57,67.57,292033.0
2016-11-04 14:15:00,67.55,67.56,67.55,67.55,364991.0
2016-11-04 14:30:00,67.57,67.57,67.57,67.57,401210.0
2016-11-04 14:45:00,67.56,67.57,67.56,67.56,336964.0
2016-11-04 15:00:00,67.54,67.56,67.54,67.55,221997.0
2016-11-04 15:15:00,67.58,67.59,67.58,67.58,234915.0
2016-11-04 15:30:00,67.59,67.6,67.59,67.59,269170.0
2016-11-04 15:45:00,67.59,67.59,67.58,67.59,233112.0
2016-11-07 09:30:00,69.57,69.57,69.57,69.57,416186.0
2016-11-07 09:45:00,69.61,69.62,69.61,69.61,594985.0
2016-11-07 10:00:00,69.7,69.71,69.7,69.7,359436.0
2016-11-07 10:45:00,69.89,69.9,69.89,69.9,496029.0
2016-11-07 11:00:00,70.03,70.04,70.02,70.03,350067.0
2016-11-07 11:15:00,70.01,70.02,70.01,70.01,332650.0
2016-11-07 11:30:00,70.12,70.13,70.12,70.12,510523.0
2016-11-07 11:45:00,70.16,70.17,70.16,70.17,336409.0
2016-11-07 12:00:00,70.22,70.23,70.22,70.23,375573.0
2016-11-07 12:15:00,70.31,70.31,70.31,70.31,469483.0
2016-11-07 12:30:00,70.35,70.36,70.35,70.35,433924.0
2016-11-07 12:45:00,70.44,70.44,70.44,70.44,398829.0
2016-11-07 13:00:00,70.54,70.55,70.54,70.55,393762.0
2016-11-07 13:15:00,70.53,70.53,70.52,70.53,589680.0
2016-11-07 13:30:00,70.65,70.65,70.65,70.65,511223.0
2016-11-07 13:45:00,70.74,70.74,70.74,70.74,564387.0
2016-11-07 14:00:00,70.79,70.8,70.79,70.79,417193.0
2016-11-07 14:15:00,70.81,70.82,70.81,70.82,361662.0
2016-11-07 14:30:00,70.91,70.91,70.91,70.91,421477.0
2016-11-07 15:00:00,71.08,71.08,71.07,71.08,406383.0
2016-11-07 15:15:00,71.07,71.08,71.07,71.08,592467.0
2016-11-07 15:30:00,71.2,71.2,71.2,71.2,372270.0
2016-11-07 15:45:00,71.31,71.32,71.3,71.32,542194.0
2016-11-08 09:30:00,71.53,71.53,71.52,71.53,517970.0
2016-11-08 10:00:00,71.51,71.51,71.51,71.51,291089.0
2016-11-08 10:15:00,71.54,71.55,71.54,71.54,418076.0
2016-11-08 10:30:00,71.47,71.48,71.47,71.47,322086.0
2016-11-08 10:45:00,71.43,71.43,71.42,71.42,353737.0
2016-11-08 11:00:00,71.45,71.46,71.45,71.45,321427.0
2016-11-08 11:15:00,71.42,71.42,71.42,71.42,331735.0
2016-11-08 11:30:00,71.41,71.41,71.41,71.41,501195.0
2016-11-08 11:45:00,71.41,71.41,71.41,71.41,331421.0
2016-11-08 12:00:00,71.37,71.38,71.37,71.37,432617.0
2016-11-08 12:15:00,71.36,71.36,71.36,71.36,404159.0
2016-11-08 12:30:00,71.34,71.35,71.34,71.35,339564.0
2016-11-08 12:45:00,71.34,71.34,71.33,71.34,300477.0
2016-11-08 13:00:00,71.33,71.33,71.33,71.33,325285.0
2016-11-08 13:15:00,71.31,71.32,71.31,71.32,395239.0
2016-11-08 13:30:00,71.28,71.28,71.28,71.28,437270.0
2016-11-08 13:45:00,71.32,71.32,71.32,71.32,446072.0
2016-11-08 14:00:00,71.26,71.26,71.26,71.26,407663.0
2016-11-08 14:15:00,71.28,71.28,71.27,71.27,309809.0
2016-11-08 14:30:00,71.22,71.22,71.22,71.22,485657.0
2016-11-08 14:45:00,71.22,71.23,71.22,71.22,534905.0
2016-11-08 15:00:00,71.21,71.22,71.21,71.22,491768.0
2016-11-08 15:15:00,71.19,71.19,71.19,71.19,437419.0
2016-11-08 15:30:00,71.16,71.16,71.16,71.16,399841.0
2016-11-08 15:45:00,71.15,71.15,71.15,71.15,290809.0
2016-11-09 09:30:00,69.24,69.26,69.24,69.25,447549.0
2016-11-09 09:45:00,69.3,69.31,69.3,69.3,445306.0
2016-11-09 10:00:00,69.27,69.29,69.27,69.27,462530.0
2016-11-09 10:15:00,69.27,69.28,69.26,69.27,512723.0
2016-11-09 10:30:00,69.37,69.37,69.36,69.37,343177.0
2016-11-09 10:45:00,69.37,69.37,69.37,69.37,487845.0
2016-11-09 11:15:00,69.44,69.44,69.44,69.44,522567.0
2016-11-09 11:30:00,69.5,69.52,69.5,69.51,534094.0
2016-11-09 11:45:00,69.43,69.44,69.43,69.43,445854.0
2016-11-09 12:00:00,69.42,69.43,69.42,69.42,323630.0
2016-11-09 12:30:00,69.54,69.55,69.54,69.54,345906.0
2016-11-09 12:45:00,69.6,69.6,69.6,69.6,312330.0
2016-11-09 13:00:00,69.67,69.68,69.66,69.68,519621.0
2016-11-09 13:15:00,69.66,69.66,69.66,69.66,506471.0
2016-11-09 13:30:00,69.73,69.74,69.72,69.73,338988.0
2016-11-09 13:45:00,69.73,69.74,69.73,69.73,422254.0
2016-11-09 14:00:00,69.75,69.76,69.75,69.76,444920.0
2016-11-09 14:30:00,69.79,69.8,69.79,69.8,379488.0
2016-11-09 14:45:00,69.85,69.85,69.84,69.85,509590.0
2016-11-09 15:00:00,69.87,69.88,69.87,69.87,357824.0
2016-11-09 15:15:00,69.92,69.92,69.91,69.91,478556.0
2016-11-09 15:30:00,69.91,69.91,69.91,69.91,559511.0
2016-11-09 15:45:00,69.97,69.97,69.97,69.97,339301.0
2016-11-10 09:30:00,71.47,71.47,71.47,71.47,984041.0
2016-11-10 09:45:00,71.3,71.3,71.28,71.29,839462.0
2016-11-10 10:00:00,71.18,71.21,71.18,71.21,933033.0
2016-11-10 10:15:00,70.93,70.94,70.92,70.94,589154.0
2016-11-10 10:30:00,70.91,70.91,70.91,70.91,1042235.0
2016-11-10 10:45:00,70.74,70.75,70.74,70.75,654864.0
2016-11-10 11:00:00,70.55,70.55,70.55,70.55,952051.0
2016-11-10 11:15:00,70.42,70.43,70.42,70.42,959924.0
2016-11-10 11:30:00,70.31,70.33,70.31,70.33,726866.0
2016-11-10 11:45:00,70.16,70.17,70.15,70.17,1050797.0
2016-11-10 12:00:00,69.95,69.97,69.95,69.96,787155.0
2016-11-10 12:15:00,69.94,69.95,69.92,69.95,641698.0
2016-11-10 12:30:00,69.69,69.7,69.69,69.69,867466.0
2016-11-10 12:45:00,69.55,69.56,69.55,69.56,1005260.0
2016-11-10 13:00:00,69.32,69.34,69.32,69.32,764957.0
2016-11-10 13:15:00,69.28,69.28,69.25,69.27,934377.0
2016-11-10 13:30:00,69.11,69.13,69.11,69.12,1031203.0
2016-11-10 13:45:00,68.92,68.94,68.92,68.93,1015243.0
2016-11-10 14:00:00,68.8,68.81,68.8,68.81,639737.0
2016-11-10 14:15:00,68.72,68.74,68.72,68.73,811784.0
2016-11-10 14:30:00,68.58,68.59,68.58,68.59,632687.0
2016-11-10 15:00:00,68.22,68.23,68.22,68.23,883619.0
2016-11-10 15:15:00,68.2,68.23,68.2,68.21,1000155.0
2016-11-10 15:30:00,68.0,68.0,67.98,67.99,586092.0
2016-11-10 15:45:00,67.77,67.78,67.77,67.77,948283.0
2016-11-14 09:30:00,88.16,88.18,88.16,88.17,1173033.0
2016-11-14 09:45:00,87.98,87.99,87.98,87.99,910652.0
2016-11-14 10:00:00,87.69,87.71,87.69,87.69,1430249.0
2016-11-14 10:15:00,87.56,87.57,87.56,87.57,1174332.0
2016-11-14 10:30:00,87.3,87.32,87.29,87.31,1037978.0
2016-11-14 11:15:00,86.81,86.82,86.81,86.82,1371188.0
2016-11-14 12:00:00,86.3,86.32,86.3,86.31,1134135.0
2016-11-14 12:15:00,86.12,86.13,86.12,86.13,1256973.0
2016-11-14 12:30:00,86.0,86.02,86.0,86.01,1602478.0
2016-11-14 12:45:00,85.75,85.76,85.74,85.75,1192679.0
2016-11-14 13:00:00,85.64,85.64,85.64,85.64,1259917.0
2016-11-14 13:15:00,85.44,85.44,85.44,85.44,1504318.0
2016-11-14 13:30:00,85.23,85.25,85.23,85.24,1599563.0
2016-11-14 13:45:00,85.04,85.05,85.04,85.04,1646252.0
2016-11-14 14:00:00,84.91,84.91,84.91,84.91,1673424.0
2016-11-14 14:15:00,84.71,84.71,84.71,84.71,954466.0
2016-11-14 14:30:00,84.43,84.44,84.41,84.44,1340546.0
2016-11-14 14:45:00,84.16,84.17,84.16,84.16,1638927.0
2016-11-14 15:00:00,84.16,84.17,84.16,84.16,1529683.0
2016-11-14 15:15:00,84.01,84.03,84.01,84.01,1239963.0
2016-11-14 15:30:00,83.81,83.84,83.81,83.82,1376391.0
2016-11-14 15:45:00,83.62,83.62,83.62,83.62,1337581.0
2016-11-17 09:30:00,92.31,92.33,92.31,92.32,971325.0
2016-11-17 09:45:00,92.3,92.3,92.3,92.3,820176.0
2016-11-17 10:15:00,92.35,92.38,92.35,92.37,593315.0
2016-11-17 10:30:00,92.29,92.3,92.28,92.3,573272.0
2016-11-17 10:45:00,92.35,92.37,92.35,92.36,852237.0
2016-11-17 11:00:00,92.35,92.36,92.35,92.35,1034507.0
2016-11-17 11:15:00,92.33,92.34,92.33,92.34,747782.0
2016-11-17 11:30:00,92.35,92.36,92.34,92.34,864340.0
2016-11-17 11:45:00,92.42,92.44,92.41,92.43,993683.0
2016-11-17 12:00:00,92.33,92.34,92.32,92.33,694659.0
2016-11-17 12:15:00,92.36,92.37,92.36,92.36,633382.0
2016-11-17 12:45:00,92.4,92.41,92.39,92.39,625192.0
2016-11-17 13:00:00,92.35,92.36,92.33,92.34,563022.0
2016-11-17 13:15:00,92.32,92.33,92.31,92.32,568158.0
2016-11-17 13:30:00,92.46,92.47,92.44,92.47,917584.0
2016-11-17 13:45:00,92.39,92.39,92.38,92.39,758861.0
2016-11-17 14:00:00,92.4,92.4,92.39,92.39,625992.0
2016-11-17 14:15:00,92.35,92.35,92.35,92.35,604667.0
2016-11-17 14:30:00,92.37,92.38,92.37,92.38,1022578.0
2016-11-17 14:45:00,92.4,92.4,92.4,92.4,628040.0
2016-11-17 15:00:00,92.39,92.41,92.38,92.4,626258.0
2016-11-17 15:15:00,92.38,92.38,92.38,92.38,897819.0
2016-11-17 15:30:00,92.34,92.35,92.34,92.34,847913.0
2016-11-17 15:45:00,92.36,92.37,92.36,92.37,1033381.0
2016-11-18 09:30:00,92.39,92.4,92.39,92.39,437356.0
2016-11-18 09:45:00,92.42,92.42,92.42,92.42,602983.0
2016-11-18 10:00:00,92.47,92.48,92.47,92.47,455532.0
2016-11-18 10:15:00,92.49,92.49,92.49,92.49,492633.0
2016-11-18 10:30:00,92.57,92.58,92.57,92.58,533817.0
2016-11-18 10:45:00,92.55,92.56,92.55,92.56,644740.0
2016-11-18 11:00:00,92.56,92.57,92.55,92.56,643053.0
2016-11-18 11:30:00,92.73,92.74,92.73,92.74,480751.0
2016-11-18 11:45:00,92.71,92.71,92.7,92.71,404908.0
2016-11-18 12:00:00,92.78,92.78,92.78,92.78,408507.0
2016-11-18 12:15:00,92.84,92.84,92.84,92.84,624441.0
2016-11-18 12:30:00,92.86,92.87,92.86,92.87,409175.0
2016-11-18 12:45:00,92.89,92.9,92.89,92.9,647746.0
2016-11-18 13:00:00,92.93,92.93,92.92,92.93,655326.0
2016-11-18 13:15:00,92.97,92.98,92.97,92.98,481790.0
2016-11-18 13:30:00,92.97,92.99,92.97,92.98,606935.0
2016-11-18 13:45:00,92.99,93.0,92.99,92.99,601781.0
2016-11-18 14:00:00,93.11,93.12,93.11,93.12,560628.0
2016-11-18 14:15:00,93.13,93.15,93.13,93.13,598702.0
2016-11-18 14:30:00,93.16,93.16,93.16,93.16,579332.0
2016-11-18 14:45:00,93.2,93.21,93.2,93.2,564342.0
2016-11-18 15:00:00,93.31,93.31,93.31,93.31,492661.0
2016-11-18 15:15:00,93.29,93.29,93.29,93.29,390689.0
2016-11-18 15:45:00,93.36,93.37,93.36,93.36,683333.0
2016-11-21 09:30:00,94.05,94.05,94.04,94.05,317345.0
2016-11-21 09:45:00,94.05,94.05,94.05,94.05,350890.0
2016-11-21 10:00:00,94.0,94.0,94.0,94.0,523391.0
2016-11-21 10:15:00,93.95,93.95,93.95,93.95,415284.0
2016-11-21 10:30:00,93.84,93.85,93.84,93.85,461072.0
2016-11-21 10:45:00,93.87,93.87,93.87,93.87,470247.0
2016-11-21 11:00:00,93.83,93.83,93.83,93.83,522091.0
2016-11-21 11:15:00,93.81,93.81,93.8,93.8,318080.0
2016-11-21 11:30:00,93.7,93.72,93.7,93.7,436891.0
2016-11-21 11:45:00,93.67,93.67,93.66,93.67,483089.0
2016-11-21 12:00:00,93.67,93.68,93.67,93.67,436781.0
2016-11-21 12:15:00,93.58,93.59,93.58,93.58,303016.0
2016-11-21 12:30:00,93.55,93.57,93.55,93.55,403754.0
2016-11-21 12:45:00,93.52,93.52,93.52,93.52,443802.0
2016-11-21 13:00:00,93.46,93.47,93.46,93.47,372056.0
2016-11-21 13:15:00,93.4,93.4,93.39,93.4,351968.0
2016-11-21 14:00:00,93.3,93.31,93.3,93.31,536627.0
2016-11-21 14:30:00,93.24,93.24,93.24,93.24,351256.0
2016-11-21 14:45:00,93.16,93.16,93.15,93.16,411800.0
2016-11-21 15:00:00,93.1,93.11,93.1,93.11,451164.0
2016-11-21 15:15:00,93.03,93.04,93.03,93.03,406200.0
2016-11-21 15:30:00,93.05,93.05,93.05,93.05,378509.0
2016-11-21 15:45:00,92.96,92.97,92.96,92.97,509075.0
2016-11-22 09:30:00,93.28,93.29,93.28,93.28,267632.0
2016-11-22 09:45:00,93.31,93.31,93.31,93.31,243447.0
2016-11-22 10:00:00,93.35,93.35,93.34,93.35,371991.0
2016-11-22 10:15:00,93.37,93.37,93.37,93.37,287168.0
2016-11-22 10:45:00,93.38,93.38,93.38,93.38,305191.0
2016-11-22 11:00:00,93.38,93.39,93.38,93.38,283456.0
2016-11-22 11:15:00,93.4,93.4,93.4,93.4,264759.0
2016-11-22 11:30:00,93.41,93.41,93.41,93.41,390038.0
2016-11-22 11:45:00,93.44,93.45,93.44,93.45,292785.0
2016-11-22 12:00:00,93.46,93.46,93.46,93.46,270497.0
2016-11-22 12:15:00,93.45,93.46,93.45,93.45,385113.0
2016-11-22 12:30:00,93.47,93.48,93.47,93.47,357673.0
2016-11-22 12:45:00,93.48,93.49,93.48,93.49,227357.0
2016-11-22 13:00:00,93.53,93.53,93.53,93.53,332171.0
2016-11-22 13:15:00,93.52,93.52,93.52,93.52,293407.0
2016-11-22 13:30:00,93.52,93.52,93.52,93.52,343647.0
2016-11-22 13:45:00,93.54,93.54,93.54,93.54,307652.0
2016-11-22 14:00:00,93.54,93.55,93.54,93.55,356224.0
2016-11-22 14:15:00,93.58,93.59,93.58,93.59,371959.0
2016-11-22 14:30:00,93.57,93.58,93.57,93.57,370608.0
2016-11-22 15:00:00,93.61,93.61,93.61,93.61,256157.0
2016-11-22 15:15:00,93.62,93.62,93.62,93.62,400814.0
2016-11-22 15:30:00,93.63,93.63,93.63,93.63,390947.0
2016-11-22 15:45:00,93.63,93.64,93.63,93.63,272234.0
2016-11-23 09:30:00,93.82,93.83,93.82,93.83,427563.0
2016-11-23 09:45:00,93.75,93.77,93.75,93.75,305001.0
2016-11-23 10:00:00,93.64,93.65,93.64,93.65,305882.0
2016-11-23 10:15:00,93.75,93.75,93.75,93.75,431620.0
2016-11-23 10:30:00,93.8,93.8,93.79,93.8,551210.0
2016-11-23 10:45:00,93.81,93.82,93.81,93.82,398742.0
2016-11-23 11:00:00,93.79,93.8,93.79,93.79,356008.0
2016-11-23 11:15:00,93.81,93.82,93.81,93.81,506952.0
2016-11-23 11:30:00,93.8,93.81,93.8,93.81,474747.0
2016-11-23 12:15:00,93.87,93.88,93.87,93.87,311163.0
2016-11-23 12:30:00,93.9,93.92,93.9,93.91,545585.0
2016-11-23 12:45:00,93.86,93.87,93.86,93.87,552397.0
2016-11-23 13:15:00,93.86,93.86,93.85,93.86,509622.0
2016-11-23 13:30:00,93.86,93.87,93.85,93.86,463486.0
2016-11-23 13:45:00,93.89,93.89,93.88,93.89,454849.0
2016-11-23 14:00:00,93.89,93.89,93.89,93.89,400381.0
2016-11-23 14:15:00,93.89,93.9,93.89,93.89,466295.0
2016-11-23 14:30:00,93.93,93.93,93.93,93.93,510745.0
2016-11-23 14:45:00,93.95,93.96,93.95,93.96,439346.0
2016-11-23 15:00:00,93.93,93.94,93.93,93.93,340838.0
2016-11-23 15:15:00,93.94,93.95,93.94,93.94,452201.0
2016-11-23 15:45:00,93.93,93.95,93.93,93.93,358562.0
2016-11-25 09:30:00,94.4,94.41,94.4,94.4,164511.0
2016-11-25 09:45:00,94.4,94.4,94.39,94.4,145472.0
2016-11-25 10:00:00,94.4,94.41,94.4,94.41,204912.0
2016-11-25 10:15:00,94.39,94.39,94.39,94.39,147478.0
2016-11-25 10:30:00,94.37,94.37,94.37,94.37,239709.0
2016-11-25 10:45:00,94.36,94.36,94.36,94.36,198102.0
2016-11-25 11:00:00,94.36,94.36,94.36,94.36,230327.0
2016-11-25 11:15:00,94.34,94.34,94.34,94.34,141834.0
2016-11-25 11:30:00,94.33,94.34,94.33,94.34,243834.0
2016-11-25 11:45:00,94.35,94.35,94.35,94.35,221219.0
2016-11-25 12:00:00,94.33,94.33,94.33,94.33,210267.0
2016-11-25 12:15:00,94.3,94.3,94.3,94.3,195991.0
2016-11-25 12:30:00,94.29,94.3,94.29,94.29,184988.0
2016-11-25 12:45:00,94.25,94.26,94.25,94.25,169583.0
2016-11-25 13:00:00,94.32,94.32,94.32,94.32,239076.0
2016-11-25 13:15:00,94.3,94.3,94.29,94.3,184500.0
2016-11-25 13:30:00,94.28,94.29,94.28,94.29,221606.0
2016-11-25 13:45:00,94.24,94.24,94.24,94.24,197597.0
2016-11-25 14:00:00,94.22,94.22,94.22,94.22,233215.0
2016-11-25 14:15:00,94.21,94.21,94.21,94.21,160548.0
2016-11-25 14:30:00,94.2,94.2,94.2,94.2,233184.0
2016-11-25 14:45:00,94.19,94.19,94.18,94.19,214665.0
2016-11-25 15:00:00,94.19,94.19,94.19,94.19,153247.0
2016-11-25 15:15:00,94.13,94.14,94.13,94.13,154455.0
2016-11-25 15:30:00,94.16,94.16,94.16,94.16,231261.0
2016-11-25 15:45:00,94.16,94.16,94.16,94.16,144055.0
2016-11-28 09:30:00,93.87,93.87,93.87,93.87,267868.0
2016-11-28 09:45:00,93.87,93.87,93.87,93.87,214712.0
2016-11-28 10:00:00,93.89,93.9,93.89,93.89,217106.0
2016-11-28 10:15:00,93.9,93.91,93.9,93.91,267250.0
2016-11-28 10:30:00,93.93,93.94,93.93,93.94,275492.0
2016-11-28 10:45:00,93.93,93.94,93.93,93.94,307972.0
2016-11-28 11:00:00,93.91,93.91,93.91,93.91,225585.0
2016-11-28 11:15:00,93.92,93.92,93.92,93.92,248729.0
2016-11-28 11:30:00,93.95,93.95,93.94,93.95,190879.0
2016-11-28 11:45:00,93.93,93.94,93.93,93.93,311496.0
2016-11-28 12:00:00,93.98,93.98,93.98,93.98,193449.0
2016-11-28 12:15:00,93.98,93.99,93.98,93.98,301018.0
2016-11-28 12:30:00,93.97,93.98,93.97,93.98,282714.0
2016-11-28 12:45:00,93.97,93.98,93.97,93.98,345241.0
2016-11-28 13:00:00,94.0,94.0,94.0,94.0,253183.0
2016-11-28 13:30:00,94.02,94.03,94.02,94.02,347132.0
2016-11-28 13:45:00,94.01,94.02,94.01,94.01,193753.0
2016-11-28 14:00:00,94.01,94.02,94.01,94.02,214792.0
2016-11-28 14:15:00,94.04,94.04,94.04,94.04,219010.0
2016-11-28 14:30:00,94.05,94.05,94.05,94.05,280905.0
2016-11-28 14:45:00,94.08,94.08,94.08,94.08,203421.0
2016-11-28 15:00:00,94.1,94.1,94.1,94.1,335751.0
2016-11-28 15:15:00,94.1,94.1,94.1,94.1,242509.0
2016-11-28 15:30:00,94.09,94.09,94.09,94.09,208605.0
2016-11-28 15:45:00,94.1,94.1,94.1,94.1,253790.0
2016-11-29 09:30:00,93.99,94.0,93.99,93.99,450037.0
2016-11-29 09:45:00,93.98,93.98,93.98,93.98,401228.0
2016-11-29 10:00:00,93.94,93.94,93.94,93.94,521834.0
2016-11-29 10:15:00,93.96,93.97,93.96,93.96,428013.0
2016-11-29 10:30:00,93.89,93.9,93.89,93.9,409911.0
2016-11-29 10:45:00,93.86,93.86,93.85,93.86,457768.0
2016-11-29 11:00:00,93.82,93.83,93.82,93.82,543175.0
2016-11-29 11:15:00,93.77,93.77,93.76,93.77,369557.0
2016-11-29 11:30:00,93.76,93.77,93.76,93.76,397866.0
2016-11-29 11:45:00,93.73,93.74,93.73,93.73,357728.0
2016-11-29 12:00:00,93.7,93.71,93.7,93.71,399917.0
2016-11-29 12:15:00,93.64,93.64,93.63,93.64,406855.0
2016-11-29 12:30:00,93.64,93.64,93.64,93.64,493460.0
2016-11-29 12:45:00,93.64,93.64,93.64,93.64,466778.0
2016-11-29 13:00:00,93.58,93.58,93.58,93.58,555291.0
2016-11-29 13:15:00,93.53,93.53,93.53,93.53,359559.0
2016-11-29 13:30:00,93.52,93.52,93.52,93.52,441810.0
2016-11-29 13:45:00,93.53,93.54,93.53,93.53,337454.0
2016-11-29 14:00:00,93.46,93.46,93.46,93.46,332912.0
2016-11-29 14:15:00,93.45,93.45,93.45,93.45,468855.0
2016-11-29 14:30:00,93.44,93.45,93.44,93.45,538743.0
2016-11-29 14:45:00,93.37,93.37,93.37,93.37,547207.0
2016-11-29 15:00:00,93.34,93.34,93.34,93.34,546224.0
2016-11-29 15:30:00,93.31,93.31,93.31,93.31,480703.0
2016-11-29 15:45:00,93.28,93.28,93.27,93.28,489175.0
2016-11-30 09:30:00,93.59,93.6,93.59,93.6,410544.0
2016-11-30 09:45:00,93.56,93.58,93.56,93.56,342217.0
2016-11-30 10:00:00,93.48,93.49,93.48,93.48,453036.0
2016-11-30 10:15:00,93.42,93.43,93.42,93.43,422010.0
2016-11-30 10:45:00,93.33,93.33,93.33,93.33,421305.0
2016-11-30 11:00:00,93.26,93.27,93.26,93.26,312365.0
2016-11-30 11:15:00,93.2,93.2,93.2,93.2,425379.0
2016-11-30 11:30:00,93.14,93.14,93.14,93.14,451588.0
2016-11-30 11:45:00,93.1,93.1,93.1,93.1,526513.0
2016-11-30 12:00:00,93.07,93.07,93.07,93.07,341590.0
2016-11-30 12:15:00,92.97,92.98,92.97,92.97,404748.0
2016-11-30 12:30:00,92.93,92.93,92.93,92.93,443864.0
2016-11-30 12:45:00,92.88,92.88,92.87,92.88,488193.0
2016-11-30 13:00:00,92.8,92.81,92.8,92.81,480712.0
2016-11-30 13:15:00,92.74,92.75,92.74,92.74,363355.0
2016-11-30 13:45:00,92.61,92.62,92.61,92.62,399958.0
2016-11-30 14:00:00,92.6,92.61,92.6,92.61,459702.0
2016-11-30 14:30:00,92.46,92.46,92.45,92.46,348123.0
2016-11-30 14:45:00,92.41,92.42,92.4,92.41,441276.0
2016-11-30 15:00:00,92.33,92.34,92.33,92.34,532211.0
2016-11-30 15:15:00,92.28,92.28,92.28,92.28,457814.0
2016-11-30 15:30:00,92.26,92.27,92.26,92.26,420628.0
2016-11-30 15:45:00,92.16,92.16,92.16,92.16,389401.0
2016-12-02 09:45:00,86.4,86.42,86.4,86.4,352586.0
2016-12-02 10:00:00,86.45,86.45,86.44,86.45,585166.0
2016-12-02 10:15:00,86.5,86.5,86.49,86.5,440696.0
2016-12-02 10:30:00,86.68,86.69,86.66,86.68,359041.0
2016-12-02 10:45:00,86.69,86.69,86.69,86.69,594546.0
2016-12-02 11:00:00,86.71,86.73,86.7,86.72,362271.0
2016-12-02 11:15:00,86.9,86.9,86.89,86.9,448852.0
2016-12-02 11:30:00,86.95,86.96,86.95,86.96,558519.0
2016-12-02 11:45:00,87.06,87.06,87.05,87.06,361868.0
2016-12-02 12:00:00,87.13,87.15,87.13,87.14,428575.0
2016-12-02 12:30:00,87.34,87.36,87.34,87.35,475864.0
2016-12-02 12:45:00,87.41,87.42,87.41,87.42,526874.0
2016-12-02 13:00:00,87.47,87.47,87.47,87.47,541383.0
2016-12-02 13:15:00,87.59,87.6,87.59,87.6,459137.0
2016-12-02 13:30:00,87.74,87.76,87.73,87.74,484596.0
2016-12-02 13:45:00,87.8,87.82,87.8,87.82,444345.0
2016-12-02 14:00:00,87.79,87.79,87.78,87.79,365681.0
2016-12-02 14:15:00,87.9,87.92,87.9,87.91,329236.0
2016-12-02 14:30:00,88.01,88.01,88.0,88.0,450543.0
2016-12-02 15:00:00,88.21,88.21,88.21,88.21,565223.0
2016-12-02 15:15:00,88.3,88.32,88.3,88.3,421693.0
2016-12-02 15:30:00,88.36,88.37,88.36,88.37,582057.0
2016-12-02 15:45:00,88.51,88.53,88.51,88.52,369286.0
2016-12-05 09:30:00,90.0,90.01,89.99,90.0,558632.0
2016-12-05 09:45:00,90.09,90.09,90.08,90.08,643898.0
2016-12-05 10:15:00,90.2,90.2,90.2,90.2,751319.0
2016-12-05 10:30:00,90.25,90.26,90.25,90.26,744656.0
2016-12-05 10:45:00,90.37,90.38,90.37,90.37,486400.0
2016-12-05 11:00:00,90.48,90.48,90.47,90.48,672983.0
2016-12-05 11:15:00,90.53,90.54,90.53,90.54,483824.0
2016-12-05 11:30:00,90.61,90.61,90.61,90.61,718695.0
2016-12-05 11:45:00,90.7,90.71,90.69,90.7,742311.0
2016-12-05 12:00:00,90.71,90.72,90.69,90.71,455948.0
2016-12-05 12:15:00,90.93,90.94,90.93,90.94,496351.0
2016-12-05 12:30:00,90.84,90.85,90.84,90.84,431249.0
2016-12-05 12:45:00,91.01,91.03,91.01,91.02,545918.0
2016-12-05 13:00:00,91.06,91.06,91.06,91.06,643536.0
2016-12-05 13:15:00,91.17,91.18,91.15,91.18,435984.0
2016-12-05 13:30:00,91.28,91.29,91.27,91.29,466657.0
2016-12-05 13:45:00,91.24,91.26,91.23,91.24,524537.0
2016-12-05 14:15:00,91.44,91.45,91.44,91.44,661764.0
2016-12-05 14:30:00,91.5,91.51,91.5,91.51,722517.0
2016-12-05 14:45:00,91.62,91.62,91.62,91.62,506531.0
2016-12-05 15:00:00,91.67,91.67,91.66,91.67,506913.0
2016-12-05 15:30:00,91.79,91.8,91.79,91.8,557754.0
2016-12-07 09:30:00,92.85,92.86,92.85,92.86,433570.0
2016-12-07 09:45:00,92.92,92.93,92.92,92.92,574110.0
2016-12-07 10:00:00,92.93,92.94,92.92,92.94,373166.0
2016-12-07 10:15:00,93.1,93.11,93.1,93.1,473312.0
2016-12-07 10:30:00,93.19,93.19,93.19,93.19,503580.0
2016-12-07 10:45:00,93.2,93.21,93.19,93.2,492840.0
2016-12-07 11:15:00,93.44,93.45,93.44,93.45,600641.0
2016-12-07 11:30:00,93.5,93.51,93.5,93.5,331303.0
2016-12-07 12:00:00,93.72,93.72,93.72,93.72,518452.0
2016-12-07 12:15:00,93.79,93.8,93.79,93.79,400809.0
2016-12-07 12:30:00,93.91,93.93,93.91,93.92,539680.0
2016-12-07 12:45:00,94.04,94.05,94.04,94.04,393002.0
2016-12-07 13:00:00,94.05,94.06,94.04,94.05,515251.0
2016-12-07 13:15:00,94.24,94.24,94.23,94.24,546397.0
2016-12-07 13:30:00,94.19,94.2,94.18,94.19,464788.0
2016-12-07 13:45:00,94.4,94.41,94.39,94.39,543850.0
2016-12-07 14:00:00,94.38,94.39,94.37,94.38,379824.0
2016-12-07 14:15:00,94.53,94.53,94.53,94.53,464336.0
2016-12-07 14:45:00,94.71,94.71,94.7,94.71,525820.0
2016-12-07 15:00:00,94.81,94.81,94.81,94.81,412449.0
2016-12-07 15:15:00,94.83,94.84,94.83,94.84,363352.0
2016-12-07 15:30:00,94.98,94.99,94.98,94.98,402394.0
2016-12-07 15:45:00,95.12,95.13,95.12,95.13,583048.0
2016-12-08 09:30:00,95.13,95.14,95.13,95.14,435506.0
2016-12-08 09:45:00,95.13,95.15,95.13,95.13,307806.0
2016-12-08 10:00:00,95.11,95.12,95.11,95.12,404838.0
2016-12-08 10:15:00,95.03,95.05,95.03,95.04,413747.0
2016-12-08 10:30:00,94.9,94.91,94.9,94.9,338434.0
2016-12-08 10:45:00,94.82,94.83,94.82,94.83,298510.0
2016-12-08 11:00:00,94.72,94.72,94.72,94.72,412361.0
2016-12-08 11:15:00,94.71,94.71,94.71,94.71,415205.0
2016-12-08 11:30:00,94.66,94.67,94.66,94.67,287805.0
2016-12-08 12:00:00,94.49,94.5,94.49,94.49,310079.0
2016-12-08 12:15:00,94.46,94.48,94.46,94.48,442796.0
2016-12-08 12:30:00,94.39,94.4,94.39,94.39,340707.0
2016-12-08 12:45:00,94.3,94.31,94.3,94.31,383264.0
2016-12-08 13:00:00,94.24,94.26,94.24,94.25,472900.0
2016-12-08 13:15:00,94.17,94.18,94.17,94.17,428068.0
2016-12-08 13:30:00,94.11,94.12,94.11,94.12,368502.0
2016-12-08 13:45:00,93.99,93.99,93.98,93.99,277258.0
2016-12-08 14:00:00,93.99,93.99,93.98,93.99,279257.0
2016-12-08 14:15:00,93.89,93.9,93.89,93.89,404339.0
2016-12-08 14:30:00,93.81,93.81,93.81,93.81,328064.0
2016-12-08 15:00:00,93.64,93.65,93.64,93.64,396356.0
2016-12-08 15:15:00,93.62,93.63,93.62,93.63,418664.0
2016-12-08 15:30:00,93.56,93.56,93.55,93.55,257868.0
2016-12-08 15:45:00,93.48,93.49,93.47,93.48,301252.0
2016-12-12 09:30:00,89.83,89.84,89.83,89.84,717306.0
2016-12-12 09:45:00,89.83,89.84,89.83,89.84,625912.0
2016-12-12 10:00:00,89.81,89.81,89.81,89.81,679697.0
2016-12-12 10:15:00,89.82,89.83,89.82,89.82,563310.0
2016-12-12 10:30:00,89.81,89.82,89.81,89.81,454868.0
2016-12-12 10:45:00,89.8,89.8,89.8,89.8,606980.0
2016-12-12 11:00:00,89.79,89.79,89.78,89.79,530487.0
2016-12-12 11:15:00,89.78,89.78,89.78,89.78,724838.0
2016-12-12 11:45:00,89.76,89.76,89.76,89.76,613400.0
2016-12-12 12:00:00,89.73,89.73,89.73,89.73,726141.0
2016-12-12 12:15:00,89.69,89.71,89.69,89.69,536163.0
2016-12-12 12:30:00,89.72,89.74,89.72,89.73,457200.0
2016-12-12 12:45:00,89.66,89.67,89.66,89.67,443632.0
2016-12-12 13:00:00,89.73,89.73,89.73,89.73,595551.0
2016-12-12 13:15:00,89.69,89.69,89.69,89.69,550209.0
2016-12-12 13:30:00,89.76,89.76,89.75,89.76,484144.0
2016-12-12 13:45:00,89.73,89.74,89.73,89.73,668984.0
2016-12-12 14:00:00,89.66,89.67,89.66,89.67,686396.0
2016-12-12 14:15:00,89.65,89.66,89.65,89.66,410641.0
2016-12-12 14:30:00,89.62,89.63,89.62,89.62,618292.0
2016-12-12 14:45:00,89.66,89.68,89.66,89.66,727947.0
2016-12-12 15:00:00,89.63,89.64,89.63,89.64,608608.0
2016-12-12 15:15:00,89.62,89.62,89.61,89.62,657278.0
2016-12-12 15:30:00,89.6,89.61,89.6,89.6,551394.0
2016-12-12 15:45:00,89.6,89.6,89.6,89.6,687220.0
2016-12-15 09:30:00,96.91,96.91,96.91,96.91,630089.0
2016-12-15 09:45:00,96.96,96.97,96.95,96.97,883580.0
2016-12-15 10:00:00,97.06,97.07,97.06,97.06,917116.0
2016-12-15 10:15:00,97.13,97.13,97.12,97.13,702091.0
2016-12-15 10:30:00,97.17,97.17,97.17,97.17,516201.0
2016-12-15 10:45:00,97.26,97.26,97.26,97.26,748488.0
2016-12-15 11:15:00,97.45,97.46,97.45,97.46,519128.0
2016-12-15 11:45:00,97.55,97.55,97.55,97.55,783508.0
2016-12-15 12:00:00,97.63,97.64,97.63,97.64,748603.0
2016-12-15 12:15:00,97.7,97.71,97.7,97.7,719336.0
2016-12-15 12:30:00,97.87,97.89,97.87,97.88,848172.0
2016-12-15 13:00:00,97.91,97.91,97.9,97.91,624455.0
2016-12-15 13:15:00,98.0,98.02,98.0,98.0,688375.0
2016-12-15 13:30:00,98.15,98.16,98.14,98.15,771913.0
2016-12-15 13:45:00,98.02,98.04,98.01,98.02,594093.0
2016-12-15 14:15:00,98.28,98.29,98.28,98.29,791891.0
2016-12-15 14:30:00,98.36,98.37,98.36,98.36,920663.0
2016-12-15 14:45:00,98.49,98.5,98.49,98.49,686891.0
2016-12-15 15:00:00,98.51,98.53,98.5,98.51,647006.0
2016-12-15 15:15:00,98.58,98.59,98.57,98.59,570022.0
2016-12-15 15:30:00,98.65,98.65,98.64,98.65,801830.0
2016-12-15 15:45:00,98.7,98.71,98.7,98.7,685775.0
2016-12-16 09:30:00,99.84,99.84,99.84,99.84,1144076.0
2016-12-16 09:45:00,99.77,99.78,99.76,99.77,1189110.0
2016-12-16 10:00:00,99.84,99.85,99.84,99.84,792663.0
2016-12-16 10:15:00,99.89,99.89,99.89,99.89,1253602.0
2016-12-16 10:30:00,99.93,99.93,99.92,99.93,1320792.0
2016-12-16 10:45:00,99.95,99.97,99.95,99.95,1182062.0
2016-12-16 11:00:00,99.99,100.0,99.99,99.99,911831.0
2016-12-16 11:15:00,99.94,99.95,99.94,99.95,1299570.0
2016-12-16 11:45:00,100.05,100.05,100.05,100.05,738820.0
2016-12-16 12:00:00,100.05,100.05,100.05,100.05,1128805.0
2016-12-16 12:15:00,100.08,100.08,100.08,100.08,1081178.0
2016-12-16 12:45:00,100.13,100.14,100.13,100.13,1329439.0
2016-12-16 13:00:00,100.15,100.15,100.15,100.15,749975.0
2016-12-16 13:15:00,100.06,100.07,100.06,100.07,1249371.0
2016-12-16 13:30:00,100.22,100.22,100.22,100.22,1051682.0
2016-12-16 13:45:00,100.22,100.23,100.22,100.22,1076792.0
2016-12-16 14:00:00,100.23,100.23,100.23,100.23,837320.0
2016-12-16 14:15:00,100.34,100.35,100.34,100.34,1291239.0
2016-12-16 14:30:00,100.32,100.33,100.31,100.33,909553.0
2016-12-16 14:45:00,100.3,100.3,100.3,100.3,1075776.0
2016-12-16 15:00:00,100.33,100.34,100.33,100.33,1307729.0
2016-12-16 15:15:00,100.35,100.35,100.35,100.35,801580.0
2016-12-16 15:30:00,100.38,100.39,100.38,100.38,994334.0
2016-12-16 15:45:00,100.4,100.41,100.4,100.41,1145486.0
2016-12-20 09:30:00,104.56,104.57,104.56,104.57,610291.0
2016-12-20 09:45:00,104.6,104.6,104.6,104.6,837157.0
2016-12-20 10:00:00,104.62,104.62,104.62,104.62,656618.0
2016-12-20 10:15:00,104.67,104.67,104.66,104.67,978518.0
2016-12-20 10:30:00,104.68,104.68,104.68,104.68,786325.0
2016-12-20 10:45:00,104.67,104.68,104.67,104.68,813997.0
2016-12-20 11:00:00,104.7,104.71,104.7,104.71,695269.0
2016-12-20 11:15:00,104.74,104.75,104.74,104.74,813917.0
2016-12-20 11:30:00,104.79,104.79,104.79,104.79,673768.0
2016-12-20 11:45:00,104.79,104.8,104.79,104.79,1046774.0
2016-12-20 12:00:00,104.8,104.8,104.8,104.8,630398.0
2016-12-20 12:15:00,104.86,104.87,104.86,104.86,834469.0
2016-12-20 12:30:00,104.87,104.87,104.87,104.87,754852.0
2016-12-20 12:45:00,104.85,104.85,104.84,104.85,754000.0
2016-12-20 13:00:00,104.9,104.9,104.9,104.9,614410.0
2016-12-20 13:15:00,104.91,104.91,104.9,104.91,712893.0
2016-12-20 13:30:00,104.92,104.93,104.92,104.92,582056.0
2016-12-20 13:45:00,104.94,104.95,104.94,104.94,818659.0
2016-12-20 14:00:00,105.0,105.01,105.0,105.0,685316.0
2016-12-20 14:15:00,105.03,105.03,105.03,105.03,758693.0
2016-12-20 14:30:00,105.04,105.05,105.04,105.04,736968.0
2016-12-20 14:45:00,105.07,105.08,105.07,105.08,859460.0
2016-12-20 15:00:00,105.11,105.11,105.11,105.11,834845.0
2016-12-20 15:15:00,105.16,105.16,105.16,105.16,830228.0
2016-12-20 15:30:00,105.15,105.16,105.15,105.15,827244.0
2016-12-20 15:45:00,105.17,105.17,105.17,105.17,1053986.0
2016-12-21 09:45:00,105.68,105.69,105.68,105.68,574624.0
2016-12-21 10:00:00,105.65,105.65,105.65,105.65,461240.0
2016-12-21 10:15:00,105.67,105.68,105.67,105.68,446247.0
2016-12-21 10:30:00,105.68,105.68,105.67,105.68,706291.0
2016-12-21 10:45:00,105.69,105.7,105.68,105.69,518998.0
2016-12-21 11:00:00,105.66,105.66,105.66,105.66,577925.0
2016-12-21 11:15:00,105.71,105.72,105.71,105.71,710288.0
2016-12-21 11:30:00,105.71,105.71,105.71,105.71,560961.0
2016-12-21 11:45:00,105.72,105.72,105.72,105.72,691669.0
2016-12-21 12:00:00,105.71,105.72,105.7,105.71,639336.0
2016-12-21 12:15:00,105.68,105.69,105.68,105.69,389254.0
2016-12-21 12:30:00,105.73,105.73,105.73,105.73,435297.0
2016-12-21 12:45:00,105.67,105.68,105.67,105.68,432676.0
2016-12-21 13:00:00,105.75,105.75,105.75,105.75,538853.0
2016-12-21 13:15:00,105.77,105.78,105.76,105.77,487765.0
2016-12-21 13:30:00,105.71,105.72,105.7,105.71,389244.0
2016-12-21 13:45:00,105.71,105.72,105.71,105.71,510931.0
2016-12-21 14:00:00,105.76,105.76,105.76,105.76,654358.0
2016-12-21 14:15:00,105.79,105.79,105.79,105.79,420015.0
2016-12-21 14:30:00,105.78,105.79,105.77,105.77,522372.0
2016-12-21 14:45:00,105.79,105.8,105.79,105.8,715838.0
2016-12-21 15:00:00,105.84,105.86,105.84,105.85,632302.0
2016-12-21 15:15:00,105.8,105.81,105.8,105.81,541436.0
2016-12-21 15:30:00,105.82,105.82,105.82,105.82,541752.0
2016-12-21 15:45:00,105.84,105.84,105.84,105.84,498781.0
2016-12-22 09:30:00,106.85,106.86,106.84,106.85,696772.0
2016-12-22 09:45:00,106.84,106.84,106.84,106.84,643272.0
2016-12-22 10:15:00,106.83,106.84,106.83,106.83,682010.0
2016-12-22 10:30:00,106.87,106.87,106.86,106.87,546793.0
2016-12-22 10:45:00,106.9,106.9,106.89,106.9,703758.0
2016-12-22 11:00:00,106.88,106.89,106.88,106.89,880120.0
2016-12-22 11:30:00,106.92,106.92,106.92,106.92,508414.0
2016-12-22 11:45:00,106.93,106.94,106.93,106.94,503268.0
2016-12-22 12:00:00,106.94,106.94,106.94,106.94,639553.0
2016-12-22 12:15:00,106.88,106.88,106.87,106.88,670197.0
2016-12-22 12:30:00,106.95,106.96,106.95,106.95,573396.0
2016-12-22 12:45:00,107.02,107.02,107.01,107.02,640877.0
2016-12-22 13:00:00,106.97,106.97,106.97,106.97,630735.0
2016-12-22 13:15:00,106.97,106.99,106.97,106.98,539492.0
2016-12-22 13:30:00,107.02,107.03,107.02,107.02,822622.0
2016-12-22 13:45:00,107.02,107.03,107.02,107.02,834272.0
2016-12-22 14:00:00,107.05,107.05,107.05,107.05,789482.0
2016-12-22 14:15:00,107.0,107.02,106.99,107.01,557258.0
2016-12-22 14:30:00,107.06,107.07,107.06,107.06,676210.0
2016-12-22 14:45:00,107.06,107.06,107.06,107.06,597646.0
2016-12-22 15:00:00,107.05,107.06,107.05,107.05,854514.0
2016-12-22 15:30:00,107.12,107.12,107.12,107.12,507017.0
2016-12-23 09:30:00,106.35,106.37,106.35,106.36,784463.0
2016-12-23 09:45:00,106.49,106.51,106.49,106.5,497806.0
2016-12-23 10:00:00,106.65,106.66,106.65,106.66,458169.0
2016-12-23 10:15:00,106.78,106.79,106.78,106.78,588435.0
2016-12-23 10:30:00,106.92,106.92,106.92,106.92,639718.0
2016-12-23 10:45:00,107.15,107.16,107.13,107.16,488267.0
2016-12-23 11:00:00,107.16,107.16,107.16,107.16,567035.0
2016-12-23 11:15:00,107.4,107.42,107.4,107.4,724057.0
2016-12-23 11:30:00,107.45,107.46,107.44,107.45,521635.0
2016-12-23 11:45:00,107.59,107.6,107.59,107.59,537286.0
2016-12-23 12:00:00,107.69,107.69,107.69,107.69,577186.0
2016-12-23 12:15:00,107.91,107.91,107.91,107.91,506749.0
2016-12-23 12:45:00,108.11,108.12,108.11,108.12,660755.0
2016-12-23 13:00:00,108.31,108.32,108.31,108.32,484863.0
2016-12-23 13:15:00,108.37,108.39,108.37,108.38,728020.0
2016-12-23 13:30:00,108.57,108.6,108.57,108.57,631667.0
2016-12-23 13:45:00,108.7,108.72,108.7,108.71,630424.0
2016-12-23 14:00:00,108.79,108.81,108.79,108.79,777123.0
2016-12-23 14:15:00,108.89,108.91,108.89,108.9,688576.0
2016-12-23 14:45:00,109.22,109.23,109.21,109.21,703293.0
2016-12-23 15:00:00,109.36,109.36,109.36,109.36,567012.0
2016-12-23 15:15:00,109.51,109.52,109.5,109.52,723636.0
2016-12-23 15:30:00,109.65,109.65,109.65,109.65,803249.0
2016-12-23 15:45:00,109.77,109.78,109.77,109.77,537950.0
2016-12-30 09:30:00,111.37,111.4,111.36,111.38,1137094.0
2016-12-30 09:45:00,111.13,111.14,111.13,111.14,974814.0
2016-12-30 10:00:00,110.95,110.95,110.95,110.95,1382446.0
2016-12-30 10:15:00,110.85,110.87,110.83,110.85,1396269.0
2016-12-30 10:30:00,110.58,110.61,110.58,110.6,874102.0
2016-12-30 10:45:00,110.44,110.45,110.43,110.43,1220068.0
2016-12-30 11:00:00,110.39,110.4,110.38,110.39,871342.0
2016-12-30 11:15:00,110.0,110.02,110.0,110.0,1406703.0
2016-12-30 11:30:00,109.91,109.91,109.91,109.91,1501941.0
2016-12-30 11:45:00,109.67,109.69,109.66,109.68,870515.0
2016-12-30 12:00:00,109.42,109.43,109.42,109.43,898812.0
2016-12-30 12:15:00,109.33,109.33,109.33,109.33,1112373.0
2016-12-30 12:45:00,108.95,108.96,108.94,108.95,861291.0
2016-12-30 13:00:00,108.76,108.77,108.76,108.77,942437.0
2016-12-30 13:15:00,108.54,108.55,108.53,108.54,965990.0
2016-12-30 13:30:00,108.41,108.41,108.4,108.41,1223831.0
2016-12-30 13:45:00,108.21,108.21,108.2,108.21,1196821.0
2016-12-30 14:00:00,108.0,108.01,108.0,108.01,1320951.0
2016-12-30 14:15:00,107.82,107.83,107.8,107.82,833592.0
2016-12-30 14:30:00,107.53,107.57,107.53,107.54,1259787.0
2016-12-30 14:45:00,107.57,107.58,107.57,107.57,1415693.0
2016-12-30 15:00:00,107.39,107.4,107.38,107.4,1348923.0
2016-12-30 15:45:00,106.72,106.73,106.72,106.72,1122629.0
2017-01-03 09:30:00,104.31,104.33,104.31,104.31,1148151.0
2017-01-03 09:45:00,104.31,104.31,104.31,104.31,1469871.0
2017-01-03 10:00:00,104.2,104.2,104.2,104.2,1791078.0
2017-01-03 10:15:00,104.14,104.14,104.14,104.14,1659246.0
2017-01-03 10:30:00,104.06,104.1,104.06,104.06,1346348.0
2017-01-03 10:45:00,103.94,103.95,103.93,103.94,1499304.0
2017-01-03 11:00:00,103.8,103.81,103.79,103.79,1203997.0
2017-01-03 11:30:00,103.6,103.62,103.6,103.62,1290456.0
2017-01-03 11:45:00,103.61,103.63,103.59,103.62,1686677.0
2017-01-03 12:00:00,103.48,103.48,103.47,103.48,1284645.0
2017-01-03 12:15:00,103.32,103.33,103.31,103.33,1677246.0
2017-01-03 12:30:00,103.4,103.42,103.39,103.41,1241044.0
2017-01-03 13:00:00,102.98,103.0,102.97,102.99,1813340.0
2017-01-03 13:30:00,102.76,102.79,102.73,102.77,1021648.0
2017-01-03 13:45:00,102.81,102.84,102.81,102.82,1431284.0
2017-01-03 14:00:00,102.62,102.64,102.62,102.63,1612763.0
2017-01-03 14:15:00,102.43,102.46,102.42,102.44,1690026.0
2017-01-03 14:30:00,102.51,102.51,102.51,102.51,1437866.0
2017-01-03 14:45:00,102.36,102.36,102.35,102.35,1016917.0
2017-01-03 15:00:00,102.26,102.28,102.25,102.26,1467593.0
2017-01-03 15:15:00,102.16,102.17,102.16,102.17,1416056.0
2017-01-03 15:30:00,102.06,102.07,102.06,102.06,1829153.0
2017-01-03 15:45:00,101.84,101.87,101.83,101.83,1530595.0
2017-01-04 09:30:00,103.36,103.38,103.36,103.37,1301739.0
2017-01-04 09:45:00,103.37,103.39,103.36,103.38,1197580.0
2017-01-04 10:00:00,103.47,103.47,103.47,103.47,1208520.0
2017-01-04 10:15:00,103.51,103.51,103.51,103.51,953155.0
2017-01-04 10:30:00,103.56,103.57,103.56,103.57,1394987.0
2017-01-04 11:00:00,103.63,103.64,103.63,103.63,1421459.0
2017-01-04 11:15:00,103.64,103.65,103.64,103.64,1457909.0
2017-01-04 11:30:00,103.65,103.67,103.64,103.66,1437891.0
2017-01-04 12:00:00,103.73,103.74,103.73,103.73,1243019.0
2017-01-04 12:15:00,103.9,103.91,103.89,103.9,1340415.0
2017-01-04 12:30:00,103.87,103.88,103.87,103.88,1362858.0
2017-01-04 12:45:00,103.87,103.88,103.87,103.87,1061165.0
2017-01-04 13:00:00,103.95,103.97,103.94,103.94,971222.0
2017-01-04 13:15:00,103.82,103.83,103.81,103.82,862497.0
2017-01-04 13:30:00,104.02,104.03,104.02,104.03,1309217.0
2017-01-04 13:45:00,104.06,104.07,104.06,104.06,933021.0
2017-01-04 14:00:00,104.12,104.12,104.12,104.12,848829.0
2017-01-04 14:15:00,104.15,104.16,104.15,104.15,1378235.0
2017-01-04 14:30:00,104.13,104.16,104.12,104.14,1386568.0
2017-01-04 14:45:00,104.26,104.27,104.26,104.26,1358259.0
2017-01-04 15:00:00,104.24,104.25,104.23,104.24,1236208.0
2017-01-04 15:15:00,104.31,104.32,104.31,104.31,1345980.0
2017-01-04 15:30:00,104.3,104.32,104.29,104.31,1359146.0
2017-01-04 15:45:00,104.39,104.39,104.39,104.39,960704.0
2017-01-05 09:30:00,104.56,104.57,104.56,104.56,1093627.0
2017-01-05 09:45:00,104.34,104.34,104.33,104.34,1065080.0
2017-01-05 10:00:00,104.34,104.35,104.34,104.34,671043.0
2017-01-05 10:15:00,104.2,104.2,104.2,104.2,1161439.0
2017-01-05 10:30:00,104.29,104.32,104.28,104.29,1169956.0
2017-01-05 10:45:00,104.07,104.07,104.06,104.07,988887.0
2017-01-05 11:15:00,103.71,103.71,103.7,103.71,1045221.0
2017-01-05 11:30:00,103.65,103.66,103.65,103.66,792798.0
2017-01-05 11:45:00,103.56,103.57,103.56,103.56,954690.0
2017-01-05 12:15:00,103.34,103.34,103.34,103.34,1147288.0
2017-01-05 12:30:00,103.19,103.19,103.19,103.19,718916.0
2017-01-05 12:45:00,103.09,103.09,103.09,103.09,712149.0
2017-01-05 13:00:00,103.0,103.01,103.0,103.0,955467.0
2017-01-05 13:15:00,102.77,102.78,102.77,102.77,1054942.0
2017-01-05 13:30:00,102.76,102.78,102.75,102.77,705423.0
2017-01-05 13:45:00,102.66,102.67,102.66,102.67,810573.0
2017-01-05 14:00:00,102.37,102.39,102.35,102.37,865218.0
2017-01-05 14:15:00,102.36,102.38,102.34,102.37,842548.0
2017-01-05 14:30:00,102.3,102.34,102.29,102.31,773188.0
2017-01-05 14:45:00,102.15,102.17,102.14,102.15,1187136.0
2017-01-05 15:00:00,102.13,102.14,102.12,102.13,817401.0
2017-01-05 15:15:00,101.94,101.95,101.94,101.95,783766.0
2017-01-05 15:30:00,101.81,101.82,101.81,101.82,1039137.0
2017-01-05 15:45:00,101.81,101.83,101.81,101.81,1101636.0
2017-01-06 09:45:00,102.85,102.85,102.85,102.85,989157.0
2017-01-06 10:00:00,102.89,102.9,102.88,102.9,1018178.0
2017-01-06 10:15:00,102.83,102.84,102.83,102.84,730455.0
2017-01-06 10:45:00,102.89,102.9,102.89,102.89,864391.0
2017-01-06 11:00:00,102.89,102.9,102.88,102.89,825541.0
2017-01-06 11:15:00,103.03,103.05,103.03,103.05,947924.0
2017-01-06 11:30:00,102.93,102.94,102.93,102.93,871583.0
2017-01-06 11:45:00,102.98,102.99,102.97,102.98,955240.0
2017-01-06 12:00:00,102.91,102.93,102.91,102.93,588377.0
2017-01-06 12:15:00,102.94,102.96,102.94,102.94,976912.0
2017-01-06 12:30:00,102.97,102.98,102.97,102.97,938457.0
2017-01-06 12:45:00,102.93,102.93,102.92,102.93,691424.0
2017-01-06 13:00:00,102.93,102.94,102.92,102.93,982620.0
2017-01-06 13:15:00,103.01,103.01,103.01,103.01,804469.0
2017-01-06 13:30:00,103.08,103.09,103.07,103.08,750958.0
2017-01-06 13:45:00,103.0,103.01,102.99,103.01,1000474.0
2017-01-06 14:00:00,103.01,103.03,103.01,103.02,829843.0
2017-01-06 14:15:00,102.97,102.98,102.97,102.98,591587.0
2017-01-06 14:30:00,103.07,103.09,103.07,103.08,706134.0
2017-01-06 14:45:00,103.07,103.08,103.06,103.07,609074.0
2017-01-06 15:00:00,103.06,103.06,103.05,103.06,871730.0
2017-01-06 15:15:00,103.07,103.08,103.07,103.07,650236.0
2017-01-06 15:30:00,103.04,103.05,103.04,103.05,997685.0
2017-01-06 15:45:00,103.15,103.15,103.15,103.15,658593.0
2017-01-10 09:45:00,107.77,107.78,107.77,107.78,808113.0
2017-01-10 10:00:00,107.66,107.67,107.66,107.66,756889.0
2017-01-10 10:15:00,107.61,107.62,107.61,107.61,1017268.0
2017-01-10 10:30:00,107.59,107.6,107.59,107.6,750199.0
2017-01-10 10:45:00,107.54,107.54,107.54,107.54,995769.0
2017-01-10 11:00:00,107.5,107.5,107.5,107.5,861471.0
2017-01-10 11:15:00,107.41,107.41,107.41,107.41,613008.0
2017-01-10 11:30:00,107.36,107.37,107.36,107.36,678411.0
2017-01-10 12:00:00,107.26,107.27,107.26,107.27,958281.0
2017-01-10 12:15:00,107.24,107.24,107.23,107.24,768323.0
2017-01-10 12:30:00,107.19,107.19,107.18,107.19,846404.0
2017-01-10 12:45:00,107.12,107.12,107.12,107.12,993447.0
2017-01-10 13:00:00,107.06,107.08,107.05,107.07,1074267.0
2017-01-10 13:15:00,107.0,107.0,107.0,107.0,614499.0
2017-01-10 13:45:00,106.89,106.9,106.89,106.9,709949.0
2017-01-10 14:00:00,106.84,106.86,106.84,106.85,847430.0
2017-01-10 14:15:00,106.79,106.8,106.79,106.8,973531.0
2017-01-10 14:30:00,106.67,106.69,106.67,106.67,1032697.0
2017-01-10 14:45:00,106.7,106.72,106.7,106.71,602388.0
2017-01-10 15:00:00,106.65,106.65,106.65,106.65,602172.0
2017-01-10 15:30:00,106.53,106.53,106.52,106.53,942090.0
2017-01-10 15:45:00,106.45,106.46,106.45,106.45,986402.0
2017-01-11 09:30:00,105.96,105.96,105.95,105.96,475822.0
2017-01-11 09:45:00,106.02,106.03,106.02,106.02,574424.0
2017-01-11 10:00:00,105.93,105.94,105.93,105.93,566130.0
2017-01-11 10:15:00,105.9,105.91,105.9,105.9,566511.0
2017-01-11 10:30:00,105.88,105.89,105.88,105.88,518290.0
2017-01-11 11:00:00,105.82,105.82,105.82,105.82,629160.0
2017-01-11 11:15:00,105.76,105.76,105.76,105.76,556269.0
2017-01-11 11:30:00,105.67,105.68,105.67,105.68,575125.0
2017-01-11 11:45:00,105.69,105.7,105.69,105.7,571717.0
2017-01-11 12:00:00,105.68,105.68,105.68,105.68,544391.0
2017-01-11 12:15:00,105.63,105.63,105.63,105.63,639269.0
2017-01-11 12:45:00,105.56,105.57,105.56,105.57,595301.0
2017-01-11 13:00:00,105.54,105.54,105.54,105.54,629142.0
2017-01-11 13:15:00,105.49,105.5,105.48,105.49,606907.0
2017-01-11 13:30:00,105.47,105.47,105.47,105.47,543077.0
2017-01-11 13:45:00,105.42,105.42,105.42,105.42,592970.0
2017-01-11 14:00:00,105.4,105.41,105.4,105.4,616786.0
2017-01-11 14:15:00,105.32,105.32,105.32,105.32,405602.0
2017-01-11 14:30:00,105.3,105.32,105.3,105.31,430330.0
2017-01-11 14:45:00,105.25,105.26,105.24,105.25,394317.0
2017-01-11 15:00:00,105.25,105.25,105.25,105.25,594254.0
2017-01-11 15:15:00,105.23,105.24,105.23,105.24,460412.0
2017-01-11 15:30:00,105.22,105.22,105.22,105.22,446508.0
2017-01-11 15:45:00,105.16,105.16,105.15,105.15,367910.0
2017-01-12 09:30:00,104.14,104.16,104.13,104.15,680710.0
2017-01-12 09:45:00,104.22,104.23,104.21,104.23,605764.0
2017-01-12 10:00:00,104.16,104.16,104.16,104.16,559565.0
2017-01-12 10:15:00,104.05,104.05,104.04,104.04,446389.0
2017-01-12 10:30:00,104.11,104.11,104.11,104.11,732478.0
2017-01-12 11:00:00,103.98,103.99,103.97,103.99,486241.0
2017-01-12 11:15:00,103.99,104.0,103.98,104.0,663476.0
2017-01-12 11:30:00,103.99,103.99,103.99,103.99,510008.0
2017-01-12 11:45:00,103.96,103.98,103.96,103.97,528197.0
2017-01-12 12:00:00,103.85,103.85,103.84,103.85,777849.0
2017-01-12 12:30:00,103.89,103.89,103.87,103.88,761314.0
2017-01-12 12:45:00,103.79,103.8,103.78,103.8,481348.0
2017-01-12 13:00:00,103.77,103.79,103.77,103.78,772271.0
2017-01-12 13:45:00,103.63,103.64,103.62,103.63,493619.0
2017-01-12 14:00:00,103.64,103.65,103.64,103.65,745567.0
2017-01-12 14:15:00,103.6,103.61,103.59,103.6,683800.0
2017-01-12 14:30:00,103.56,103.57,103.56,103.56,482690.0
2017-01-12 14:45:00,103.51,103.52,103.51,103.51,577329.0
2017-01-12 15:00:00,103.53,103.53,103.52,103.53,669656.0
2017-01-12 15:15:00,103.48,103.49,103.48,103.49,635577.0
2017-01-12 15:30:00,103.46,103.48,103.46,103.47,736884.0
2017-01-12 15:45:00,103.44,103.45,103.43,103.44,761710.0
2017-01-13 09:30:00,103.66,103.67,103.66,103.66,504244.0
2017-01-13 09:45:00,103.6,103.6,103.6,103.6,308747.0
2017-01-13 10:00:00,103.62,103.62,103.61,103.62,321151.0
2017-01-13 10:15:00,103.56,103.57,103.56,103.56,314824.0
2017-01-13 10:30:00,103.48,103.5,103.47,103.49,555618.0
2017-01-13 10:45:00,103.53,103.54,103.53,103.54,516169.0
2017-01-13 11:00:00,103.52,103.53,103.52,103.52,395377.0
2017-01-13 11:15:00,103.56,103.57,103.56,103.56,452386.0
2017-01-13 11:30:00,103.55,103.56,103.55,103.56,546806.0
2017-01-13 11:45:00,103.52,103.53,103.52,103.52,420385.0
2017-01-13 12:00:00,103.52,103.52,103.52,103.52,459652.0
2017-01-13 12:15:00,103.5,103.51,103.5,103.51,355825.0
2017-01-13 12:30:00,103.51,103.52,103.51,103.51,412776.0
2017-01-13 13:00:00,103.5,103.5,103.5,103.5,495205.0
2017-01-13 13:15:00,103.44,103.44,103.44,103.44,329858.0
2017-01-13 13:30:00,103.49,103.49,103.49,103.49,559682.0
2017-01-13 14:00:00,103.49,103.5,103.48,103.49,490386.0
2017-01-13 14:15:00,103.43,103.43,103.42,103.43,318683.0
2017-01-13 14:30:00,103.48,103.48,103.47,103.48,361847.0
2017-01-13 14:45:00,103.48,103.48,103.47,103.47,493533.0
2017-01-13 15:00:00,103.45,103.45,103.45,103.45,436469.0
2017-01-13 15:15:00,103.44,103.44,103.44,103.44,318624.0
2017-01-13 15:30:00,103.44,103.44,103.44,103.44,402896.0
2017-01-13 15:45:00,103.44,103.45,103.44,103.45,569959.0
2017-01-17 09:30:00,103.02,103.03,103.02,103.03,526370.0
2017-01-17 09:45:00,102.93,102.93,102.93,102.93,456865.0
2017-01-17 10:00:00,102.85,102.87,102.85,102.86,526007.0
2017-01-17 10:15:00,102.78,102.79,102.77,102.79,697113.0
2017-01-17 10:30:00,102.62,102.62,102.62,102.62,522232.0
2017-01-17 10:45:00,102.6,102.61,102.6,102.61,643357.0
2017-01-17 11:00:00,102.54,102.56,102.54,102.55,575703.0
2017-01-17 11:15:00,102.47,102.47,102.47,102.47,618755.0
2017-01-17 11:30:00,102.35,102.35,102.34,102.35,637346.0
2017-01-17 11:45:00,102.26,102.27,102.26,102.26,700995.0
2017-01-17 12:00:00,102.24,102.24,102.24,102.24,460635.0
2017-01-17 12:15:00,102.18,102.18,102.18,102.18,640856.0
2017-01-17 12:30:00,102.1,102.1,102.1,102.1,626635.0
2017-01-17 12:45:00,102.03,102.04,102.03,102.04,594698.0
2017-01-17 13:00:00,101.96,101.97,101.96,101.96,628679.0
2017-01-17 13:15:00,101.85,101.86,101.84,101.85,550758.0
2017-01-17 13:30:00,101.74,101.74,101.73,101.74,576412.0
2017-01-17 13:45:00,101.7,101.71,101.7,101.71,580523.0
2017-01-17 14:00:00,101.6,101.61,101.59,101.59,665369.0
2017-01-17 14:15:00,101.64,101.65,101.64,101.65,663749.0
2017-01-17 14:30:00,101.48,101.49,101.48,101.49,468834.0
2017-01-17 14:45:00,101.43,101.44,101.42,101.44,434792.0
2017-01-17 15:00:00,101.33,101.34,101.33,101.33,523450.0
2017-01-17 15:15:00,101.28,101.29,101.28,101.28,628855.0
2017-01-17 15:30:00,101.11,101.11,101.1,101.1,435812.0
2017-01-17 15:45:00,101.11,101.11,101.1,101.11,473044.0
2017-01-19 09:30:00,103.07,103.08,103.07,103.07,652295.0
2017-01-19 09:45:00,103.1,103.11,103.09,103.11,722710.0
2017-01-19 10:00:00,103.17,103.18,103.16,103.17,696708.0
2017-01-19 10:15:00,103.31,103.32,103.31,103.31,556300.0
2017-01-19 10:30:00,103.4,103.4,103.4,103.4,674965.0
2017-01-19 11:15:00,103.65,103.66,103.65,103.66,557546.0
2017-01-19 11:30:00,103.82,103.84,103.82,103.83,603496.0
2017-01-19 11:45:00,103.8,103.81,103.8,103.81,726952.0
2017-01-19 12:00:00,103.91,103.92,103.91,103.92,441782.0
2017-01-19 12:15:00,103.97,103.98,103.97,103.97,667509.0
2017-01-19 12:30:00,104.07,104.07,104.07,104.07,634569.0
2017-01-19 12:45:00,104.12,104.12,104.12,104.12,487206.0
2017-01-19 13:00:00,104.23,104.23,104.23,104.23,528203.0
2017-01-19 13:15:00,104.33,104.33,104.33,104.33,763770.0
2017-01-19 13:30:00,104.42,104.43,104.42,104.42,524743.0
2017-01-19 13:45:00,104.46,104.47,104.46,104.46,652939.0
2017-01-19 14:00:00,104.58,104.58,104.58,104.58,517247.0
2017-01-19 14:15:00,104.62,104.63,104.62,104.63,715803.0
2017-01-19 14:30:00,104.74,104.74,104.74,104.74,704792.0
2017-01-19 14:45:00,104.79,104.81,104.79,104.8,710610.0
2017-01-19 15:00:00,104.91,104.92,104.9,104.92,478976.0
2017-01-19 15:15:00,104.95,104.97,104.95,104.95,738931.0
2017-01-19 15:30:00,105.03,105.04,105.03,105.03,627310.0
2017-01-19 15:45:00,105.17,105.18,105.16,105.18,694841.0
2017-01-20 09:30:00,106.08,106.08,106.08,106.08,545298.0
2017-01-20 09:45:00,106.0,106.01,106.0,106.01,365640.0
2017-01-20 10:00:00,105.91,105.91,105.91,105.91,422711.0
2017-01-20 10:15:00,105.87,105.88,105.86,105.87,367102.0
2017-01-20 10:30:00,105.74,105.75,105.74,105.74,594010.0
2017-01-20 10:45:00,105.59,105.61,105.58,105.61,341407.0
2017-01-20 11:00:00,105.56,105.57,105.56,105.56,494611.0
2017-01-20 11:15:00,105.5,105.51,105.49,105.5,612074.0
2017-01-20 11:30:00,105.52,105.54,105.51,105.51,561820.0
2017-01-20 12:00:00,105.24,105.25,105.24,105.25,433718.0
2017-01-20 12:15:00,105.18,105.18,105.18,105.18,526160.0
2017-01-20 12:30:00,105.11,105.13,105.11,105.12,529963.0
2017-01-20 13:00:00,105.01,105.01,105.0,105.01,610124.0
2017-01-20 13:15:00,104.8,104.81,104.8,104.8,596655.0
2017-01-20 13:30:00,104.79,104.8,104.79,104.8,462734.0
2017-01-20 13:45:00,104.73,104.75,104.73,104.74,505393.0
2017-01-20 14:00:00,104.44,104.46,104.44,104.46,482334.0
2017-01-20 14:30:00,104.39,104.4,104.39,104.39,527332.0
2017-01-20 14:45:00,104.31,104.33,104.31,104.32,338021.0
2017-01-20 15:00:00,104.25,104.27,104.25,104.26,583786.0
2017-01-20 15:15:00,104.18,104.19,104.18,104.19,459985.0
2017-01-20 15:30:00,104.07,104.08,104.07,104.07,609227.0
2017-01-20 15:45:00,104.02,104.02,104.02,104.02,348609.0
2017-01-23 09:30:00,103.79,103.8,103.79,103.79,415193.0
2017-01-23 09:45:00,103.84,103.84,103.84,103.84,294515.0
2017-01-23 10:00:00,103.9,103.9,103.9,103.9,420517.0
2017-01-23 10:15:00,103.9,103.9,103.89,103.89,339402.0
2017-01-23 10:30:00,104.0,104.0,104.0,104.0,378900.0
2017-01-23 10:45:00,104.1,104.11,104.1,104.11,460794.0
2017-01-23 11:00:00,104.1,104.11,104.1,104.11,386366.0
2017-01-23 11:15:00,104.14,104.14,104.14,104.14,320087.0
2017-01-23 11:30:00,104.21,104.22,104.21,104.22,376553.0
2017-01-23 11:45:00,104.29,104.29,104.28,104.29,329214.0
2017-01-23 12:00:00,104.3,104.31,104.3,104.3,454441.0
2017-01-23 12:15:00,104.39,104.4,104.39,104.4,442398.0
2017-01-23 12:30:00,104.43,104.44,104.43,104.43,332895.0
2017-01-23 12:45:00,104.48,104.48,104.48,104.48,310583.0
2017-01-23 13:15:00,104.56,104.56,104.56,104.56,398507.0
2017-01-23 13:30:00,104.63,104.63,104.63,104.63,363638.0
2017-01-23 13:45:00,104.67,104.67,104.67,104.67,448195.0
2017-01-23 14:00:00,104.72,104.72,104.72,104.72,377263.0
2017-01-23 14:15:00,104.8,104.8,104.79,104.8,321045.0
2017-01-23 14:30:00,104.82,104.83,104.82,104.83,307588.0
2017-01-23 14:45:00,104.88,104.89,104.88,104.89,453396.0
2017-01-23 15:00:00,104.95,104.96,104.95,104.95,337289.0
2017-01-23 15:15:00,104.97,104.97,104.96,104.97,378058.0
2017-01-23 15:30:00,105.04,105.05,105.04,105.04,359508.0
2017-01-23 15:45:00,105.08,105.08,105.08,105.08,444569.0
2017-01-24 09:30:00,105.51,105.51,105.5,105.51,492640.0
2017-01-24 09:45:00,105.58,105.6,105.57,105.58,387724.0
2017-01-24 10:15:00,105.71,105.72,105.71,105.71,516686.0
2017-01-24 10:30:00,105.87,105.88,105.87,105.88,392018.0
2017-01-24 10:45:00,105.88,105.88,105.88,105.88,300920.0
2017-01-24 11:00:00,105.94,105.95,105.94,105.94,527798.0
2017-01-24 11:15:00,106.03,106.03,106.02,106.03,348068.0
2017-01-24 11:30:00,106.1,106.11,106.1,106.1,486541.0
2017-01-24 11:45:00,106.16,106.16,106.16,106.16,290176.0
2017-01-24 12:00:00,106.23,106.23,106.22,106.23,407205.0
2017-01-24 12:15:00,106.29,106.29,106.28,106.29,384135.0
2017-01-24 12:30:00,106.37,106.37,106.36,106.37,502359.0
2017-01-24 12:45:00,106.47,106.48,106.47,106.48,419734.0
2017-01-24 13:00:00,106.49,106.5,106.49,106.49,431045.0
2017-01-24 13:15:00,106.63,106.64,106.63,106.63,429758.0
2017-01-24 13:30:00,106.67,106.68,106.67,106.67,517545.0
2017-01-24 13:45:00,106.73,106.73,106.73,106.73,313290.0
2017-01-24 14:00:00,106.78,106.79,106.78,106.78,392158.0
2017-01-24 14:15:00,106.9,106.91,106.89,106.9,304204.0
2017-01-24 14:30:00,106.95,106.96,106.95,106.96,405971.0
2017-01-24 14:45:00,107.03,107.03,107.03,107.03,332407.0
2017-01-24 15:30:00,107.26,107.26,107.26,107.26,495396.0
2017-01-24 15:45:00,107.33,107.34,107.33,107.34,358661.0
2017-01-26 09:45:00,107.96,107.96,107.96,107.96,349685.0
2017-01-26 10:15:00,108.05,108.06,108.05,108.06,345698.0
2017-01-26 10:30:00,108.05,108.07,108.04,108.05,466663.0
2017-01-26 10:45:00,108.26,108.27,108.26,108.26,353715.0
2017-01-26 11:00:00,108.32,108.32,108.32,108.32,547473.0
2017-01-26 11:15:00,108.41,108.41,108.41,108.41,533069.0
2017-01-26 11:30:00,108.47,108.48,108.47,108.48,385361.0
2017-01-26 11:45:00,108.61,108.62,108.61,108.62,452189.0
2017-01-26 12:00:00,108.58,108.58,108.58,108.58,503560.0
2017-01-26 12:15:00,108.71,108.72,108.71,108.72,406998.0
2017-01-26 12:30:00,108.76,108.78,108.75,108.77,477748.0
2017-01-26 12:45:00,108.79,108.8,108.79,108.79,565105.0
2017-01-26 13:00:00,108.95,108.96,108.95,108.95,473857.0
2017-01-26 13:15:00,108.9,108.91,108.9,108.9,452920.0
2017-01-26 13:30:00,109.04,109.04,109.03,109.03,548316.0
2017-01-26 13:45:00,109.05,109.05,109.05,109.05,346251.0
2017-01-26 14:00:00,109.13,109.14,109.13,109.14,438656.0
2017-01-26 14:15:00,109.18,109.2,109.18,109.2,380644.0
2017-01-26 14:30:00,109.31,109.32,109.31,109.31,507987.0
2017-01-26 14:45:00,109.35,109.38,109.35,109.37,467557.0
2017-01-26 15:15:00,109.61,109.63,109.6,109.61,345355.0
2017-01-26 15:30:00,109.61,109.63,109.61,109.62,534068.0
2017-01-26 15:45:00,109.67,109.67,109.67,109.67,559040.0
2017-01-27 09:30:00,109.93,109.93,109.92,109.93,376290.0
2017-01-27 09:45:00,109.97,109.99,109.97,109.97,549021.0
2017-01-27 10:00:00,110.18,110.19,110.18,110.19,318496.0
2017-01-27 10:15:00,110.15,110.16,110.15,110.16,401197.0
2017-01-27 10:30:00,110.22,110.22,110.22,110.22,496988.0
2017-01-27 10:45:00,110.27,110.28,110.27,110.28,364051.0
2017-01-27 11:00:00,110.37,110.38,110.37,110.37,452602.0
2017-01-27 11:15:00,110.46,110.46,110.45,110.46,339816.0
2017-01-27 11:30:00,110.52,110.52,110.52,110.52,459047.0
2017-01-27 11:45:00,110.57,110.58,110.57,110.57,589378.0
2017-01-27 12:00:00,110.68,110.69,110.68,110.68,530664.0
2017-01-27 12:15:00,110.75,110.75,110.75,110.75,540731.0
2017-01-27 12:30:00,110.76,110.78,110.76,110.76,513514.0
2017-01-27 12:45:00,110.95,110.96,110.95,110.96,493859.0
2017-01-27 13:00:00,111.02,111.03,111.02,111.03,423250.0
2017-01-27 13:15:00,111.05,111.05,111.05,111.05,413397.0
2017-01-27 13:30:00,111.1,111.1,111.1,111.1,459804.0
2017-01-27 13:45:00,111.16,111.16,111.16,111.16,528945.0
2017-01-27 14:00:00,111.24,111.25,111.24,111.25,472225.0
2017-01-27 14:15:00,111.33,111.33,111.32,111.33,467768.0
2017-01-27 14:30:00,111.38,111.4,111.38,111.39,563430.0
2017-01-27 15:00:00,111.47,111.48,111.47,111.47,328886.0
2017-01-27 15:15:00,111.62,111.62,111.62,111.62,383505.0
2017-01-27 15:30:00,111.68,111.69,111.67,111.69,375927.0
2017-01-27 15:45:00,111.76,111.77,111.75,111.76,491198.0
2017-01-30 09:30:00,110.93,110.93,110.93,110.93,590847.0
2017-01-30 09:45:00,110.91,110.92,110.91,110.91,500560.0
2017-01-30 10:00:00,110.99,111.01,110.99,110.99,514103.0
2017-01-30 10:15:00,110.79,110.8,110.78,110.79,436203.0
2017-01-30 10:30:00,110.82,110.82,110.82,110.82,377930.0
2017-01-30 10:45:00,110.79,110.8,110.79,110.79,374788.0
2017-01-30 11:00:00,110.72,110.72,110.71,110.72,562856.0
2017-01-30 11:15:00,110.65,110.65,110.65,110.65,495417.0
2017-01-30 11:30:00,110.63,110.64,110.63,110.63,489407.0
2017-01-30 11:45:00,110.58,110.6,110.58,110.59,539257.0
2017-01-30 12:15:00,110.49,110.5,110.49,110.5,520524.0
2017-01-30 12:30:00,110.49,110.49,110.48,110.49,378457.0
2017-01-30 12:45:00,110.48,110.49,110.48,110.48,502487.0
2017-01-30 13:00:00,110.4,110.42,110.39,110.41,583835.0
2017-01-30 13:15:00,110.38,110.38,110.37,110.38,435542.0
2017-01-30 13:45:00,110.29,110.3,110.29,110.29,548560.0
2017-01-30 14:00:00,110.2,110.21,110.19,110.2,433960.0
2017-01-30 14:15:00,110.24,110.24,110.24,110.24,416120.0
2017-01-30 14:30:00,110.13,110.14,110.12,110.13,567120.0
2017-01-30 14:45:00,110.16,110.16,110.15,110.16,421509.0
2017-01-30 15:00:00,110.19,110.21,110.18,110.2,528297.0
2017-01-30 15:15:00,110.07,110.08,110.07,110.08,570196.0
2017-01-30 15:30:00,110.01,110.03,110.01,110.02,523576.0
2017-01-30 15:45:00,110.02,110.02,110.02,110.02,541144.0
2017-02-02 09:30:00,113.27,113.29,113.26,113.28,472830.0
2017-02-02 09:45:00,113.36,113.36,113.36,113.36,449231.0
2017-02-02 10:00:00,113.49,113.49,113.49,113.49,328722.0
2017-02-02 10:15:00,113.54,113.55,113.53,113.54,478111.0
2017-02-02 11:00:00,113.8,113.8,113.8,113.8,561422.0
2017-02-02 11:30:00,113.95,113.96,113.95,113.96,365001.0
2017-02-02 11:45:00,114.11,114.12,114.1,114.11,448876.0
2017-02-02 12:00:00,114.25,114.26,114.25,114.26,511862.0
2017-02-02 12:15:00,114.3,114.31,114.3,114.31,340190.0
2017-02-02 12:30:00,114.29,114.3,114.27,114.29,439190.0
2017-02-02 12:45:00,114.38,114.38,114.37,114.38,536054.0
2017-02-02 13:00:00,114.41,114.42,114.41,114.42,375815.0
2017-02-02 13:15:00,114.56,114.57,114.55,114.57,541718.0
2017-02-02 13:30:00,114.77,114.79,114.77,114.77,338996.0
2017-02-02 13:45:00,114.7,114.7,114.7,114.7,501778.0
2017-02-02 14:00:00,114.73,114.75,114.73,114.73,361337.0
2017-02-02 14:15:00,114.87,114.88,114.86,114.87,550051.0
2017-02-02 14:30:00,114.92,114.93,114.91,114.92,451221.0
2017-02-02 14:45:00,115.01,115.03,114.99,115.01,381762.0
2017-02-02 15:00:00,115.13,115.13,115.12,115.13,511729.0
2017-02-02 15:30:00,115.28,115.29,115.28,115.28,519331.0
2017-02-02 15:45:00,115.38,115.39,115.38,115.38,416090.0
2017-02-03 09:30:00,115.44,115.44,115.44,115.44,412675.0
2017-02-03 09:45:00,115.41,115.41,115.41,115.41,356107.0
2017-02-03 10:00:00,115.36,115.37,115.36,115.37,338520.0
2017-02-03 10:15:00,115.31,115.31,115.31,115.31,255142.0
2017-02-03 10:30:00,115.29,115.3,115.29,115.29,418309.0
2017-02-03 10:45:00,115.25,115.25,115.24,115.25,415053.0
2017-02-03 11:00:00,115.19,115.19,115.19,115.19,416579.0
2017-02-03 11:15:00,115.15,115.16,115.15,115.15,340790.0
2017-02-03 11:30:00,115.09,115.1,115.09,115.09,311012.0
2017-02-03 11:45:00,115.07,115.07,115.07,115.07,385853.0
2017-02-03 12:00:00,114.96,114.97,114.95,114.97,415257.0
2017-02-03 12:15:00,114.92,114.92,114.91,114.92,316003.0
2017-02-03 12:30:00,114.93,114.94,114.93,114.93,313538.0
2017-02-03 12:45:00,114.9,114.9,114.9,114.9,334559.0
2017-02-03 13:00:00,114.84,114.84,114.84,114.84,386390.0
2017-02-03 13:15:00,114.81,114.81,114.81,114.81,359948.0
2017-02-03 13:45:00,114.72,114.73,114.72,114.72,435356.0
2017-02-03 14:00:00,114.7,114.71,114.7,114.7,377633.0
2017-02-03 14:15:00,114.7,114.71,114.7,114.7,395832.0
2017-02-03 14:30:00,114.63,114.64,114.62,114.63,435803.0
2017-02-03 14:45:00,114.56,114.57,114.56,114.56,358645.0
2017-02-03 15:00:00,114.52,114.52,114.51,114.51,448097.0
2017-02-03 15:30:00,114.45,114.46,114.44,114.44,387531.0
2017-02-03 15:45:00,114.36,114.37,114.36,114.37,349460.0
2017-02-06 09:30:00,114.0,114.0,114.0,114.0,365818.0
2017-02-06 09:45:00,114.14,114.15,114.14,114.14,486874.0
2017-02-06 10:00:00,114.29,114.29,114.28,114.29,384601.0
2017-02-06 10:15:00,114.43,114.43,114.43,114.43,414153.0
2017-02-06 10:30:00,114.51,114.51,114.51,114.51,541922.0
2017-02-06 10:45:00,114.68,114.68,114.68,114.68,527234.0
2017-02-06 11:15:00,114.94,114.95,114.94,114.94,607205.0
2017-02-06 11:30:00,115.07,115.08,115.07,115.07,448346.0
2017-02-06 11:45:00,115.22,115.24,115.22,115.23,433043.0
2017-02-06 12:00:00,115.28,115.29,115.28,115.28,343805.0
2017-02-06 12:15:00,115.44,115.46,115.44,115.45,452790.0
2017-02-06 12:30:00,115.58,115.59,115.58,115.58,461910.0
2017-02-06 12:45:00,115.68,115.7,115.68,115.68,572469.0
2017-02-06 13:00:00,115.83,115.84,115.82,115.84,528167.0
2017-02-06 13:15:00,116.0,116.01,116.0,116.01,479295.0
2017-02-06 13:30:00,116.11,116.13,116.1,116.12,621373.0
2017-02-06 13:45:00,116.14,116.16,116.13,116.14,358737.0
2017-02-06 14:00:00,116.37,116.38,116.37,116.38,617150.0
2017-02-06 14:15:00,116.55,116.55,116.54,116.55,551380.0
2017-02-06 14:30:00,116.65,116.65,116.65,116.65,341125.0
2017-02-06 15:00:00,116.93,116.93,116.93,116.93,474557.0
2017-02-06 15:15:00,117.1,117.11,117.1,117.1,433608.0
2017-02-06 15:45:00,117.32,117.32,117.31,117.31,392619.0
2017-02-07 09:30:00,118.72,118.73,118.72,118.73,901035.0
2017-02-07 09:45:00,118.71,118.72,118.71,118.71,834346.0
2017-02-07 10:00:00,118.72,118.73,118.72,118.73,681749.0
2017-02-07 10:15:00,118.75,118.76,118.75,118.75,638076.0
2017-02-07 10:30:00,118.76,118.76,118.75,118.76,660723.0
2017-02-07 11:00:00,118.76,118.79,118.76,118.77,786282.0
2017-02-07 11:15:00,118.83,118.84,118.83,118.84,598673.0
2017-02-07 11:30:00,118.83,118.84,118.83,118.84,879651.0
2017-02-07 12:00:00,118.81,118.81,118.81,118.81,578645.0
2017-02-07 12:15:00,118.91,118.91,118.91,118.91,740766.0
2017-02-07 13:00:00,118.88,118.89,118.87,118.88,617623.0
2017-02-07 13:15:00,118.96,118.97,118.95,118.96,794724.0
2017-02-07 13:30:00,118.98,118.98,118.98,118.98,714058.0
2017-02-07 13:45:00,118.98,118.98,118.98,118.98,921875.0
2017-02-07 14:00:00,119.0,119.01,119.0,119.01,728241.0
2017-02-07 14:15:00,119.07,119.09,119.07,119.09,546080.0
2017-02-07 14:30:00,119.04,119.05,119.04,119.04,710241.0
2017-02-07 14:45:00,119.11,119.12,119.11,119.11,613276.0
2017-02-07 15:00:00,119.08,119.09,119.08,119.09,636531.0
2017-02-07 15:15:00,119.07,119.07,119.07,119.07,526887.0
2017-02-07 15:30:00,119.11,119.12,119.11,119.11,913233.0
2017-02-07 15:45:00,119.14,119.15,119.13,119.14,913421.0
2017-02-08 09:30:00,118.43,118.43,118.42,118.43,561114.0
2017-02-08 09:45:00,118.4,118.41,118.4,118.4,345986.0
2017-02-08 10:15:00,118.36,118.38,118.35,118.37,406095.0
2017-02-08 10:30:00,118.44,118.45,118.44,118.45,517796.0
2017-02-08 10:45:00,118.42,118.43,118.42,118.43,318557.0
2017-02-08 11:00:00,118.43,118.43,118.43,118.43,440909.0
2017-02-08 11:15:00,118.49,118.51,118.49,118.5,559517.0
2017-02-08 11:30:00,118.48,118.48,118.47,118.48,504449.0
2017-02-08 11:45:00,118.38,118.39,118.37,118.38,320449.0
2017-02-08 12:15:00,118.47,118.47,118.47,118.47,405225.0
2017-02-08 12:30:00,118.5,118.52,118.5,118.51,540189.0
2017-02-08 12:45:00,118.51,118.51,118.5,118.51,486100.0
2017-02-08 13:00:00,118.52,118.53,118.52,118.53,530282.0
2017-02-08 13:15:00,118.52,118.53,118.52,118.52,317791.0
2017-02-08 13:30:00,118.55,118.55,118.54,118.55,518734.0
2017-02-08 13:45:00,118.58,118.59,118.58,118.58,553457.0
2017-02-08 14:00:00,118.56,118.57,118.56,118.56,537131.0
2017-02-08 14:15:00,118.52,118.52,118.51,118.52,467035.0
2017-02-08 14:30:00,118.56,118.57,118.55,118.56,332961.0
2017-02-08 14:45:00,118.59,118.59,118.58,118.59,378635.0
2017-02-08 15:00:00,118.57,118.58,118.57,118.58,353206.0
2017-02-08 15:15:00,118.65,118.66,118.64,118.65,533537.0
2017-02-08 15:30:00,118.61,118.61,118.61,118.61,398092.0
2017-02-08 15:45:00,118.56,118.57,118.55,118.56,379448.0
2017-02-09 09:45:00,118.75,118.76,118.74,118.75,1001222.0
2017-02-09 10:15:00,118.5,118.51,118.5,118.51,968337.0
2017-02-09 10:30:00,118.47,118.48,118.47,118.47,663061.0
2017-02-09 10:45:00,118.34,118.35,118.34,118.34,619449.0
2017-02-09 11:00:00,118.23,118.24,118.23,118.23,691894.0
2017-02-09 11:15:00,118.18,118.19,118.18,118.18,576594.0
2017-02-09 11:30:00,118.18,118.2,118.18,118.19,816264.0
2017-02-09 11:45:00,117.93,117.94,117.93,117.93,579078.0
2017-02-09 12:00:00,117.84,117.84,117.84,117.84,768741.0
2017-02-09 12:15:00,117.74,117.75,117.74,117.74,969349.0
2017-02-09 12:30:00,117.69,117.7,117.69,117.69,883147.0
2017-02-09 12:45:00,117.57,117.57,117.56,117.57,1050574.0
2017-02-09 13:15:00,117.3,117.32,117.3,117.31,1027116.0
2017-02-09 13:30:00,117.3,117.3,117.3,117.3,872033.0
2017-02-09 14:00:00,117.08,117.09,117.08,117.09,737079.0
2017-02-09 14:15:00,116.94,116.95,116.93,116.94,610599.0
2017-02-09 14:30:00,116.91,116.92,116.91,116.92,677353.0
2017-02-09 14:45:00,116.76,116.77,116.76,116.77,682772.0
2017-02-09 15:00:00,116.67,116.67,116.67,116.67,707664.0
2017-02-09 15:15:00,116.59,116.6,116.59,116.59,724806.0
2017-02-09 15:30:00,116.51,116.51,116.51,116.51,918771.0
2017-02-09 15:45:00,116.38,116.39,116.38,116.38,1029451.0
2017-02-10 09:30:00,119.9,119.92,119.87,119.91,1935273.0
2017-02-10 09:45:00,119.67,119.69,119.66,119.68,1544741.0
2017-02-10 10:00:00,119.39,119.4,119.38,119.38,1702699.0
2017-02-10 10:30:00,118.91,118.92,118.91,118.92,1333744.0
2017-02-10 10:45:00,118.56,118.59,118.56,118.58,1376341.0
2017-02-10 11:00:00,118.38,118.41,118.38,118.41,1940615.0
2017-02-10 11:15:00,118.16,118.17,118.16,118.16,1519742.0
2017-02-10 11:45:00,117.66,117.68,117.66,117.67,1349411.0
2017-02-10 12:00:00,117.44,117.5,117.42,117.45,1593464.0
2017-02-10 12:15:00,117.15,117.16,117.15,117.16,1505870.0
2017-02-10 12:45:00,116.6,116.64,116.6,116.6,1235227.0
2017-02-10 13:00:00,116.28,116.29,116.28,116.28,1677687.0
2017-02-10 13:15:00,116.13,116.13,116.12,116.13,1467976.0
2017-02-10 13:30:00,115.88,115.9,115.88,115.89,1891315.0
2017-02-10 13:45:00,115.43,115.44,115.41,115.42,1384047.0
2017-02-10 14:00:00,115.36,115.38,115.36,115.36,1535015.0
2017-02-10 14:15:00,115.08,115.13,115.05,115.09,1408163.0
2017-02-10 14:30:00,114.86,114.87,114.86,114.86,1272119.0
2017-02-10 15:00:00,114.4,114.41,114.4,114.4,1810118.0
2017-02-10 15:15:00,114.27,114.31,114.24,114.27,1208797.0
2017-02-10 15:30:00,113.89,113.9,113.88,113.89,1945686.0
2017-02-10 15:45:00,113.61,113.62,113.61,113.61,1431070.0
2017-02-13 09:30:00,113.49,113.5,113.48,113.48,1127044.0
2017-02-13 09:45:00,113.08,113.09,113.08,113.09,1130743.0
2017-02-13 10:00:00,113.21,113.23,113.21,113.22,1113141.0
2017-02-13 10:15:00,112.79,112.79,112.79,112.79,860491.0
2017-02-13 10:30:00,112.61,112.62,112.61,112.61,1186904.0
2017-02-13 11:00:00,112.44,112.45,112.42,112.44,1008422.0
2017-02-13 11:15:00,111.98,112.03,111.97,112.01,931717.0
2017-02-13 11:30:00,111.75,111.76,111.74,111.75,1359054.0
2017-02-13 11:45:00,111.37,111.4,111.37,111.39,1167962.0
2017-02-13 12:00:00,111.38,111.38,111.37,111.38,1455960.0
2017-02-13 12:15:00,111.18,111.18,111.17,111.18,904102.0
2017-02-13 12:30:00,111.03,111.04,111.02,111.03,904915.0
2017-02-13 13:00:00,110.55,110.57,110.55,110.56,1409614.0
2017-02-13 13:15:00,110.42,110.43,110.41,110.41,1341054.0
2017-02-13 13:30:00,110.16,110.16,110.15,110.16,1252706.0
2017-02-13 13:45:00,109.97,109.98,109.97,109.98,1053732.0
2017-02-13 14:00:00,109.78,109.8,109.77,109.78,1189259.0
2017-02-13 14:15:00,109.57,109.58,109.57,109.58,1446206.0
2017-02-13 14:30:00,109.48,109.51,109.47,109.51,1392674.0
2017-02-13 15:00:00,109.01,109.02,109.01,109.01,1336249.0
2017-02-13 15:15:00,108.82,108.83,108.82,108.83,870451.0
2017-02-13 15:30:00,108.55,108.55,108.55,108.55,1089062.0
2017-02-13 15:45:00,108.37,108.38,108.37,108.37,1303829.0
2017-02-15 09:30:00,108.88,108.88,108.88,108.88,307667.0
2017-02-15 09:45:00,108.9,108.92,108.9,108.91,327293.0
2017-02-15 10:00:00,108.91,108.91,108.91,108.91,252608.0
2017-02-15 10:15:00,108.9,108.91,108.9,108.91,392513.0
2017-02-15 10:30:00,108.92,108.93,108.91,108.92,361080.0
2017-02-15 10:45:00,108.91,108.91,108.9,108.91,398543.0
2017-02-15 11:15:00,108.96,108.96,108.96,108.96,395672.0
2017-02-15 11:30:00,109.0,109.0,109.0,109.0,444898.0
2017-02-15 11:45:00,108.95,108.95,108.95,108.95,299109.0
2017-02-15 12:00:00,108.96,108.97,108.96,108.97,376418.0
2017-02-15 12:15:00,108.92,108.93,108.92,108.92,426705.0
2017-02-15 12:30:00,108.95,108.96,108.95,108.96,254039.0
2017-02-15 12:45:00,108.93,108.93,108.92,108.93,317399.0
2017-02-15 13:00:00,108.93,108.93,108.93,108.93,373905.0
2017-02-15 13:15:00,108.96,108.96,108.96,108.96,267258.0
2017-02-15 13:30:00,108.96,108.97,108.96,108.97,398961.0
2017-02-15 13:45:00,108.96,108.96,108.96,108.96,319004.0
2017-02-15 14:00:00,108.98,108.98,108.98,108.98,289550.0
2017-02-15 14:15:00,108.97,108.98,108.97,108.97,459439.0
2017-02-15 14:30:00,108.98,108.98,108.98,108.98,419195.0
2017-02-15 14:45:00,108.98,108.99,108.98,108.99,342365.0
2017-02-15 15:00:00,108.97,108.97,108.96,108.97,365096.0
2017-02-15 15:15:00,108.99,108.99,108.99,108.99,271053.0
2017-02-15 15:30:00,108.99,109.0,108.99,109.0,389257.0
2017-02-15 15:45:00,108.99,109.0,108.99,109.0,434849.0
2017-02-17 09:30:00,106.7,106.7,106.7,106.7,423490.0
2017-02-17 09:45:00,106.71,106.72,106.71,106.72,578238.0
2017-02-17 10:00:00,106.75,106.75,106.75,106.75,430400.0
2017-02-17 10:30:00,106.77,106.78,106.76,106.77,509885.0
2017-02-17 10:45:00,106.87,106.87,106.86,106.87,501248.0
2017-02-17 11:00:00,106.87,106.88,106.87,106.87,665501.0
2017-02-17 11:15:00,106.84,106.84,106.84,106.84,532280.0
2017-02-17 11:45:00,106.9,106.9,106.9,106.9,661622.0
2017-02-17 12:00:00,106.89,106.89,106.89,106.89,633009.0
2017-02-17 12:15:00,106.96,106.97,106.95,106.96,592164.0
2017-02-17 12:30:00,106.93,106.94,106.92,106.93,429375.0
2017-02-17 12:45:00,106.92,106.92,106.91,106.92,608055.0
2017-02-17 13:00:00,107.02,107.02,107.01,107.02,703021.0
2017-02-17 13:30:00,107.06,107.06,107.05,107.06,592924.0
2017-02-17 13:45:00,107.06,107.06,107.06,107.06,675655.0
2017-02-17 14:00:00,107.06,107.07,107.06,107.07,676267.0
2017-02-17 14:30:00,107.14,107.15,107.13,107.15,398090.0
2017-02-17 14:45:00,107.14,107.14,107.14,107.14,428595.0
2017-02-17 15:00:00,107.19,107.19,107.18,107.19,663389.0
2017-02-17 15:15:00,107.2,107.22,107.2,107.21,623507.0
2017-02-17 15:30:00,107.21,107.22,107.21,107.22,605418.0
2017-02-17 15:45:00,107.17,107.18,107.16,107.17,387709.0
2017-02-21 09:30:00,108.27,108.28,108.27,108.27,476281.0
2017-02-21 09:45:00,108.38,108.39,108.38,108.38,521911.0
2017-02-21 10:00:00,108.45,108.46,108.44,108.46,404995.0
2017-02-21 10:15:00,108.55,108.55,108.55,108.55,451482.0
2017-02-21 10:30:00,108.65,108.65,108.65,108.65,504496.0
2017-02-21 11:00:00,108.87,108.89,108.87,108.87,481163.0
2017-02-21 11:30:00,109.15,109.16,109.14,109.15,560272.0
2017-02-21 11:45:00,109.25,109.25,109.25,109.25,600554.0
2017-02-21 12:15:00,109.49,109.49,109.49,109.49,521977.0
2017-02-21 12:30:00,109.59,109.6,109.59,109.6,502211.0
2017-02-21 12:45:00,109.61,109.62,109.61,109.62,495072.0
2017-02-21 13:00:00,109.85,109.85,109.85,109.85,387737.0
2017-02-21 13:15:00,109.93,109.96,109.93,109.94,404777.0
2017-02-21 13:30:00,110.02,110.03,110.02,110.02,473347.0
2017-02-21 13:45:00,110.16,110.16,110.15,110.16,418593.0
2017-02-21 14:00:00,110.34,110.34,110.34,110.34,662443.0
2017-02-21 14:15:00,110.38,110.38,110.37,110.38,615033.0
2017-02-21 14:30:00,110.53,110.53,110.53,110.53,448404.0
2017-02-21 14:45:00,110.62,110.62,110.62,110.62,493481.0
2017-02-21 15:15:00,110.84,110.84,110.84,110.84,463457.0
2017-02-21 15:30:00,110.95,110.95,110.95,110.95,421988.0
2017-02-21 15:45:00,111.14,111.15,111.14,111.15,567463.0
2017-02-22 09:30:00,111.44,111.44,111.44,111.44,417798.0
2017-02-22 09:45:00,111.4,111.4,111.4,111.4,504439.0
2017-02-22 10:00:00,111.38,111.39,111.38,111.38,519591.0
2017-02-22 10:15:00,111.34,111.35,111.34,111.34,510926.0
2017-02-22 10:30:00,111.33,111.33,111.33,111.33,462104.0
2017-02-22 11:00:00,111.21,111.21,111.21,111.21,453585.0
2017-02-22 11:15:00,111.23,111.24,111.23,111.23,506772.0
2017-02-22 11:30:00,111.21,111.22,111.21,111.21,341497.0
2017-02-22 12:00:00,111.1,111.1,111.1,111.1,422249.0
2017-02-22 12:15:00,111.19,111.2,111.19,111.2,443922.0
2017-02-22 12:30:00,111.09,111.09,111.09,111.09,475787.0
2017-02-22 12:45:00,111.08,111.08,111.08,111.08,364820.0
2017-02-22 13:00:00,111.07,111.08,111.07,111.07,497643.0
2017-02-22 13:30:00,110.99,110.99,110.99,110.99,298848.0
2017-02-22 13:45:00,110.93,110.94,110.93,110.93,427251.0
2017-02-22 14:00:00,110.88,110.88,110.88,110.88,489057.0
2017-02-22 14:30:00,110.87,110.87,110.87,110.87,406322.0
2017-02-22 14:45:00,110.87,110.88,110.87,110.88,514660.0
2017-02-22 15:00:00,110.82,110.84,110.82,110.83,433823.0
2017-02-22 15:15:00,110.84,110.84,110.84,110.84,339744.0
2017-02-22 15:30:00,110.75,110.76,110.74,110.75,422343.0
2017-02-22 15:45:00,110.77,110.77,110.77,110.77,306978.0
2017-02-24 09:45:00,97.25,97.26,97.25,97.25,1247048.0
2017-02-24 10:00:00,97.46,97.47,97.45,97.46,724644.0
2017-02-24 10:15:00,97.61,97.63,97.61,97.63,754583.0
2017-02-24 10:30:00,97.68,97.7,97.68,97.7,1203661.0
2017-02-24 10:45:00,97.9,97.93,97.9,97.92,742484.0
2017-02-24 11:00:00,98.12,98.14,98.12,98.14,757737.0
2017-02-24 11:15:00,98.31,98.31,98.3,98.3,1041044.0
2017-02-24 11:45:00,98.64,98.65,98.64,98.64,1183581.0
2017-02-24 12:00:00,98.81,98.82,98.81,98.81,1065316.0
2017-02-24 12:15:00,99.01,99.01,99.0,99.01,712702.0
2017-02-24 12:30:00,99.12,99.13,99.12,99.12,919427.0
2017-02-24 13:00:00,99.73,99.75,99.72,99.73,862144.0
2017-02-24 13:15:00,99.71,99.72,99.71,99.71,1173668.0
2017-02-24 13:30:00,99.81,99.83,99.79,99.82,703947.0
2017-02-24 13:45:00,100.03,100.04,100.02,100.04,1166622.0
2017-02-24 14:00:00,100.18,100.21,100.16,100.19,1002296.0
2017-02-24 14:15:00,100.57,100.62,100.56,100.58,905773.0
2017-02-24 14:45:00,100.85,100.89,100.85,100.86,1110205.0
2017-02-24 15:00:00,101.02,101.03,101.02,101.02,1251671.0
2017-02-24 15:15:00,101.04,101.08,101.02,101.06,798009.0
2017-02-24 15:30:00,101.27,101.28,101.25,101.27,971534.0
2017-02-24 15:45:00,101.45,101.47,101.45,101.46,760166.0
2017-02-27 09:30:00,102.21,102.21,102.21,102.21,755095.0
2017-02-27 10:00:00,102.37,102.37,102.37,102.37,637804.0
2017-02-27 10:15:00,102.47,102.47,102.47,102.47,665868.0
2017-02-27 10:30:00,102.58,102.58,102.57,102.58,501237.0
2017-02-27 10:45:00,102.57,102.57,102.57,102.57,662781.0
2017-02-27 11:15:00,102.81,102.82,102.81,102.82,597260.0
2017-02-27 11:30:00,102.85,102.86,102.85,102.86,824783.0
2017-02-27 11:45:00,102.92,102.93,102.92,102.92,494671.0
2017-02-27 12:00:00,103.09,103.11,103.09,103.1,666457.0
2017-02-27 12:15:00,103.18,103.18,103.18,103.18,775307.0
2017-02-27 12:30:00,103.25,103.26,103.25,103.25,694983.0
2017-02-27 12:45:00,103.35,103.36,103.35,103.36,673919.0
2017-02-27 13:00:00,103.44,103.44,103.44,103.44,864578.0
2017-02-27 13:15:00,103.49,103.49,103.49,103.49,694300.0
2017-02-27 13:30:00,103.64,103.66,103.64,103.64,502775.0
2017-02-27 13:45:00,103.72,103.73,103.71,103.72,483462.0
2017-02-27 14:00:00,103.75,103.76,103.75,103.75,852961.0
2017-02-27 14:15:00,103.87,103.88,103.87,103.88,604861.0
2017-02-27 14:30:00,104.02,104.03,104.02,104.02,852323.0
2017-02-27 14:45:00,104.05,104.05,104.05,104.05,566612.0
2017-02-27 15:00:00,104.14,104.15,104.14,104.15,651536.0
2017-02-27 15:15:00,104.25,104.25,104.25,104.25,787280.0
2017-02-27 15:30:00,104.39,104.41,104.39,104.41,775357.0
2017-02-27 15:45:00,104.4,104.41,104.4,104.4,821027.0
2017-02-28 09:30:00,104.74,104.75,104.73,104.74,675616.0
2017-02-28 09:45:00,104.68,104.68,104.67,104.68,465065.0
2017-02-28 10:00:00,104.52,104.53,104.52,104.53,492072.0
2017-02-28 10:15:00,104.4,104.41,104.4,104.4,498544.0
2017-02-28 10:30:00,104.24,104.26,104.22,104.25,649707.0
2017-02-28 10:45:00,104.15,104.16,104.15,104.16,638015.0
2017-02-28 11:00:00,104.05,104.06,104.05,104.06,681792.0
2017-02-28 11:15:00,103.88,103.9,103.87,103.88,542275.0
2017-02-28 11:30:00,103.7,103.7,103.69,103.7,432196.0
2017-02-28 11:45:00,103.57,103.58,103.56,103.58,681512.0
2017-02-28 12:00:00,103.48,103.5,103.48,103.49,529884.0
2017-02-28 12:15:00,103.33,103.34,103.33,103.33,463482.0
2017-02-28 12:30:00,103.2,103.2,103.19,103.2,474435.0
2017-02-28 12:45:00,103.0,103.01,102.99,103.0,459036.0
2017-02-28 13:15:00,102.82,102.83,102.82,102.82,488102.0
2017-02-28 13:30:00,102.68,102.68,102.68,102.68,445210.0
2017-02-28 13:45:00,102.5,102.52,102.5,102.51,528049.0
2017-02-28 14:00:00,102.41,102.42,102.41,102.41,482067.0
2017-02-28 14:30:00,102.17,102.18,102.17,102.17,666419.0
2017-02-28 14:45:00,101.97,101.98,101.96,101.97,507570.0
2017-02-28 15:00:00,101.9,101.91,101.9,101.91,590876.0
2017-02-28 15:30:00,101.54,101.57,101.53,101.55,533617.0
2017-02-28 15:45:00,101.46,101.47,101.46,101.46,690634.0
2017-03-01 09:30:00,103.79,103.8,103.79,103.79,350136.0
2017-03-01 10:15:00,103.68,103.69,103.68,103.68,615586.0
2017-03-01 10:30:00,103.63,103.63,103.63,103.63,423348.0
2017-03-01 10:45:00,103.57,103.58,103.57,103.58,519869.0
2017-03-01 11:00:00,103.55,103.57,103.54,103.55,627804.0
2017-03-01 11:15:00,103.52,103.54,103.51,103.52,510088.0
2017-03-01 11:30:00,103.49,103.5,103.49,103.49,372410.0
2017-03-01 11:45:00,103.46,103.47,103.46,103.46,374511.0
2017-03-01 12:00:00,103.33,103.34,103.33,103.33,626128.0
2017-03-01 12:15:00,103.28,103.29,103.27,103.29,572618.0
2017-03-01 12:30:00,103.29,103.29,103.29,103.29,582514.0
2017-03-01 12:45:00,103.27,103.27,103.27,103.27,404467.0
2017-03-01 13:15:00,103.21,103.23,103.2,103.21,550008.0
2017-03-01 13:30:00,103.2,103.21,103.2,103.21,579552.0
2017-03-01 13:45:00,103.12,103.12,103.11,103.12,510557.0
2017-03-01 14:00:00,103.01,103.01,103.01,103.01,627479.0
2017-03-01 14:15:00,103.07,103.08,103.07,103.08,414350.0
2017-03-01 14:30:00,102.99,102.99,102.99,102.99,537087.0
2017-03-01 14:45:00,103.06,103.06,103.06,103.06,385960.0
2017-03-01 15:00:00,102.91,102.93,102.91,102.91,395560.0
2017-03-01 15:15:00,102.86,102.87,102.85,102.86,470698.0
2017-03-01 15:45:00,102.62,102.63,102.62,102.62,402776.0
2017-03-02 09:30:00,102.36,102.38,102.36,102.37,889978.0
2017-03-02 09:45:00,102.17,102.17,102.16,102.17,634493.0
2017-03-02 10:00:00,102.16,102.18,102.16,102.17,555108.0
2017-03-02 10:15:00,101.89,101.9,101.88,101.89,541050.0
2017-03-02 10:45:00,101.66,101.67,101.66,101.66,565661.0
2017-03-02 11:00:00,101.47,101.48,101.47,101.48,558499.0
2017-03-02 11:15:00,101.36,101.37,101.35,101.35,758592.0
2017-03-02 11:45:00,101.06,101.07,101.06,101.06,753624.0
2017-03-02 12:00:00,100.93,100.94,100.93,100.93,634360.0
2017-03-02 12:15:00,100.87,100.88,100.87,100.88,912960.0
2017-03-02 12:30:00,100.73,100.74,100.73,100.73,861783.0
2017-03-02 12:45:00,100.58,100.59,100.58,100.59,855382.0
2017-03-02 13:00:00,100.46,100.47,100.46,100.46,547408.0
2017-03-02 13:15:00,100.26,100.27,100.25,100.26,761354.0
2017-03-02 13:30:00,100.16,100.17,100.16,100.16,783213.0
2017-03-02 13:45:00,100.08,100.09,100.07,100.08,795305.0
2017-03-02 14:00:00,99.95,99.96,99.95,99.96,668443.0
2017-03-02 14:15:00,99.76,99.77,99.75,99.75,845950.0
2017-03-02 14:45:00,99.48,99.49,99.48,99.48,596620.0
2017-03-02 15:00:00,99.39,99.4,99.39,99.4,587294.0
2017-03-02 15:15:00,99.28,99.29,99.27,99.28,569384.0
2017-03-02 15:45:00,99.05,99.06,99.04,99.06,632308.0
2017-03-03 09:30:00,98.6,98.61,98.6,98.61,592695.0
2017-03-03 09:45:00,98.56,98.56,98.56,98.56,671429.0
2017-03-03 10:00:00,98.58,98.59,98.57,98.58,762817.0
2017-03-03 10:15:00,98.55,98.55,98.55,98.55,585676.0
2017-03-03 10:30:00,98.59,98.59,98.59,98.59,858566.0
2017-03-03 10:45:00,98.54,98.55,98.54,98.54,965969.0
2017-03-03 11:00:00,98.56,98.57,98.56,98.57,1074644.0
2017-03-03 11:15:00,98.48,98.49,98.48,98.48,760387.0
2017-03-03 11:30:00,98.51,98.51,98.51,98.51,852370.0
2017-03-03 11:45:00,98.54,98.54,98.53,98.54,876111.0
2017-03-03 12:00:00,98.49,98.5,98.49,98.5,769131.0
2017-03-03 12:30:00,98.5,98.51,98.49,98.5,867645.0
2017-03-03 12:45:00,98.56,98.57,98.55,98.57,723907.0
2017-03-03 13:00:00,98.49,98.49,98.49,98.49,822914.0
2017-03-03 13:15:00,98.5,98.5,98.5,98.5,913779.0
2017-03-03 13:30:00,98.58,98.59,98.58,98.58,1058011.0
2017-03-03 13:45:00,98.5,98.5,98.5,98.5,1040439.0
2017-03-03 14:00:00,98.45,98.46,98.44,98.44,890513.0
2017-03-03 14:15:00,98.44,98.45,98.44,98.44,626322.0
2017-03-03 14:30:00,98.51,98.53,98.51,98.52,979621.0
2017-03-03 14:45:00,98.43,98.43,98.43,98.43,702689.0
2017-03-03 15:00:00,98.45,98.47,98.45,98.46,611845.0
2017-03-03 15:15:00,98.42,98.43,98.41,98.42,870009.0
2017-03-03 15:30:00,98.46,98.47,98.45,98.46,671666.0
2017-03-03 15:45:00,98.37,98.37,98.36,98.37,926090.0
2017-03-07 09:45:00,97.67,97.68,97.67,97.67,685209.0
2017-03-07 10:00:00,97.74,97.75,97.74,97.75,608294.0
2017-03-07 10:15:00,97.8,97.8,97.79,97.8,492390.0
2017-03-07 10:30:00,97.8,97.8,97.79,97.79,748325.0
2017-03-07 10:45:00,97.99,98.0,97.98,97.99,449014.0
2017-03-07 11:00:00,97.94,97.94,97.93,97.94,464631.0
2017-03-07 11:15:00,97.96,97.97,97.96,97.96,449769.0
2017-03-07 11:30:00,97.99,97.99,97.99,97.99,512016.0
2017-03-07 11:45:00,98.06,98.06,98.06,98.06,419070.0
2017-03-07 12:00:00,98.11,98.11,98.11,98.11,540314.0
2017-03-07 12:15:00,98.14,98.15,98.14,98.14,461718.0
2017-03-07 12:30:00,98.2,98.21,98.2,98.21,618945.0
2017-03-07 12:45:00,98.21,98.21,98.21,98.21,665096.0
2017-03-07 13:00:00,98.26,98.27,98.25,98.26,475778.0
2017-03-07 13:15:00,98.33,98.34,98.33,98.33,521651.0
2017-03-07 13:30:00,98.34,98.34,98.34,98.34,455154.0
2017-03-07 13:45:00,98.39,98.39,98.39,98.39,525889.0
2017-03-07 14:00:00,98.43,98.43,98.43,98.43,585673.0
2017-03-07 14:15:00,98.57,98.58,98.57,98.58,583447.0
2017-03-07 14:30:00,98.53,98.53,98.53,98.53,521611.0
2017-03-07 15:00:00,98.64,98.65,98.64,98.64,643551.0
2017-03-07 15:30:00,98.71,98.72,98.7,98.71,747647.0
2017-03-07 15:45:00,98.73,98.74,98.73,98.74,618475.0
2017-03-08 09:30:00,100.7,100.72,100.7,100.71,632626.0
2017-03-08 10:00:00,100.57,100.58,100.57,100.57,769483.0
2017-03-08 10:15:00,100.44,100.44,100.44,100.44,714377.0
2017-03-08 10:30:00,100.36,100.36,100.35,100.36,645152.0
2017-03-08 10:45:00,100.2,100.2,100.19,100.2,628325.0
2017-03-08 11:00:00,100.19,100.21,100.19,100.19,446043.0
2017-03-08 11:15:00,100.11,100.11,100.11,100.11,730688.0
2017-03-08 11:30:00,100.02,100.03,100.02,100.03,729002.0
2017-03-08 11:45:00,99.95,99.95,99.95,99.95,747788.0
2017-03-08 12:00:00,99.91,99.92,99.9,99.91,762459.0
2017-03-08 12:15:00,99.75,99.75,99.75,99.75,492274.0
2017-03-08 12:30:00,99.69,99.69,99.69,99.69,771613.0
2017-03-08 12:45:00,99.58,99.6,99.58,99.59,743548.0
2017-03-08 13:00:00,99.5,99.51,99.5,99.51,440331.0
2017-03-08 13:30:00,99.31,99.32,99.3,99.32,443606.0
2017-03-08 13:45:00,99.32,99.34,99.31,99.32,793767.0
2017-03-08 14:00:00,99.14,99.14,99.14,99.14,686234.0
2017-03-08 14:15:00,99.04,99.05,99.04,99.05,527202.0
2017-03-08 14:30:00,99.0,99.01,99.0,99.0,699257.0
2017-03-08 14:45:00,98.9,98.92,98.9,98.9,554981.0
2017-03-08 15:00:00,98.85,98.86,98.85,98.85,591900.0
2017-03-08 15:15:00,98.71,98.72,98.71,98.72,513749.0
2017-03-08 15:30:00,98.65,98.66,98.65,98.65,477608.0
2017-03-08 15:45:00,98.58,98.59,98.57,98.59,555724.0
2017-03-09 09:30:00,97.9,97.91,97.9,97.91,482142.0
2017-03-09 09:45:00,97.93,97.93,97.92,97.93,462787.0
2017-03-09 10:00:00,97.97,97.98,97.97,97.97,380542.0
2017-03-09 10:15:00,97.97,97.98,97.97,97.98,597299.0
2017-03-09 10:30:00,98.01,98.01,98.01,98.01,419802.0
2017-03-09 10:45:00,98.04,98.04,98.04,98.04,562762.0
2017-03-09 11:00:00,98.08,98.09,98.08,98.09,556166.0
2017-03-09 11:15:00,98.06,98.07,98.06,98.06,523354.0
2017-03-09 11:30:00,98.16,98.17,98.16,98.16,441495.0
2017-03-09 11:45:00,98.14,98.14,98.14,98.14,512352.0
2017-03-09 12:00:00,98.17,98.18,98.16,98.17,560525.0
2017-03-09 12:15:00,98.25,98.26,98.25,98.26,543060.0
2017-03-09 12:30:00,98.23,98.23,98.23,98.23,406800.0
2017-03-09 12:45:00,98.26,98.26,98.25,98.26,411984.0
2017-03-09 13:00:00,98.27,98.27,98.27,98.27,343309.0
2017-03-09 13:15:00,98.28,98.29,98.28,98.28,420719.0
2017-03-09 13:30:00,98.32,98.32,98.32,98.32,531961.0
2017-03-09 13:45:00,98.34,98.34,98.34,98.34,467490.0
2017-03-09 14:00:00,98.37,98.37,98.37,98.37,491089.0
2017-03-09 14:15:00,98.35,98.35,98.35,98.35,586308.0
2017-03-09 14:30:00,98.44,98.44,98.44,98.44,578950.0
2017-03-09 14:45:00,98.4,98.4,98.39,98.4,403584.0
2017-03-09 15:00:00,98.46,98.47,98.46,98.46,460295.0
2017-03-09 15:30:00,98.47,98.47,98.46,98.47,499185.0
2017-03-09 15:45:00,98.55,98.56,98.55,98.56,376233.0
2017-03-10 09:30:00,99.61,99.61,99.61,99.61,442863.0
2017-03-10 09:45:00,99.57,99.57,99.57,99.57,538987.0
2017-03-10 10:00:00,99.58,99.59,99.58,99.59,387248.0
2017-03-10 10:15:00,99.54,99.54,99.54,99.54,389257.0
2017-03-10 10:30:00,99.54,99.55,99.54,99.54,343013.0
2017-03-10 10:45:00,99.52,99.52,99.52,99.52,584826.0
2017-03-10 11:00:00,99.48,99.49,99.48,99.48,399380.0
2017-03-10 11:15:00,99.47,99.48,99.47,99.47,503437.0
2017-03-10 11:30:00,99.48,99.49,99.48,99.48,500618.0
2017-03-10 11:45:00,99.47,99.47,99.47,99.47,462799.0
2017-03-10 12:00:00,99.41,99.41,99.41,99.41,460229.0
2017-03-10 12:15:00,99.39,99.39,99.39,99.39,563269.0
2017-03-10 12:30:00,99.38,99.38,99.37,99.38,595589.0
2017-03-10 12:45:00,99.35,99.36,99.35,99.35,442016.0
2017-03-10 13:15:00,99.31,99.31,99.31,99.31,588664.0
2017-03-10 13:30:00,99.29,99.29,99.29,99.29,383057.0
2017-03-10 13:45:00,99.27,99.27,99.26,99.27,473316.0
2017-03-10 14:00:00,99.21,99.22,99.2,99.21,580822.0
2017-03-10 14:15:00,99.25,99.26,99.25,99.26,437548.0
2017-03-10 14:30:00,99.22,99.23,99.22,99.22,558476.0
2017-03-10 14:45:00,99.24,99.24,99.24,99.24,604916.0
2017-03-10 15:00:00,99.2,99.2,99.2,99.2,541537.0
2017-03-10 15:15:00,99.17,99.18,99.17,99.17,564125.0
2017-03-10 15:30:00,99.16,99.17,99.16,99.16,556021.0
2017-03-10 15:45:00,99.16,99.17,99.16,99.16,528350.0
2017-03-13 09:30:00,99.51,99.51,99.51,99.51,533062.0
2017-03-13 09:45:00,99.64,99.66,99.64,99.65,846811.0
2017-03-13 10:00:00,99.69,99.7,99.68,99.69,955682.0
2017-03-13 10:15:00,99.82,99.82,99.81,99.82,898481.0
2017-03-13 10:30:00,99.87,99.88,99.87,99.88,577310.0
2017-03-13 10:45:00,99.99,99.99,99.98,99.99,650784.0
2017-03-13 11:00:00,100.07,100.08,100.07,100.07,899473.0
2017-03-13 11:15:00,100.19,100.19,100.19,100.19,833881.0
2017-03-13 11:30:00,100.31,100.31,100.31,100.31,624292.0
2017-03-13 11:45:00,100.35,100.36,100.35,100.35,902849.0
2017-03-13 12:00:00,100.45,100.47,100.44,100.45,950168.0
2017-03-13 12:15:00,100.55,100.56,100.55,100.56,651976.0
2017-03-13 12:30:00,100.65,100.66,100.65,100.65,846522.0
2017-03-13 12:45:00,100.73,100.73,100.72,100.72,680331.0
2017-03-13 13:15:00,100.97,100.98,100.97,100.97,723612.0
2017-03-13 13:30:00,100.94,100.95,100.94,100.95,595186.0
2017-03-13 13:45:00,101.1,101.11,101.1,101.1,957014.0
2017-03-13 14:00:00,101.2,101.21,101.2,101.2,756655.0
2017-03-13 14:15:00,101.26,101.27,101.26,101.27,790958.0
2017-03-13 14:30:00,101.38,101.39,101.38,101.39,729151.0
2017-03-13 14:45:00,101.47,101.48,101.47,101.48,966963.0
2017-03-13 15:00:00,101.59,101.6,101.59,101.59,966048.0
2017-03-13 15:15:00,101.66,101.66,101.66,101.66,663491.0
2017-03-13 15:30:00,101.76,101.77,101.76,101.76,769764.0
2017-03-13 15:45:00,101.86,101.87,101.86,101.87,761412.0
2017-03-14 09:30:00,102.37,102.39,102.37,102.37,650081.0
2017-03-14 09:45:00,102.35,102.36,102.35,102.35,600615.0
2017-03-14 10:00:00,102.35,102.36,102.35,102.36,450749.0
2017-03-14 10:15:00,102.29,102.29,102.29,102.29,419056.0
2017-03-14 10:30:00,102.27,102.27,102.27,102.27,637715.0
2017-03-14 10:45:00,102.25,102.25,102.25,102.25,486119.0
2017-03-14 11:00:00,102.19,102.2,102.19,102.19,593094.0
2017-03-14 11:15:00,102.2,102.21,102.2,102.2,399985.0
2017-03-14 11:30:00,102.21,102.21,102.21,102.21,417940.0
2017-03-14 11:45:00,102.23,102.24,102.23,102.23,640515.0
2017-03-14 12:00:00,102.15,102.15,102.15,102.15,598727.0
2017-03-14 12:15:00,102.16,102.17,102.15,102.16,432140.0
2017-03-14 12:30:00,102.11,102.12,102.11,102.11,613622.0
2017-03-14 12:45:00,102.1,102.11,102.1,102.1,487144.0
2017-03-14 13:00:00,102.02,102.04,102.02,102.03,458844.0
2017-03-14 13:15:00,101.99,102.0,101.99,101.99,479498.0
2017-03-14 13:30:00,102.0,102.01,102.0,102.01,495800.0
2017-03-14 13:45:00,101.99,102.0,101.99,101.99,623586.0
2017-03-14 14:00:00,102.01,102.02,102.01,102.01,497217.0
2017-03-14 14:15:00,101.96,101.97,101.96,101.96,527477.0
2017-03-14 14:30:00,101.88,101.89,101.88,101.88,592222.0
2017-03-14 14:45:00,101.87,101.88,101.86,101.88,465777.0
2017-03-14 15:00:00,101.78,101.79,101.78,101.78,610337.0
2017-03-14 15:15:00,101.83,101.84,101.83,101.84,367935.0
2017-03-14 15:30:00,101.79,101.8,101.79,101.79,355010.0
2017-03-14 15:45:00,101.78,101.79,101.78,101.78,577095.0
2017-03-15 09:30:00,102.25,102.25,102.25,102.25,425519.0
2017-03-15 10:00:00,102.3,102.32,102.3,102.31,639687.0
2017-03-15 10:15:00,102.28,102.28,102.28,102.28,645201.0
2017-03-15 10:30:00,102.28,102.3,102.28,102.3,543557.0
2017-03-15 10:45:00,102.32,102.33,102.31,102.32,448164.0
2017-03-15 11:00:00,102.39,102.4,102.39,102.39,455703.0
2017-03-15 11:15:00,102.4,102.41,102.4,102.4,619404.0
2017-03-15 11:30:00,102.3,102.31,102.3,102.3,757288.0
2017-03-15 11:45:00,102.35,102.37,102.35,102.36,596787.0
2017-03-15 12:00:00,102.36,102.37,102.36,102.37,667233.0
2017-03-15 12:15:00,102.37,102.38,102.37,102.37,415344.0
2017-03-15 12:30:00,102.4,102.42,102.39,102.4,443677.0
2017-03-15 12:45:00,102.37,102.37,102.37,102.37,472299.0
2017-03-15 13:00:00,102.39,102.4,102.39,102.39,663994.0
2017-03-15 13:15:00,102.41,102.42,102.41,102.41,424628.0
2017-03-15 13:30:00,102.47,102.47,102.47,102.47,742099.0
2017-03-15 13:45:00,102.46,102.47,102.46,102.46,518370.0
2017-03-15 14:00:00,102.44,102.44,102.44,102.44,733191.0
2017-03-15 14:15:00,102.48,102.48,102.48,102.48,438985.0
2017-03-15 14:30:00,102.48,102.49,102.48,102.49,761817.0
2017-03-15 14:45:00,102.46,102.46,102.46,102.46,724258.0
2017-03-15 15:15:00,102.51,102.52,102.51,102.51,667827.0
2017-03-15 15:30:00,102.5,102.51,102.49,102.5,508816.0
2017-03-15 15:45:00,102.52,102.53,102.52,102.53,579278.0
2017-03-16 09:30:00,102.99,102.99,102.99,102.99,401784.0
2017-03-16 09:45:00,103.0,103.01,103.0,103.0,652669.0
2017-03-16 10:00:00,103.04,103.04,103.04,103.04,459004.0
2017-03-16 10:15:00,103.08,103.09,103.08,103.08,464870.0
2017-03-16 10:30:00,103.07,103.08,103.07,103.07,355556.0
2017-03-16 10:45:00,103.15,103.16,103.15,103.15,433675.0
2017-03-16 11:00:00,103.16,103.17,103.16,103.17,389498.0
2017-03-16 11:15:00,103.21,103.22,103.21,103.22,502164.0
2017-03-16 11:30:00,103.24,103.25,103.24,103.24,456556.0
2017-03-16 11:45:00,103.26,103.27,103.26,103.27,602389.0
2017-03-16 12:00:00,103.3,103.3,103.3,103.3,565570.0
2017-03-16 12:15:00,103.37,103.38,103.37,103.38,379581.0
2017-03-16 12:30:00,103.38,103.38,103.37,103.38,581444.0
2017-03-16 12:45:00,103.41,103.41,103.41,103.41,489387.0
2017-03-16 13:00:00,103.42,103.43,103.42,103.42,615221.0
2017-03-16 13:15:00,103.47,103.48,103.47,103.47,577988.0
2017-03-16 13:30:00,103.5,103.5,103.49,103.5,549126.0
2017-03-16 13:45:00,103.54,103.54,103.54,103.54,451128.0
2017-03-16 14:00:00,103.57,103.57,103.57,103.57,411117.0
2017-03-16 14:15:00,103.65,103.65,103.65,103.65,617730.0
2017-03-16 14:30:00,103.66,103.66,103.66,103.66,431772.0
2017-03-16 14:45:00,103.69,103.69,103.68,103.69,408862.0
2017-03-16 15:00:00,103.72,103.72,103.72,103.72,626272.0
2017-03-16 15:15:00,103.74,103.75,103.74,103.75,381441.0
2017-03-16 15:30:00,103.78,103.78,103.78,103.78,430916.0
2017-03-16 15:45:00,103.82,103.82,103.81,103.81,599846.0
2017-03-17 09:30:00,104.53,104.53,104.53,104.53,1072839.0
2017-03-17 09:45:00,104.58,104.59,104.58,104.59,945621.0
2017-03-17 10:00:00,104.62,104.62,104.62,104.62,1237392.0
2017-03-17 10:15:00,104.71,104.71,104.7,104.71,1062152.0
2017-03-17 10:30:00,104.8,104.81,104.8,104.81,916365.0
2017-03-17 10:45:00,104.85,104.85,104.84,104.85,1285495.0
2017-03-17 11:00:00,104.84,104.85,104.84,104.84,935279.0
2017-03-17 11:15:00,105.02,105.04,105.02,105.03,1371854.0
2017-03-17 11:30:00,105.06,105.07,105.06,105.06,832882.0
2017-03-17 11:45:00,105.09,105.11,105.09,105.09,1384119.0
2017-03-17 12:00:00,105.15,105.15,105.15,105.15,826835.0
2017-03-17 12:15:00,105.18,105.19,105.18,105.18,1283728.0
2017-03-17 12:30:00,105.24,105.24,105.24,105.24,1322627.0
2017-03-17 12:45:00,105.31,105.31,105.3,105.31,1242457.0
2017-03-17 13:00:00,105.32,105.34,105.32,105.33,1048860.0
2017-03-17 13:15:00,105.48,105.49,105.48,105.49,1283017.0
2017-03-17 13:30:00,105.49,105.5,105.48,105.49,1395443.0
2017-03-17 13:45:00,105.56,105.57,105.55,105.56,1220311.0
2017-03-17 14:00:00,105.64,105.65,105.64,105.64,970991.0
2017-03-17 14:15:00,105.7,105.7,105.7,105.7,859177.0
2017-03-17 14:30:00,105.75,105.76,105.75,105.76,1194406.0
2017-03-17 14:45:00,105.81,105.82,105.81,105.81,921334.0
2017-03-17 15:00:00,105.85,105.86,105.85,105.86,1059509.0
2017-03-17 15:15:00,105.96,105.96,105.95,105.96,956229.0
2017-03-17 15:30:00,105.99,105.99,105.99,105.99,1251173.0
2017-03-17 15:45:00,105.99,106.0,105.99,105.99,821225.0
2017-03-20 09:30:00,106.81,106.82,106.8,106.81,735893.0
2017-03-20 09:45:00,106.91,106.92,106.91,106.91,673480.0
2017-03-20 10:00:00,106.93,106.94,106.93,106.93,550913.0
2017-03-20 10:15:00,107.1,107.11,107.1,107.1,558274.0
2017-03-20 10:30:00,107.16,107.17,107.15,107.15,527255.0
2017-03-20 11:00:00,107.42,107.42,107.42,107.42,570680.0
2017-03-20 11:15:00,107.53,107.54,107.53,107.53,625387.0
2017-03-20 11:45:00,107.75,107.77,107.75,107.76,812254.0
2017-03-20 12:00:00,107.88,107.88,107.88,107.88,835712.0
2017-03-20 12:15:00,107.96,107.96,107.94,107.96,811310.0
2017-03-20 12:30:00,108.06,108.07,108.06,108.06,762519.0
2017-03-20 12:45:00,108.12,108.13,108.11,108.13,804161.0
2017-03-20 13:00:00,108.23,108.24,108.22,108.23,777120.0
2017-03-20 13:15:00,108.37,108.37,108.36,108.37,702088.0
2017-03-20 13:30:00,108.51,108.52,108.51,108.51,517774.0
2017-03-20 13:45:00,108.57,108.58,108.57,108.58,812805.0
2017-03-20 14:00:00,108.73,108.74,108.73,108.73,870910.0
2017-03-20 14:15:00,108.81,108.81,108.8,108.81,644785.0
2017-03-20 14:30:00,108.91,108.92,108.91,108.91,870184.0
2017-03-20 14:45:00,109.22,109.25,109.22,109.23,657212.0
2017-03-20 15:00:00,109.14,109.14,109.14,109.14,884809.0
2017-03-20 15:30:00,109.34,109.34,109.33,109.34,577831.0
2017-03-20 15:45:00,109.41,109.42,109.41,109.42,729932.0
2017-03-21 09:30:00,108.73,108.74,108.73,108.73,925320.0
2017-03-21 09:45:00,108.68,108.68,108.67,108.68,1068016.0
2017-03-21 10:00:00,108.55,108.58,108.53,108.57,831662.0
2017-03-21 10:15:00,108.37,108.37,108.36,108.37,929145.0
2017-03-21 10:45:00,108.07,108.08,108.07,108.08,900529.0
2017-03-21 11:00:00,108.1,108.12,108.1,108.11,780641.0
2017-03-21 11:15:00,107.79,107.82,107.78,107.8,1134078.0
2017-03-21 11:45:00,107.77,107.79,107.77,107.79,1036735.0
2017-03-21 12:00:00,107.58,107.59,107.57,107.58,1000834.0
2017-03-21 12:15:00,107.5,107.51,107.5,107.51,989401.0
2017-03-21 12:30:00,107.37,107.39,107.36,107.38,1074735.0
2017-03-21 12:45:00,107.44,107.46,107.44,107.45,775331.0
2017-03-21 13:00:00,107.2,107.23,107.2,107.21,655535.0
2017-03-21 13:15:00,107.03,107.05,107.03,107.03,677704.0
2017-03-21 13:30:00,106.93,106.93,106.93,106.93,791890.0
2017-03-21 13:45:00,106.81,106.82,106.81,106.81,768886.0
2017-03-21 14:00:00,106.7,106.7,106.7,106.7,1037740.0
2017-03-21 14:15:00,106.56,106.57,106.55,106.56,851760.0
2017-03-21 14:45:00,106.35,106.36,106.35,106.35,727483.0
2017-03-21 15:00:00,106.25,106.27,106.24,106.25,1109406.0
2017-03-21 15:15:00,106.15,106.16,106.15,106.15,714051.0
2017-03-21 15:45:00,105.83,105.85,105.83,105.83,702304.0
2017-03-22 09:30:00,105.56,105.58,105.56,105.57,621629.0
2017-03-22 09:45:00,105.58,105.59,105.58,105.58,681916.0
2017-03-22 10:00:00,105.66,105.67,105.66,105.66,584656.0
2017-03-22 10:15:00,105.79,105.8,105.79,105.79,585741.0
2017-03-22 10:30:00,105.87,105.88,105.87,105.87,532475.0
2017-03-22 10:45:00,106.03,106.04,106.02,106.03,463590.0
2017-03-22 11:00:00,106.03,106.03,106.01,106.03,423038.0
2017-03-22 11:15:00,106.15,106.15,106.15,106.15,573817.0
2017-03-22 11:30:00,106.28,106.28,106.27,106.27,488877.0
2017-03-22 11:45:00,106.37,106.37,106.37,106.37,711639.0
2017-03-22 12:15:00,106.62,106.62,106.62,106.62,627347.0
2017-03-22 12:45:00,106.81,106.83,106.81,106.82,598792.0
2017-03-22 13:00:00,106.92,106.92,106.92,106.92,491644.0
2017-03-22 13:15:00,107.03,107.03,107.03,107.03,418289.0
2017-03-22 13:30:00,107.11,107.12,107.1,107.11,586501.0
2017-03-22 14:00:00,107.32,107.32,107.31,107.32,562924.0
2017-03-22 14:15:00,107.46,107.46,107.45,107.46,470244.0
2017-03-22 14:30:00,107.56,107.56,107.56,107.56,416740.0
2017-03-22 14:45:00,107.66,107.66,107.66,107.66,472266.0
2017-03-22 15:00:00,107.73,107.75,107.72,107.74,589971.0
2017-03-22 15:15:00,107.83,107.83,107.83,107.83,524243.0
2017-03-22 15:30:00,108.04,108.06,108.03,108.04,502238.0
2017-03-22 15:45:00,108.08,108.09,108.07,108.09,572678.0
2017-03-23 09:30:00,107.77,107.78,107.77,107.77,483448.0
2017-03-23 10:00:00,107.67,107.68,107.67,107.67,541020.0
2017-03-23 10:15:00,107.71,107.72,107.7,107.71,437981.0
2017-03-23 10:30:00,107.64,107.66,107.64,107.64,550448.0
2017-03-23 10:45:00,107.62,107.63,107.62,107.63,511247.0
2017-03-23 11:00:00,107.6,107.6,107.6,107.6,369843.0
2017-03-23 11:15:00,107.56,107.56,107.56,107.56,499333.0
2017-03-23 11:30:00,107.56,107.56,107.56,107.56,446774.0
2017-03-23 11:45:00,107.5,107.51,107.5,107.5,656539.0
2017-03-23 12:00:00,107.48,107.48,107.48,107.48,524199.0
2017-03-23 12:15:00,107.44,107.45,107.43,107.44,625320.0
2017-03-23 12:30:00,107.43,107.44,107.43,107.43,416034.0
2017-03-23 12:45:00,107.39,107.4,107.39,107.4,603968.0
2017-03-23 13:15:00,107.35,107.35,107.35,107.35,588906.0
2017-03-23 13:30:00,107.31,107.31,107.31,107.31,584670.0
2017-03-23 13:45:00,107.33,107.34,107.32,107.33,400158.0
2017-03-23 14:00:00,107.28,107.28,107.28,107.28,664642.0
2017-03-23 14:15:00,107.19,107.2,107.19,107.19,425585.0
2017-03-23 14:30:00,107.22,107.23,107.22,107.22,395206.0
2017-03-23 15:00:00,107.18,107.18,107.17,107.18,657855.0
2017-03-23 15:15:00,107.13,107.13,107.13,107.13,451123.0
2017-03-23 15:30:00,107.11,107.11,107.11,107.11,376837.0
2017-03-24 09:30:00,108.96,108.96,108.96,108.96,357170.0
2017-03-24 09:45:00,108.92,108.93,108.92,108.92,458958.0
2017-03-24 10:00:00,108.91,108.92,108.91,108.91,505746.0
2017-03-24 10:15:00,108.83,108.84,108.82,108.83,314431.0
2017-03-24 10:30:00,108.8,108.81,108.79,108.81,378219.0
2017-03-24 10:45:00,108.67,108.68,108.67,108.68,342439.0
2017-03-24 11:00:00,108.61,108.61,108.6,108.61,360687.0
2017-03-24 11:15:00,108.55,108.55,108.55,108.55,516072.0
2017-03-24 11:30:00,108.5,108.51,108.5,108.51,337656.0
2017-03-24 12:00:00,108.32,108.32,108.31,108.32,484011.0
2017-03-24 12:15:00,108.34,108.35,108.34,108.35,445727.0
2017-03-24 12:30:00,108.2,108.2,108.2,108.2,471533.0
2017-03-24 12:45:00,108.26,108.27,108.26,108.26,301044.0
2017-03-24 13:00:00,108.14,108.14,108.14,108.14,476384.0
2017-03-24 13:15:00,108.06,108.06,108.06,108.06,399489.0
2017-03-24 13:30:00,107.91,107.93,107.91,107.92,477639.0
2017-03-24 13:45:00,107.94,107.95,107.94,107.94,547831.0
2017-03-24 14:00:00,107.95,107.96,107.94,107.95,348588.0
2017-03-24 14:15:00,107.8,107.81,107.8,107.81,491331.0
2017-03-24 14:30:00,107.76,107.76,107.76,107.76,365113.0
2017-03-24 14:45:00,107.7,107.71,107.7,107.7,454644.0
2017-03-24 15:00:00,107.64,107.64,107.64,107.64,419357.0
2017-03-24 15:15:00,107.59,107.6,107.59,107.59,363073.0
2017-03-24 15:30:00,107.47,107.48,107.46,107.47,359551.0
2017-03-27 09:45:00,105.72,105.73,105.72,105.72,424088.0
2017-03-27 10:00:00,105.87,105.89,105.87,105.89,512507.0
2017-03-27 10:15:00,105.91,105.93,105.9,105.91,496562.0
2017-03-27 10:30:00,106.02,106.05,106.01,106.03,435497.0
2017-03-27 10:45:00,106.1,106.11,106.1,106.11,349937.0
2017-03-27 11:00:00,106.28,106.29,106.28,106.29,464515.0
2017-03-27 11:30:00,106.52,106.55,106.52,106.52,524949.0
2017-03-27 11:45:00,106.52,106.54,106.52,106.52,363859.0
2017-03-27 12:00:00,106.59,106.6,106.59,106.6,472001.0
2017-03-27 12:15:00,106.8,106.8,106.8,106.8,509773.0
2017-03-27 12:30:00,106.85,106.86,106.83,106.85,570272.0
2017-03-27 12:45:00,106.92,106.94,106.91,106.93,388098.0
2017-03-27 13:00:00,107.18,107.19,107.17,107.18,378588.0
2017-03-27 13:15:00,107.17,107.17,107.17,107.17,457785.0
2017-03-27 13:30:00,107.27,107.3,107.27,107.28,612314.0
2017-03-27 13:45:00,107.34,107.35,107.34,107.35,521051.0
2017-03-27 14:00:00,107.55,107.57,107.55,107.55,577237.0
2017-03-27 14:15:00,107.62,107.64,107.6,107.63,557253.0
2017-03-27 14:45:00,107.83,107.84,107.83,107.84,476605.0
2017-03-27 15:00:00,107.91,107.92,107.91,107.91,527679.0
2017-03-27 15:15:00,107.96,107.97,107.96,107.97,380031.0
2017-03-27 15:30:00,108.19,108.2,108.19,108.19,556362.0
2017-03-27 15:45:00,108.24,108.25,108.24,108.25,559268.0
2017-03-28 09:30:00,108.29,108.3,108.29,108.29,433778.0
2017-03-28 09:45:00,108.26,108.27,108.26,108.27,341262.0
2017-03-28 10:00:00,108.24,108.24,108.24,108.24,436993.0
2017-03-28 10:15:00,108.18,108.19,108.18,108.19,294325.0
2017-03-28 10:30:00,108.21,108.21,108.2,108.2,396062.0
2017-03-28 10:45:00,108.17,108.17,108.17,108.17,535045.0
2017-03-28 11:00:00,108.16,108.17,108.16,108.17,539937.0
2017-03-28 11:15:00,108.12,108.12,108.12,108.12,452664.0
2017-03-28 11:30:00,108.11,108.11,108.11,108.11,294169.0
2017-03-28 11:45:00,108.09,108.09,108.09,108.09,374746.0
2017-03-28 12:00:00,108.06,108.06,108.06,108.06,333380.0
2017-03-28 12:15:00,108.05,108.06,108.05,108.05,346369.0
2017-03-28 12:30:00,108.01,108.02,108.01,108.02,507435.0
2017-03-28 12:45:00,107.98,107.98,107.98,107.98,348870.0
2017-03-28 13:00:00,107.95,107.95,107.95,107.95,294804.0
2017-03-28 13:15:00,107.9,107.9,107.9,107.9,330753.0
2017-03-28 13:30:00,107.91,107.91,107.91,107.91,414028.0
2017-03-28 13:45:00,107.88,107.89,107.88,107.89,478785.0
2017-03-28 14:00:00,107.86,107.87,107.86,107.86,527292.0
2017-03-28 14:15:00,107.84,107.84,107.84,107.84,330038.0
2017-03-28 14:30:00,107.83,107.84,107.83,107.83,384897.0
2017-03-28 14:45:00,107.76,107.77,107.76,107.76,382034.0
2017-03-28 15:00:00,107.75,107.75,107.75,107.75,410100.0
2017-03-28 15:15:00,107.77,107.77,107.77,107.77,421672.0
2017-03-28 15:30:00,107.73,107.73,107.72,107.73,353529.0
2017-03-28 15:45:00,107.66,107.66,107.66,107.66,510703.0
2017-03-29 09:30:00,107.99,107.99,107.99,107.99,401441.0
2017-03-29 09:45:00,108.0,108.0,107.99,108.0,389243.0
2017-03-29 10:00:00,107.93,107.93,107.93,107.93,279556.0
2017-03-29 10:15:00,107.91,107.91,107.91,107.91,305682.0
2017-03-29 10:30:00,107.88,107.88,107.88,107.88,313449.0
2017-03-29 10:45:00,107.83,107.83,107.82,107.82,288522.0
2017-03-29 11:00:00,107.82,107.82,107.82,107.82,263426.0
2017-03-29 11:15:00,107.85,107.85,107.84,107.85,424577.0
2017-03-29 11:30:00,107.78,107.79,107.78,107.78,302671.0
2017-03-29 11:45:00,107.75,107.76,107.75,107.75,254721.0
2017-03-29 12:00:00,107.72,107.73,107.72,107.72,360726.0
2017-03-29 12:15:00,107.71,107.71,107.71,107.71,388515.0
2017-03-29 12:30:00,107.67,107.67,107.67,107.67,338851.0
2017-03-29 12:45:00,107.64,107.64,107.64,107.64,425787.0
2017-03-29 13:00:00,107.62,107.62,107.62,107.62,312597.0
2017-03-29 13:15:00,107.6,107.61,107.6,107.61,251018.0
2017-03-29 13:30:00,107.57,107.57,107.57,107.57,344050.0
2017-03-29 13:45:00,107.55,107.55,107.55,107.55,435914.0
2017-03-29 14:00:00,107.53,107.53,107.53,107.53,247296.0
2017-03-29 14:15:00,107.49,107.49,107.49,107.49,306149.0
2017-03-29 14:30:00,107.42,107.42,107.42,107.42,413109.0
2017-03-29 14:45:00,107.41,107.41,107.41,107.41,351565.0
2017-03-29 15:00:00,107.41,107.41,107.41,107.41,304082.0
2017-03-29 15:15:00,107.39,107.39,107.39,107.39,269831.0
2017-03-29 15:30:00,107.4,107.4,107.4,107.4,428859.0
2017-03-29 15:45:00,107.37,107.37,107.36,107.37,311577.0
2017-03-30 09:30:00,107.61,107.61,107.61,107.61,448394.0
2017-03-30 09:45:00,107.68,107.68,107.68,107.68,611406.0
2017-03-30 10:00:00,107.75,107.75,107.75,107.75,613765.0
2017-03-30 10:15:00,107.81,107.82,107.81,107.81,645010.0
2017-03-30 10:30:00,107.92,107.93,107.92,107.92,409805.0
2017-03-30 10:45:00,107.96,107.97,107.96,107.96,607223.0
2017-03-30 11:15:00,108.13,108.14,108.13,108.14,530679.0
2017-03-30 11:30:00,108.22,108.22,108.22,108.22,543337.0
2017-03-30 11:45:00,108.21,108.22,108.21,108.22,582872.0
2017-03-30 12:00:00,108.34,108.35,108.34,108.35,451750.0
2017-03-30 12:15:00,108.41,108.41,108.4,108.4,527605.0
2017-03-30 12:30:00,108.48,108.48,108.48,108.48,449269.0
2017-03-30 13:00:00,108.61,108.61,108.61,108.61,656473.0
2017-03-30 13:15:00,108.71,108.72,108.71,108.72,498672.0
2017-03-30 13:30:00,108.77,108.79,108.77,108.78,561793.0
2017-03-30 13:45:00,108.8,108.81,108.79,108.8,575990.0
2017-03-30 14:00:00,108.88,108.89,108.88,108.88,510435.0
2017-03-30 14:15:00,108.98,108.98,108.98,108.98,621843.0
2017-03-30 14:45:00,109.12,109.13,109.12,109.13,652452.0
2017-03-30 15:00:00,109.2,109.2,109.2,109.2,655920.0
2017-03-30 15:30:00,109.27,109.28,109.27,109.28,505246.0
2017-03-30 15:45:00,109.42,109.42,109.42,109.42,594018.0
2017-03-31 09:30:00,109.03,109.03,109.03,109.03,394096.0
2017-03-31 09:45:00,109.0,109.0,109.0,109.0,336324.0
2017-03-31 10:00:00,109.0,109.0,109.0,109.0,467302.0
2017-03-31 10:15:00,108.98,108.99,108.98,108.99,379632.0
2017-03-31 10:30:00,108.99,108.99,108.98,108.99,500608.0
2017-03-31 10:45:00,108.98,108.98,108.98,108.98,350617.0
2017-03-31 11:00:00,108.99,108.99,108.99,108.99,440455.0
2017-03-31 11:15:00,108.99,108.99,108.99,108.99,520568.0
2017-03-31 11:30:00,109.01,109.01,109.01,109.01,461446.0
2017-03-31 12:15:00,108.95,108.96,108.95,108.95,356044.0
2017-03-31 12:30:00,108.97,108.98,108.97,108.98,440653.0
2017-03-31 12:45:00,108.98,108.99,108.98,108.99,336523.0
2017-03-31 13:00:00,108.97,108.97,108.96,108.96,470103.0
2017-03-31 13:15:00,108.98,108.99,108.98,108.99,516894.0
2017-03-31 13:30:00,108.97,108.97,108.97,108.97,495496.0
2017-03-31 13:45:00,108.96,108.97,108.96,108.97,397421.0
2017-03-31 14:00:00,108.95,108.95,108.95,108.95,411845.0
2017-03-31 14:15:00,108.95,108.96,108.95,108.95,332123.0
2017-03-31 14:30:00,108.94,108.95,108.94,108.94,299536.0
2017-03-31 14:45:00,108.93,108.94,108.93,108.94,359927.0
2017-03-31 15:00:00,108.94,108.94,108.94,108.94,379174.0
2017-03-31 15:15:00,108.93,108.93,108.93,108.93,325787.0
2017-03-31 15:30:00,108.91,108.92,108.91,108.91,497725.0
2017-04-03 09:30:00,108.92,108.93,108.91,108.92,400549.0
2017-04-03 09:45:00,108.93,108.93,108.93,108.93,504861.0
2017-04-03 10:00:00,108.87,108.87,108.87,108.87,397300.0
2017-04-03 10:15:00,108.91,108.93,108.91,108.92,383418.0
2017-04-03 10:30:00,108.87,108.89,108.87,108.87,303067.0
2017-04-03 10:45:00,108.82,108.83,108.82,108.82,474237.0
2017-04-03 11:00:00,108.81,108.81,108.81,108.81,351036.0
2017-04-03 11:15:00,108.79,108.79,108.79,108.79,539323.0
2017-04-03 11:30:00,108.73,108.74,108.73,108.74,332824.0
2017-04-03 11:45:00,108.78,108.78,108.77,108.77,330652.0
2017-04-03 12:15:00,108.71,108.71,108.71,108.71,433027.0
2017-04-03 12:30:00,108.68,108.68,108.67,108.68,359322.0
2017-04-03 12:45:00,108.69,108.7,108.69,108.7,422273.0
2017-04-03 13:00:00,108.66,108.66,108.66,108.66,402817.0
2017-04-03 13:15:00,108.68,108.69,108.67,108.67,343107.0
2017-04-03 13:30:00,108.57,108.58,108.57,108.58,486516.0
2017-04-03 14:00:00,108.57,108.58,108.57,108.57,411736.0
2017-04-03 14:15:00,108.51,108.52,108.51,108.52,538865.0
2017-04-03 14:30:00,108.45,108.45,108.45,108.45,464399.0
2017-04-03 14:45:00,108.46,108.47,108.46,108.46,487165.0
2017-04-03 15:00:00,108.45,108.45,108.45,108.45,386785.0
2017-04-03 15:15:00,108.43,108.43,108.42,108.43,359459.0
2017-04-03 15:30:00,108.36,108.36,108.35,108.36,451584.0
2017-04-03 15:45:00,108.34,108.35,108.34,108.35,507844.0
2017-04-04 09:45:00,103.31,103.31,103.3,103.31,1307265.0
2017-04-04 10:00:00,103.12,103.14,103.11,103.13,1517596.0
2017-04-04 10:15:00,103.14,103.15,103.14,103.15,1324291.0
2017-04-04 10:30:00,102.93,102.94,102.92,102.94,892134.0
2017-04-04 10:45:00,102.85,102.87,102.84,102.86,1586497.0
2017-04-04 11:15:00,102.72,102.73,102.71,102.73,1490135.0
2017-04-04 11:30:00,102.57,102.57,102.56,102.57,1053064.0
2017-04-04 11:45:00,102.41,102.41,102.41,102.41,1149928.0
2017-04-04 12:00:00,102.35,102.35,102.34,102.35,1186878.0
2017-04-04 12:15:00,102.23,102.24,102.23,102.23,926436.0
2017-04-04 12:30:00,102.13,102.13,102.13,102.13,1256340.0
2017-04-04 12:45:00,102.03,102.03,102.03,102.03,1577103.0
2017-04-04 13:15:00,101.82,101.83,101.82,101.83,880686.0
2017-04-04 13:30:00,101.65,101.66,101.65,101.66,893291.0
2017-04-04 13:45:00,101.64,101.65,101.64,101.64,1371613.0
2017-04-04 14:00:00,101.55,101.55,101.54,101.55,1419039.0
2017-04-04 14:15:00,101.41,101.41,101.39,101.41,905308.0
2017-04-04 14:30:00,101.31,101.32,101.31,101.31,1337893.0
2017-04-04 14:45:00,101.21,101.21,101.21,101.21,1327641.0
2017-04-04 15:00:00,101.05,101.05,101.04,101.05,859660.0
2017-04-04 15:15:00,100.95,100.96,100.95,100.96,1329332.0
2017-04-04 15:45:00,100.78,100.78,100.77,100.78,899329.0
2017-04-05 09:30:00,99.97,99.98,99.96,99.97,861577.0
2017-04-05 09:45:00,100.03,100.04,100.03,100.03,771670.0
2017-04-05 10:00:00,100.01,100.02,100.01,100.01,562496.0
2017-04-05 10:15:00,100.03,100.03,100.03,100.03,519653.0
2017-04-05 10:30:00,100.04,100.05,100.03,100.03,600657.0
2017-04-05 10:45:00,99.99,100.0,99.98,99.99,720130.0
2017-04-05 11:00:00,100.04,100.05,100.04,100.04,529031.0
2017-04-05 11:15:00,100.0,100.0,100.0,100.0,889044.0
2017-04-05 11:45:00,100.01,100.01,100.01,100.01,615735.0
2017-04-05 12:00:00,100.03,100.04,100.03,100.03,569645.0
2017-04-05 12:15:00,100.02,100.03,100.01,100.03,919998.0
2017-04-05 12:30:00,100.0,100.01,100.0,100.0,851784.0
2017-04-05 12:45:00,100.02,100.02,100.02,100.02,894583.0
2017-04-05 13:00:00,100.0,100.01,100.0,100.0,796306.0
2017-04-05 13:15:00,100.03,100.04,100.03,100.04,531848.0
2017-04-05 13:30:00,100.03,100.03,100.03,100.03,905832.0
2017-04-05 13:45:00,100.04,100.06,100.04,100.05,783732.0
2017-04-05 14:00:00,99.99,100.0,99.99,100.0,559535.0
2017-04-05 14:15:00,100.03,100.03,100.03,100.03,728393.0
2017-04-05 14:30:00,100.04,100.04,100.04,100.04,633458.0
2017-04-05 14:45:00,100.03,100.03,100.03,100.03,870722.0
2017-04-05 15:15:00,100.03,100.03,100.03,100.03,629152.0
2017-04-05 15:30:00,100.04,100.05,100.03,100.04,855842.0
2017-04-05 15:45:00,100.03,100.04,100.03,100.04,908707.0
2017-04-06 09:30:00,100.23,100.23,100.23,100.23,532426.0
2017-04-06 09:45:00,100.23,100.25,100.23,100.24,483795.0
2017-04-06 10:00:00,100.29,100.3,100.29,100.29,699757.0
2017-04-06 10:15:00,100.32,100.32,100.32,100.32,634611.0
2017-04-06 10:30:00,100.41,100.41,100.4,100.41,581456.0
2017-04-06 10:45:00,100.36,100.37,100.36,100.36,765460.0
2017-04-06 11:00:00,100.35,100.35,100.34,100.35,781461.0
2017-04-06 11:15:00,100.36,100.37,100.36,100.37,643492.0
2017-04-06 11:30:00,100.42,100.43,100.41,100.41,446277.0
2017-04-06 12:00:00,100.46,100.47,100.46,100.47,591521.0
2017-04-06 12:15:00,100.46,100.47,100.45,100.46,771144.0
2017-04-06 12:30:00,100.48,100.48,100.48,100.48,529557.0
2017-04-06 12:45:00,100.5,100.5,100.5,100.5,467803.0
2017-04-06 13:00:00,100.51,100.52,100.51,100.51,544461.0
2017-04-06 13:15:00,100.55,100.56,100.55,100.55,460518.0
2017-04-06 13:30:00,100.56,100.58,100.55,100.56,567840.0
2017-04-06 13:45:00,100.59,100.6,100.58,100.59,730616.0
2017-04-06 14:00:00,100.56,100.56,100.56,100.56,758587.0
2017-04-06 14:15:00,100.72,100.73,100.72,100.73,680916.0
2017-04-06 14:30:00,100.65,100.65,100.65,100.65,689285.0
2017-04-06 14:45:00,100.77,100.78,100.76,100.78,785806.0
2017-04-06 15:30:00,100.73,100.73,100.72,100.72,630696.0
2017-04-06 15:45:00,100.75,100.75,100.75,100.75,766602.0
2017-04-07 09:30:00,101.02,101.02,101.02,101.02,454670.0
2017-04-07 09:45:00,101.03,101.04,101.02,101.03,386582.0
2017-04-07 10:00:00,100.94,100.94,100.94,100.94,365845.0
2017-04-07 10:15:00,100.95,100.95,100.94,100.95,428029.0
2017-04-07 10:30:00,100.91,100.91,100.91,100.91,518415.0
2017-04-07 10:45:00,100.9,100.9,100.9,100.9,302569.0
2017-04-07 11:00:00,100.86,100.86,100.86,100.86,356321.0
2017-04-07 11:15:00,100.83,100.83,100.83,100.83,364027.0
2017-04-07 11:30:00,100.8,100.81,100.8,100.81,507282.0
2017-04-07 11:45:00,100.8,100.8,100.79,100.8,291147.0
2017-04-07 12:00:00,100.77,100.78,100.77,100.78,388478.0
2017-04-07 12:15:00,100.72,100.72,100.72,100.72,501490.0
2017-04-07 12:30:00,100.69,100.69,100.68,100.68,529367.0
2017-04-07 12:45:00,100.67,100.67,100.66,100.67,430903.0
2017-04-07 13:00:00,100.65,100.65,100.65,100.65,494549.0
2017-04-07 13:30:00,100.56,100.56,100.56,100.56,310342.0
2017-04-07 13:45:00,100.56,100.56,100.56,100.56,496025.0
2017-04-07 14:00:00,100.53,100.53,100.53,100.53,409883.0
2017-04-07 14:15:00,100.51,100.51,100.51,100.51,421767.0
2017-04-07 14:30:00,100.47,100.47,100.47,100.47,370863.0
2017-04-07 14:45:00,100.46,100.46,100.46,100.46,458420.0
2017-04-07 15:00:00,100.43,100.43,100.43,100.43,405294.0
2017-04-07 15:15:00,100.37,100.37,100.37,100.37,367144.0
2017-04-07 15:30:00,100.35,100.35,100.35,100.35,465151.0
2017-04-07 15:45:00,100.33,100.33,100.33,100.33,330435.0
2017-04-10 09:30:00,100.39,100.4,100.38,100.39,787547.0
2017-04-10 09:45:00,100.3,100.31,100.29,100.3,911620.0
2017-04-10 10:00:00,100.13,100.14,100.12,100.14,723997.0
2017-04-10 10:15:00,100.05,100.05,100.05,100.05,633882.0
2017-04-10 10:30:00,99.97,99.98,99.97,99.98,942804.0
2017-04-10 10:45:00,99.93,99.93,99.91,99.93,702110.0
2017-04-10 11:00:00,99.79,99.81,99.79,99.79,621535.0
2017-04-10 11:15:00,99.65,99.66,99.65,99.65,529491.0
2017-04-10 11:30:00,99.49,99.49,99.49,99.49,676714.0
2017-04-10 11:45:00,99.33,99.34,99.33,99.33,681262.0
2017-04-10 12:00:00,99.35,99.36,99.35,99.35,755134.0
2017-04-10 12:15:00,99.22,99.22,99.22,99.22,830513.0
2017-04-10 12:30:00,99.04,99.05,99.04,99.04,659586.0
2017-04-10 12:45:00,98.98,98.98,98.97,98.97,878174.0
2017-04-10 13:00:00,98.9,98.9,98.9,98.9,667153.0
2017-04-10 13:15:00,98.8,98.8,98.8,98.8,596740.0
2017-04-10 13:30:00,98.77,98.77,98.76,98.77,564592.0
2017-04-10 13:45:00,98.61,98.63,98.6,98.61,843126.0
2017-04-10 14:00:00,98.43,98.43,98.41,98.43,601378.0
2017-04-10 14:15:00,98.39,98.39,98.39,98.39,569566.0
2017-04-10 14:45:00,98.16,98.17,98.16,98.17,628723.0
2017-04-10 15:00:00,98.09,98.09,98.08,98.08,676497.0
2017-04-10 15:15:00,97.98,97.98,97.97,97.98,603559.0
2017-04-10 15:30:00,97.87,97.89,97.87,97.88,909957.0
2017-04-10 15:45:00,97.81,97.82,97.81,97.81,702202.0
2017-04-12 09:30:00,98.12,98.13,98.12,98.12,445515.0
2017-04-12 09:45:00,98.11,98.11,98.11,98.11,484682.0
2017-04-12 10:00:00,98.04,98.05,98.04,98.05,290170.0
2017-04-12 10:15:00,98.01,98.01,98.01,98.01,372889.0
2017-04-12 10:30:00,97.99,97.99,97.98,97.99,309810.0
2017-04-12 10:45:00,97.94,97.95,97.94,97.95,504708.0
2017-04-12 11:00:00,97.93,97.94,97.93,97.93,468679.0
2017-04-12 11:15:00,97.9,97.9,97.9,97.9,476232.0
2017-04-12 11:30:00,97.85,97.86,97.85,97.85,488369.0
2017-04-12 11:45:00,97.85,97.86,97.85,97.85,451742.0
2017-04-12 12:00:00,97.8,97.8,97.8,97.8,346784.0
2017-04-12 12:15:00,97.74,97.74,97.74,97.74,370268.0
2017-04-12 12:45:00,97.69,97.7,97.69,97.69,312027.0
2017-04-12 13:00:00,97.67,97.68,97.67,97.67,477507.0
2017-04-12 13:15:00,97.63,97.64,97.63,97.63,382959.0
2017-04-12 13:30:00,97.63,97.63,97.63,97.63,429337.0
2017-04-12 13:45:00,97.58,97.59,97.58,97.58,433175.0
2017-04-12 14:00:00,97.54,97.55,97.54,97.54,344916.0
2017-04-12 14:15:00,97.49,97.5,97.49,97.49,485688.0
2017-04-12 14:30:00,97.48,97.49,97.48,97.48,381724.0
2017-04-12 14:45:00,97.44,97.44,97.44,97.44,298351.0
2017-04-12 15:00:00,97.42,97.42,97.42,97.42,438233.0
2017-04-12 15:15:00,97.38,97.39,97.38,97.39,290992.0
2017-04-12 15:45:00,97.32,97.32,97.32,97.32,306671.0
2017-04-13 09:30:00,96.34,96.35,96.34,96.35,419671.0
2017-04-13 09:45:00,96.3,96.3,96.3,96.3,390589.0
2017-04-13 10:00:00,96.32,96.33,96.32,96.32,397874.0
2017-04-13 10:15:00,96.25,96.26,96.25,96.25,510528.0
2017-04-13 10:30:00,96.21,96.21,96.21,96.21,613741.0
2017-04-13 10:45:00,96.17,96.17,96.17,96.17,376870.0
2017-04-13 11:00:00,96.13,96.13,96.13,96.13,401084.0
2017-04-13 11:15:00,96.1,96.11,96.1,96.1,620025.0
2017-04-13 11:30:00,96.09,96.09,96.08,96.09,363944.0
2017-04-13 11:45:00,96.06,96.07,96.06,96.06,403158.0
2017-04-13 12:15:00,95.98,95.98,95.98,95.98,369304.0
2017-04-13 12:30:00,95.95,95.95,95.95,95.95,423005.0
2017-04-13 12:45:00,95.88,95.89,95.88,95.88,603929.0
2017-04-13 13:00:00,95.87,95.87,95.87,95.87,445565.0
2017-04-13 13:15:00,95.82,95.82,95.82,95.82,467435.0
2017-04-13 13:30:00,95.77,95.78,95.77,95.78,504458.0
2017-04-13 13:45:00,95.77,95.77,95.77,95.77,399324.0
2017-04-13 14:00:00,95.71,95.72,95.7,95.72,436473.0
2017-04-13 14:45:00,95.62,95.63,95.62,95.62,541238.0
2017-04-13 15:00:00,95.58,95.58,95.58,95.58,506217.0
2017-04-13 15:15:00,95.57,95.58,95.57,95.58,625061.0
2017-04-13 15:30:00,95.52,95.53,95.52,95.52,357338.0
2017-04-13 15:45:00,95.49,95.49,95.49,95.49,565943.0
2017-04-17 09:30:00,96.01,96.01,96.01,96.01,570202.0
2017-04-17 09:45:00,96.09,96.1,96.09,96.09,577982.0
2017-04-17 10:00:00,96.24,96.26,96.24,96.25,458764.0
2017-04-17 10:15:00,96.36,96.36,96.36,96.36,418324.0
2017-04-17 10:30:00,96.53,96.55,96.53,96.54,414321.0
2017-04-17 11:00:00,96.77,96.77,96.77,96.77,513047.0
2017-04-17 11:15:00,96.95,96.97,96.95,96.96,579153.0
2017-04-17 11:30:00,97.08,97.09,97.07,97.07,567802.0
2017-04-17 11:45:00,97.14,97.15,97.14,97.14,421032.0
2017-04-17 12:00:00,97.32,97.33,97.32,97.33,535802.0
2017-04-17 12:15:00,97.47,97.48,97.46,97.48,409942.0
2017-04-17 12:30:00,97.54,97.54,97.53,97.54,596500.0
2017-04-17 12:45:00,97.69,97.69,97.69,97.69,557084.0
2017-04-17 13:00:00,97.82,97.83,97.81,97.82,441945.0
2017-04-17 13:15:00,97.96,97.97,97.96,97.96,531554.0
2017-04-17 13:30:00,98.1,98.11,98.09,98.11,564266.0
2017-04-17 13:45:00,98.19,98.19,98.19,98.19,437114.0
2017-04-17 14:00:00,98.48,98.5,98.47,98.49,410207.0
2017-04-17 14:15:00,98.46,98.48,98.46,98.47,354316.0
2017-04-17 14:30:00,98.57,98.57,98.57,98.57,524507.0
2017-04-17 14:45:00,98.75,98.75,98.75,98.75,359902.0
2017-04-17 15:00:00,98.85,98.86,98.85,98.86,426085.0
2017-04-17 15:15:00,98.99,99.01,98.98,99.0,496831.0
2017-04-17 15:30:00,99.12,99.13,99.12,99.12,425352.0
2017-04-17 15:45:00,99.24,99.24,99.24,99.24,411178.0
2017-04-18 09:30:00,98.64,98.64,98.64,98.64,432670.0
2017-04-18 09:45:00,98.7,98.71,98.7,98.7,253979.0
2017-04-18 10:00:00,98.73,98.74,98.73,98.73,272989.0
2017-04-18 10:15:00,98.73,98.73,98.72,98.73,418208.0
2017-04-18 10:30:00,98.75,98.76,98.75,98.76,362429.0
2017-04-18 10:45:00,98.72,98.73,98.72,98.72,435339.0
2017-04-18 11:00:00,98.85,98.85,98.85,98.85,373490.0
2017-04-18 11:15:00,98.83,98.83,98.83,98.83,449970.0
2017-04-18 11:30:00,98.85,98.85,98.85,98.85,458149.0
2017-04-18 11:45:00,98.91,98.91,98.91,98.91,421925.0
2017-04-18 12:00:00,98.89,98.89,98.89,98.89,265792.0
2017-04-18 12:15:00,98.92,98.93,98.92,98.93,429748.0
2017-04-18 12:30:00,98.95,98.95,98.95,98.95,367740.0
2017-04-18 12:45:00,98.97,98.98,98.97,98.97,300929.0
2017-04-18 13:00:00,99.03,99.03,99.02,99.03,424049.0
2017-04-18 13:15:00,99.05,99.05,99.04,99.05,280265.0
2017-04-18 13:30:00,99.06,99.06,99.05,99.06,356691.0
2017-04-18 13:45:00,99.11,99.12,99.11,99.11,410992.0
2017-04-18 14:00:00,99.11,99.11,99.11,99.11,308163.0
2017-04-18 14:15:00,99.15,99.16,99.15,99.15,374721.0
2017-04-18 14:30:00,99.19,99.2,99.19,99.19,391213.0
2017-04-18 14:45:00,99.22,99.23,99.22,99.23,340704.0
2017-04-18 15:00:00,99.16,99.17,99.15,99.16,325430.0
2017-04-18 15:15:00,99.24,99.24,99.24,99.24,283321.0
2017-04-18 15:30:00,99.34,99.35,99.34,99.35,254487.0
2017-04-18 15:45:00,99.29,99.29,99.29,99.29,372350.0
2017-04-20 09:30:00,100.28,100.29,100.28,100.29,364029.0
2017-04-20 09:45:00,100.32,100.32,100.32,100.32,439273.0
2017-04-20 10:00:00,100.35,100.35,100.35,100.35,445280.0
2017-04-20 10:15:00,100.33,100.34,100.33,100.34,297836.0
2017-04-20 10:30:00,100.43,100.43,100.43,100.43,462300.0
2017-04-20 10:45:00,100.49,100.49,100.49,100.49,424195.0
2017-04-20 11:00:00,100.48,100.49,100.48,100.49,463609.0
2017-04-20 11:15:00,100.46,100.46,100.46,100.46,414716.0
2017-04-20 11:30:00,100.59,100.59,100.59,100.59,303012.0
2017-04-20 11:45:00,100.64,100.65,100.64,100.64,282428.0
2017-04-20 12:00:00,100.66,100.66,100.66,100.66,364862.0
2017-04-20 12:15:00,100.69,100.69,100.69,100.69,461456.0
2017-04-20 12:30:00,100.7,100.71,100.7,100.7,319092.0
2017-04-20 12:45:00,100.76,100.76,100.76,100.76,495900.0
2017-04-20 13:00:00,100.83,100.83,100.83,100.83,343477.0
2017-04-20 13:15:00,100.86,100.86,100.86,100.86,504902.0
2017-04-20 13:45:00,100.94,100.95,100.94,100.94,286058.0
2017-04-20 14:00:00,101.03,101.03,101.02,101.03,450209.0
2017-04-20 14:15:00,101.02,101.03,101.02,101.02,329560.0
2017-04-20 14:30:00,101.08,101.08,101.07,101.08,434902.0
2017-04-20 14:45:00,101.13,101.14,101.13,101.13,304331.0
2017-04-20 15:30:00,101.22,101.23,101.22,101.22,442480.0
2017-04-20 15:45:00,101.27,101.28,101.27,101.28,482519.0
2017-04-21 09:30:00,100.85,100.86,100.85,100.85,377615.0
2017-04-21 09:45:00,100.87,100.87,100.87,100.87,397840.0
2017-04-21 10:00:00,100.92,100.92,100.92,100.92,309772.0
2017-04-21 10:15:00,100.92,100.93,100.92,100.92,298575.0
2017-04-21 10:30:00,100.99,100.99,100.99,100.99,263493.0
2017-04-21 10:45:00,101.03,101.04,101.02,101.03,312691.0
2017-04-21 11:00:00,101.02,101.02,101.02,101.02,421699.0
2017-04-21 11:30:00,101.11,101.11,101.11,101.11,367761.0
2017-04-21 11:45:00,101.15,101.16,101.15,101.15,297098.0
2017-04-21 12:00:00,101.17,101.18,101.17,101.18,405206.0
2017-04-21 12:15:00,101.19,101.19,101.19,101.19,392197.0
2017-04-21 12:30:00,101.24,101.25,101.24,101.24,381543.0
2017-04-21 12:45:00,101.25,101.25,101.25,101.25,349920.0
2017-04-21 13:00:00,101.29,101.29,101.29,101.29,320278.0
2017-04-21 13:15:00,101.32,101.32,101.31,101.32,266846.0
2017-04-21 13:30:00,101.39,101.4,101.39,101.39,408265.0
2017-04-21 13:45:00,101.41,101.42,101.41,101.41,264494.0
2017-04-21 14:00:00,101.44,101.44,101.44,101.44,408783.0
2017-04-21 14:15:00,101.49,101.49,101.49,101.49,319593.0
2017-04-21 14:30:00,101.51,101.51,101.51,101.51,361891.0
2017-04-21 14:45:00,101.53,101.53,101.52,101.53,408657.0
2017-04-21 15:00:00,101.56,101.57,101.56,101.57,281472.0
2017-04-21 15:15:00,101.61,101.62,101.61,101.62,249640.0
2017-04-21 15:30:00,101.65,101.66,101.65,101.65,337916.0
2017-04-21 15:45:00,101.67,101.68,101.67,101.68,284541.0
2017-04-24 09:30:00,102.93,102.94,102.93,102.93,379756.0
2017-04-24 09:45:00,102.92,102.93,102.92,102.93,390248.0
2017-04-24 10:00:00,102.96,102.97,102.96,102.96,362728.0
2017-04-24 10:15:00,102.96,102.96,102.96,102.96,329285.0
2017-04-24 10:30:00,102.94,102.94,102.94,102.94,354749.0
2017-04-24 10:45:00,102.95,102.96,102.95,102.95,327874.0
2017-04-24 11:00:00,102.95,102.95,102.95,102.95,282048.0
2017-04-24 11:15:00,102.94,102.94,102.94,102.94,264644.0
2017-04-24 11:30:00,102.93,102.93,102.92,102.93,417757.0
2017-04-24 11:45:00,102.95,102.95,102.95,102.95,328948.0
2017-04-24 12:00:00,102.95,102.96,102.95,102.95,405833.0
2017-04-24 12:15:00,102.95,102.96,102.95,102.96,425575.0
2017-04-24 12:30:00,102.95,102.96,102.95,102.95,351416.0
2017-04-24 12:45:00,102.97,102.97,102.97,102.97,325139.0
2017-04-24 13:00:00,102.97,102.98,102.97,102.97,326369.0
2017-04-24 13:15:00,103.0,103.01,103.0,103.0,266202.0
2017-04-24 13:30:00,102.94,102.95,102.94,102.94,260775.0
2017-04-24 13:45:00,102.9,102.91,102.89,102.91,404886.0
2017-04-24 14:00:00,102.96,102.96,102.96,102.96,284328.0
2017-04-24 14:15:00,102.96,102.96,102.95,102.96,354950.0
2017-04-24 14:30:00,102.96,102.96,102.96,102.96,282444.0
2017-04-24 14:45:00,102.94,102.94,102.94,102.94,364152.0
2017-04-24 15:00:00,102.94,102.95,102.94,102.94,458877.0
2017-04-24 15:15:00,102.95,102.95,102.95,102.95,382223.0
2017-04-24 15:30:00,102.94,102.95,102.94,102.94,348683.0
2017-04-24 15:45:00,102.94,102.94,102.94,102.94,314894.0
2017-04-25 09:30:00,103.62,103.63,103.62,103.63,379401.0
2017-04-25 09:45:00,103.58,103.59,103.58,103.58,319223.0
2017-04-25 10:00:00,103.64,103.64,103.64,103.64,343391.0
2017-04-25 10:30:00,103.68,103.69,103.67,103.68,377912.0
2017-04-25 10:45:00,103.81,103.82,103.81,103.82,304594.0
2017-04-25 11:00:00,103.87,103.88,103.87,103.88,438535.0
2017-04-25 11:15:00,103.78,103.79,103.78,103.78,336387.0
2017-04-25 11:30:00,103.92,103.92,103.92,103.92,280178.0
2017-04-25 11:45:00,103.96,103.97,103.96,103.96,283726.0
2017-04-25 12:15:00,104.07,104.08,104.07,104.08,445697.0
2017-04-25 12:30:00,104.09,104.1,104.09,104.1,297511.0
2017-04-25 13:00:00,104.21,104.21,104.21,104.21,460544.0
2017-04-25 13:15:00,104.24,104.24,104.24,104.24,480055.0
2017-04-25 13:30:00,104.3,104.3,104.3,104.3,299242.0
2017-04-25 13:45:00,104.36,104.37,104.36,104.37,278820.0
2017-04-25 14:15:00,104.41,104.42,104.4,104.41,449966.0
2017-04-25 14:30:00,104.49,104.49,104.49,104.49,420076.0
2017-04-25 14:45:00,104.54,104.54,104.54,104.54,294313.0
2017-04-25 15:00:00,104.63,104.63,104.62,104.62,359583.0
2017-04-25 15:15:00,104.66,104.67,104.65,104.66,458104.0
2017-04-25 15:30:00,104.67,104.68,104.67,104.67,404449.0
2017-04-25 15:45:00,104.74,104.74,104.74,104.74,452160.0
2017-04-26 09:30:00,105.28,105.29,105.28,105.28,369750.0
2017-04-26 09:45:00,105.21,105.21,105.21,105.21,321850.0
2017-04-26 10:00:00,105.19,105.19,105.19,105.19,269505.0
2017-04-26 10:15:00,105.11,105.11,105.11,105.11,332271.0
2017-04-26 10:30:00,105.09,105.09,105.09,105.09,334587.0
2017-04-26 10:45:00,105.06,105.07,105.06,105.06,252413.0
2017-04-26 11:00:00,105.0,105.0,104.99,105.0,403318.0
2017-04-26 11:15:00,104.92,104.92,104.92,104.92,239607.0
2017-04-26 11:30:00,104.85,104.85,104.85,104.85,295128.0
2017-04-26 11:45:00,104.84,104.84,104.83,104.84,358696.0
2017-04-26 12:00:00,104.78,104.78,104.78,104.78,271634.0
2017-04-26 12:15:00,104.69,104.69,104.68,104.69,223989.0
2017-04-26 12:30:00,104.69,104.7,104.69,104.7,354060.0
2017-04-26 12:45:00,104.64,104.64,104.63,104.64,382842.0
2017-04-26 13:00:00,104.6,104.61,104.6,104.6,402369.0
2017-04-26 13:30:00,104.43,104.43,104.43,104.43,344106.0
2017-04-26 13:45:00,104.43,104.44,104.43,104.43,333813.0
2017-04-26 14:00:00,104.35,104.36,104.35,104.35,380236.0
2017-04-26 14:15:00,104.33,104.33,104.33,104.33,221512.0
2017-04-26 14:30:00,104.3,104.3,104.3,104.3,290048.0
2017-04-26 14:45:00,104.23,104.23,104.23,104.23,372499.0
2017-04-26 15:00:00,104.16,104.17,104.16,104.17,398137.0
2017-04-26 15:15:00,104.1,104.11,104.1,104.1,390630.0
2017-04-26 15:30:00,104.08,104.08,104.08,104.08,290545.0
2017-04-26 15:45:00,104.01,104.02,104.01,104.01,302826.0
2017-04-28 09:30:00,105.37,105.37,105.37,105.37,241291.0
2017-04-28 09:45:00,105.29,105.3,105.29,105.29,272943.0
2017-04-28 10:15:00,105.2,105.21,105.2,105.2,282239.0
2017-04-28 10:30:00,105.19,105.2,105.19,105.2,384540.0
2017-04-28 10:45:00,105.14,105.14,105.14,105.14,430809.0
2017-04-28 11:00:00,105.1,105.1,105.1,105.1,290436.0
2017-04-28 11:15:00,105.06,105.07,105.06,105.07,293084.0
2017-04-28 11:30:00,104.99,105.0,104.98,104.99,410534.0
2017-04-28 12:00:00,104.92,104.92,104.91,104.92,291834.0
2017-04-28 12:15:00,104.89,104.89,104.89,104.89,252587.0
2017-04-28 12:30:00,104.82,104.83,104.82,104.83,276417.0
2017-04-28 12:45:00,104.83,104.83,104.82,104.83,376825.0
2017-04-28 13:00:00,104.76,104.77,104.76,104.76,406993.0
2017-04-28 13:15:00,104.72,104.73,104.72,104.73,422742.0
2017-04-28 13:30:00,104.65,104.65,104.65,104.65,278251.0
2017-04-28 13:45:00,104.63,104.63,104.63,104.63,318545.0
2017-04-28 14:00:00,104.62,104.62,104.62,104.62,354079.0
2017-04-28 14:15:00,104.55,104.56,104.55,104.55,342714.0
2017-04-28 14:30:00,104.49,104.49,104.49,104.49,245310.0
2017-04-28 14:45:00,104.44,104.44,104.44,104.44,246303.0
2017-04-28 15:00:00,104.43,104.44,104.43,104.43,256819.0
2017-04-28 15:15:00,104.4,104.41,104.4,104.4,417507.0
2017-04-28 15:30:00,104.32,104.32,104.31,104.31,435047.0
2017-04-28 15:45:00,104.31,104.31,104.3,104.31,397927.0
2017-05-02 09:30:00,105.55,105.55,105.55,105.55,710640.0
2017-05-02 09:45:00,105.51,105.53,105.51,105.51,559530.0
2017-05-02 10:00:00,105.37,105.37,105.37,105.37,721960.0
2017-05-02 10:15:00,105.28,105.28,105.27,105.28,718404.0
2017-05-02 10:30:00,105.26,105.27,105.26,105.26,691206.0
2017-05-02 10:45:00,105.27,105.28,105.25,105.27,557167.0
2017-05-02 11:00:00,105.07,105.08,105.07,105.08,698794.0
2017-05-02 11:15:00,104.96,104.97,104.96,104.97,729826.0
2017-05-02 11:30:00,104.88,104.89,104.88,104.89,474788.0
2017-05-02 12:00:00,104.64,104.65,104.64,104.65,597689.0
2017-05-02 12:15:00,104.61,104.62,104.61,104.62,454100.0
2017-05-02 12:30:00,104.55,104.57,104.55,104.56,668206.0
2017-05-02 12:45:00,104.42,104.43,104.42,104.42,773188.0
2017-05-02 13:00:00,104.41,104.42,104.41,104.42,574923.0
2017-05-02 13:15:00,104.29,104.29,104.28,104.29,640110.0
2017-05-02 13:30:00,104.24,104.25,104.23,104.24,425652.0
2017-05-02 13:45:00,104.14,104.14,104.14,104.14,625016.0
2017-05-02 14:00:00,104.06,104.06,104.06,104.06,683680.0
2017-05-02 14:15:00,104.03,104.05,104.03,104.03,658641.0
2017-05-02 14:30:00,103.9,103.92,103.89,103.91,618186.0
2017-05-02 14:45:00,103.87,103.88,103.86,103.87,555504.0
2017-05-02 15:00:00,103.74,103.75,103.74,103.74,596378.0
2017-05-02 15:30:00,103.49,103.5,103.48,103.5,642554.0
2017-05-02 15:45:00,103.57,103.58,103.57,103.57,506971.0
2017-05-03 09:30:00,103.2,103.2,103.2,103.2,301340.0
2017-05-03 09:45:00,103.25,103.25,103.24,103.24,292667.0
2017-05-03 10:00:00,103.29,103.29,103.28,103.29,235681.0
2017-05-03 10:15:00,103.32,103.33,103.32,103.33,348809.0
2017-05-03 10:30:00,103.37,103.38,103.37,103.37,390550.0
2017-05-03 10:45:00,103.37,103.37,103.37,103.37,231236.0
2017-05-03 11:00:00,103.44,103.45,103.44,103.45,327494.0
2017-05-03 11:15:00,103.54,103.54,103.53,103.53,410627.0
2017-05-03 11:30:00,103.53,103.53,103.52,103.53,409552.0
2017-05-03 11:45:00,103.58,103.58,103.57,103.58,391915.0
2017-05-03 12:00:00,103.61,103.61,103.61,103.61,331104.0
2017-05-03 12:15:00,103.66,103.67,103.66,103.66,353098.0
2017-05-03 12:30:00,103.7,103.71,103.7,103.7,353055.0
2017-05-03 12:45:00,103.76,103.76,103.76,103.76,342725.0
2017-05-03 13:00:00,103.77,103.77,103.77,103.77,414044.0
2017-05-03 13:15:00,103.82,103.82,103.82,103.82,403430.0
2017-05-03 13:30:00,103.87,103.87,103.87,103.87,385063.0
2017-05-03 13:45:00,103.91,103.91,103.91,103.91,310377.0
2017-05-03 14:00:00,103.91,103.92,103.91,103.91,294376.0
2017-05-03 14:30:00,104.04,104.04,104.04,104.04,357470.0
2017-05-03 14:45:00,104.11,104.12,104.11,104.12,368620.0
2017-05-03 15:00:00,104.1,104.11,104.1,104.1,337277.0
2017-05-03 15:15:00,104.2,104.21,104.2,104.21,316194.0
2017-05-03 15:30:00,104.13,104.14,104.13,104.14,272075.0
2017-05-03 15:45:00,104.26,104.27,104.26,104.26,235340.0
2017-05-04 09:30:00,104.49,104.5,104.49,104.5,249099.0
2017-05-04 09:45:00,104.48,104.48,104.48,104.48,178732.0
2017-05-04 10:00:00,104.45,104.45,104.45,104.45,247991.0
2017-05-04 10:30:00,104.39,104.39,104.39,104.39,165336.0
2017-05-04 10:45:00,104.38,104.38,104.38,104.38,151002.0
2017-05-04 11:00:00,104.35,104.35,104.35,104.35,246723.0
2017-05-04 11:15:00,104.29,104.29,104.29,104.29,226772.0
2017-05-04 11:30:00,104.29,104.29,104.28,104.28,249820.0
2017-05-04 11:45:00,104.23,104.23,104.23,104.23,238296.0
2017-05-04 12:00:00,104.24,104.25,104.24,104.24,202022.0
2017-05-04 12:15:00,104.18,104.19,104.18,104.18,175538.0
2017-05-04 12:30:00,104.17,104.17,104.17,104.17,164821.0
2017-05-04 12:45:00,104.16,104.16,104.16,104.16,212458.0
2017-05-04 13:00:00,104.14,104.14,104.14,104.14,236433.0
2017-05-04 13:15:00,104.14,104.14,104.13,104.14,158204.0
2017-05-04 13:45:00,104.08,104.09,104.08,104.08,235350.0
2017-05-04 14:00:00,104.01,104.01,104.01,104.01,207550.0
2017-05-04 14:15:00,104.0,104.0,104.0,104.0,170018.0
2017-05-04 14:30:00,103.98,103.98,103.98,103.98,250055.0
2017-05-04 14:45:00,103.96,103.97,103.96,103.97,217973.0
2017-05-04 15:00:00,103.94,103.94,103.94,103.94,157264.0
2017-05-04 15:15:00,103.89,103.9,103.89,103.89,256486.0
2017-05-04 15:30:00,103.85,103.85,103.84,103.85,228292.0
2017-05-04 15:45:00,103.84,103.84,103.84,103.84,213371.0
2017-05-05 09:30:00,103.38,103.39,103.38,103.39,259182.0
2017-05-05 09:45:00,103.42,103.43,103.42,103.42,190653.0
2017-05-05 10:00:00,103.42,103.42,103.42,103.42,251850.0
2017-05-05 10:15:00,103.43,103.43,103.43,103.43,214796.0
2017-05-05 10:30:00,103.45,103.46,103.45,103.46,252957.0
2017-05-05 10:45:00,103.46,103.46,103.45,103.46,271593.0
2017-05-05 11:00:00,103.49,103.49,103.49,103.49,282243.0
2017-05-05 11:15:00,103.5,103.51,103.5,103.5,201533.0
2017-05-05 11:30:00,103.55,103.56,103.55,103.55,248187.0
2017-05-05 11:45:00,103.55,103.56,103.55,103.55,188210.0
2017-05-05 12:00:00,103.55,103.56,103.55,103.56,277360.0
2017-05-05 12:15:00,103.57,103.57,103.57,103.57,195999.0
2017-05-05 12:30:00,103.6,103.6,103.59,103.6,170354.0
2017-05-05 12:45:00,103.63,103.63,103.63,103.63,273434.0
2017-05-05 13:00:00,103.65,103.65,103.65,103.65,206587.0
2017-05-05 13:15:00,103.66,103.66,103.66,103.66,230418.0
2017-05-05 13:30:00,103.69,103.69,103.69,103.69,247294.0
2017-05-05 13:45:00,103.68,103.68,103.68,103.68,266951.0
2017-05-05 14:00:00,103.72,103.73,103.72,103.73,207464.0
2017-05-05 14:15:00,103.75,103.75,103.75,103.75,249289.0
2017-05-05 14:30:00,103.78,103.78,103.77,103.78,208903.0
2017-05-05 14:45:00,103.79,103.79,103.79,103.79,201621.0
2017-05-05 15:00:00,103.83,103.83,103.82,103.83,174402.0
2017-05-05 15:15:00,103.83,103.83,103.83,103.83,273518.0
2017-05-05 15:30:00,103.85,103.86,103.85,103.85,215791.0
2017-05-05 15:45:00,103.87,103.87,103.87,103.87,281929.0
2017-05-08 09:30:00,104.3,104.3,104.29,104.3,377743.0
2017-05-08 09:45:00,104.26,104.27,104.26,104.27,381244.0
2017-05-08 10:00:00,104.21,104.21,104.21,104.21,456230.0
2017-05-08 10:15:00,104.13,104.14,104.13,104.13,416383.0
2017-05-08 10:30:00,104.11,104.12,104.11,104.11,295169.0
2017-05-08 10:45:00,104.02,104.03,104.02,104.03,409139.0
2017-05-08 11:00:00,104.0,104.01,104.0,104.0,335347.0
2017-05-08 11:15:00,103.84,103.85,103.83,103.84,348777.0
2017-05-08 11:30:00,103.84,103.85,103.84,103.85,268798.0
2017-05-08 11:45:00,103.79,103.79,103.78,103.79,447668.0
2017-05-08 12:00:00,103.72,103.72,103.72,103.72,387426.0
2017-05-08 12:15:00,103.64,103.64,103.64,103.64,281610.0
2017-05-08 12:30:00,103.58,103.59,103.58,103.59,452280.0
2017-05-08 12:45:00,103.51,103.51,103.5,103.51,271480.0
2017-05-08 13:00:00,103.42,103.43,103.42,103.42,397746.0
2017-05-08 13:15:00,103.38,103.38,103.37,103.38,445319.0
2017-05-08 13:30:00,103.32,103.33,103.32,103.32,320242.0
2017-05-08 13:45:00,103.27,103.27,103.27,103.27,304786.0
2017-05-08 14:00:00,103.19,103.19,103.19,103.19,399014.0
2017-05-08 14:15:00,103.15,103.15,103.15,103.15,329443.0
2017-05-08 14:30:00,103.1,103.1,103.1,103.1,452724.0
2017-05-08 14:45:00,103.04,103.05,103.04,103.05,396771.0
2017-05-08 15:00:00,102.9,102.91,102.9,102.9,348131.0
2017-05-08 15:15:00,102.94,102.95,102.94,102.94,446137.0
2017-05-08 15:30:00,102.83,102.83,102.83,102.83,339557.0
2017-05-08 15:45:00,102.78,102.79,102.78,102.79,344231.0
2017-05-09 09:30:00,103.0,103.01,103.0,103.0,625697.0
2017-05-09 09:45:00,103.0,103.01,103.0,103.0,803444.0
2017-05-09 10:00:00,102.99,102.99,102.99,102.99,876651.0
2017-05-09 10:15:00,103.0,103.01,103.0,103.01,1001304.0
2017-05-09 10:30:00,102.97,102.97,102.97,102.97,1024042.0
2017-05-09 10:45:00,102.98,102.99,102.98,102.98,667990.0
2017-05-09 11:00:00,102.99,102.99,102.99,102.99,698136.0
2017-05-09 11:15:00,102.95,102.97,102.95,102.96,889434.0
2017-05-09 11:30:00,102.97,102.98,102.97,102.98,998704.0
2017-05-09 11:45:00,102.97,102.97,102.97,102.97,1017889.0
2017-05-09 12:00:00,103.0,103.01,103.0,103.01,619092.0
2017-05-09 12:15:00,103.02,103.02,103.01,103.02,717603.0
2017-05-09 12:30:00,102.96,102.96,102.96,102.96,801553.0
2017-05-09 12:45:00,102.93,102.95,102.93,102.94,670889.0
2017-05-09 13:00:00,102.95,102.95,102.95,102.95,983208.0
2017-05-09 13:15:00,102.93,102.93,102.92,102.92,865902.0
2017-05-09 13:30:00,102.96,102.98,102.96,102.96,598445.0
2017-05-09 13:45:00,102.97,102.98,102.97,102.97,836199.0
2017-05-09 14:00:00,102.99,103.0,102.99,103.0,696000.0
2017-05-09 14:15:00,103.01,103.02,103.0,103.01,636774.0
2017-05-09 14:30:00,102.93,102.93,102.92,102.93,754065.0
2017-05-09 14:45:00,102.98,102.99,102.98,102.98,780454.0
2017-05-09 15:00:00,102.96,102.97,102.96,102.96,846678.0
2017-05-09 15:15:00,102.92,102.92,102.91,102.92,617169.0
2017-05-09 15:30:00,103.04,103.05,103.04,103.05,594932.0
2017-05-09 15:45:00,102.94,102.95,102.94,102.94,944081.0
2017-05-12 09:30:00,126.63,126.64,126.63,126.64,995479.0
2017-05-12 09:45:00,126.55,126.56,126.54,126.55,682836.0
2017-05-12 10:15:00,126.82,126.82,126.81,126.82,1121720.0
2017-05-12 10:30:00,126.8,126.81,126.8,126.8,714840.0
2017-05-12 10:45:00,126.87,126.89,126.87,126.88,697401.0
2017-05-12 11:00:00,126.98,126.99,126.98,126.98,1041490.0
2017-05-12 11:15:00,126.98,126.99,126.98,126.99,804925.0
2017-05-12 11:30:00,127.01,127.01,127.01,127.01,740565.0
2017-05-12 11:45:00,127.08,127.08,127.08,127.08,1113377.0
2017-05-12 12:15:00,127.26,127.27,127.26,127.26,1050451.0
2017-05-12 12:30:00,127.24,127.25,127.24,127.25,687486.0
2017-05-12 12:45:00,127.29,127.3,127.28,127.29,654524.0
2017-05-12 13:15:00,127.36,127.38,127.36,127.38,721794.0
2017-05-12 13:30:00,127.43,127.44,127.42,127.44,1012960.0
2017-05-12 13:45:00,127.58,127.6,127.57,127.58,1107642.0
2017-05-12 14:00:00,127.54,127.55,127.53,127.55,887527.0
2017-05-12 14:15:00,127.59,127.6,127.59,127.6,1013826.0
2017-05-12 14:30:00,127.59,127.61,127.58,127.6,843619.0
2017-05-12 14:45:00,127.7,127.7,127.7,127.7,1196105.0
2017-05-12 15:00:00,127.76,127.76,127.75,127.76,925457.0
2017-05-12 15:15:00,127.78,127.79,127.78,127.78,1193433.0
2017-05-12 15:30:00,127.84,127.86,127.84,127.85,714702.0
2017-05-12 15:45:00,127.83,127.85,127.82,127.84,760424.0
2017-05-17 09:45:00,133.76,133.78,133.76,133.76,1313336.0
2017-05-17 10:00:00,133.54,133.55,133.54,133.55,863438.0
2017-05-17 10:15:00,133.33,133.34,133.33,133.33,1453784.0
2017-05-17 10:30:00,133.15,133.18,133.14,133.16,1002951.0
2017-05-17 11:00:00,132.58,132.6,132.58,132.58,1268160.0
2017-05-17 11:15:00,132.42,132.44,132.42,132.42,1405918.0
2017-05-17 11:30:00,132.2,132.23,132.18,132.21,1466511.0
2017-05-17 11:45:00,131.8,131.83,131.8,131.83,1558528.0
2017-05-17 12:00:00,131.53,131.56,131.51,131.53,1068504.0
2017-05-17 12:15:00,131.3,131.36,131.3,131.34,1569200.0
2017-05-17 12:30:00,131.08,131.11,131.07,131.08,1485423.0
2017-05-17 12:45:00,130.8,130.81,130.78,130.78,1441565.0
2017-05-17 13:00:00,130.65,130.66,130.64,130.65,1557511.0
2017-05-17 13:15:00,130.21,130.23,130.21,130.21,1547886.0
2017-05-17 13:30:00,129.9,129.94,129.88,129.91,1302490.0
2017-05-17 13:45:00,129.73,129.75,129.73,129.75,1576086.0
2017-05-17 14:00:00,129.38,129.41,129.37,129.38,1073099.0
2017-05-17 14:30:00,128.97,128.97,128.96,128.97,1563212.0
2017-05-17 14:45:00,128.9,128.92,128.89,128.91,1237927.0
2017-05-17 15:00:00,128.37,128.39,128.37,128.37,948790.0
2017-05-17 15:15:00,128.29,128.31,128.29,128.3,1075876.0
2017-05-17 15:30:00,128.02,128.05,128.01,128.04,1349963.0
2017-05-17 15:45:00,127.61,127.65,127.59,127.63,1469424.0
2017-05-22 09:30:00,137.77,137.77,137.77,137.77,920990.0
2017-05-22 09:45:00,137.82,137.82,137.82,137.82,933285.0
2017-05-22 10:00:00,137.86,137.86,137.86,137.86,724055.0
2017-05-22 10:15:00,137.96,137.97,137.96,137.96,649604.0
2017-05-22 10:30:00,137.96,137.97,137.96,137.97,759185.0
2017-05-22 10:45:00,138.01,138.02,138.01,138.02,699633.0
2017-05-22 11:00:00,138.04,138.04,138.04,138.04,759035.0
2017-05-22 11:15:00,138.04,138.05,138.04,138.04,812399.0
2017-05-22 11:30:00,138.18,138.19,138.18,138.18,569466.0
2017-05-22 11:45:00,138.15,138.16,138.15,138.15,728670.0
2017-05-22 12:00:00,138.21,138.21,138.21,138.21,822101.0
2017-05-22 12:15:00,138.25,138.26,138.25,138.26,662674.0
2017-05-22 12:30:00,138.32,138.33,138.32,138.32,607180.0
2017-05-22 12:45:00,138.37,138.38,138.37,138.37,1041431.0
2017-05-22 13:00:00,138.37,138.37,138.37,138.37,951244.0
2017-05-22 13:15:00,138.48,138.49,138.48,138.48,861206.0
2017-05-22 13:30:00,138.48,138.49,138.48,138.49,782149.0
2017-05-22 13:45:00,138.53,138.53,138.53,138.53,694561.0
2017-05-22 14:30:00,138.69,138.69,138.69,138.69,768480.0
2017-05-22 14:45:00,138.73,138.73,138.73,138.73,1029830.0
2017-05-22 15:00:00,138.78,138.78,138.78,138.78,1028312.0
2017-05-22 15:15:00,138.84,138.84,138.83,138.84,971431.0
2017-05-22 15:30:00,138.87,138.89,138.87,138.88,877460.0
2017-05-23 09:30:00,139.66,139.68,139.66,139.66,674203.0
2017-05-23 09:45:00,139.59,139.6,139.59,139.59,669890.0
2017-05-23 10:00:00,139.44,139.45,139.44,139.44,507338.0
2017-05-23 10:15:00,139.32,139.34,139.32,139.33,685333.0
2017-05-23 10:45:00,139.24,139.27,139.24,139.25,581071.0
2017-05-23 11:00:00,139.1,139.1,139.09,139.1,522872.0
2017-05-23 11:15:00,139.04,139.05,139.03,139.04,693699.0
2017-05-23 11:30:00,138.85,138.86,138.84,138.85,697337.0
2017-05-23 11:45:00,138.69,138.71,138.68,138.69,796896.0
2017-05-23 12:00:00,138.66,138.67,138.66,138.67,540652.0
2017-05-23 12:15:00,138.66,138.67,138.65,138.66,577995.0
2017-05-23 12:30:00,138.38,138.4,138.37,138.38,749756.0
2017-05-23 12:45:00,138.3,138.31,138.3,138.31,718033.0
2017-05-23 13:00:00,138.1,138.13,138.1,138.1,606156.0
2017-05-23 13:15:00,138.1,138.12,138.1,138.11,753758.0
2017-05-23 13:45:00,137.87,137.89,137.86,137.88,668365.0
2017-05-23 14:00:00,137.84,137.85,137.83,137.84,712175.0
2017-05-23 14:15:00,137.65,137.66,137.65,137.66,615398.0
2017-05-23 14:30:00,137.53,137.54,137.53,137.53,485262.0
2017-05-23 14:45:00,137.45,137.47,137.45,137.46,748620.0
2017-05-23 15:00:00,137.44,137.46,137.43,137.45,619063.0
2017-05-23 15:15:00,137.26,137.26,137.25,137.26,519052.0
2017-05-23 15:30:00,137.13,137.13,137.12,137.13,466859.0
2017-05-23 15:45:00,137.01,137.02,137.01,137.01,709091.0
2017-06-01 09:30:00,145.03,145.03,145.03,145.03,591111.0
2017-06-01 09:45:00,145.01,145.02,145.01,145.02,350825.0
2017-06-01 10:00:00,144.94,144.94,144.94,144.94,451754.0
2017-06-01 10:15:00,144.92,144.93,144.91,144.92,510010.0
2017-06-01 10:30:00,144.9,144.91,144.89,144.9,612951.0
2017-06-01 10:45:00,144.8,144.82,144.8,144.81,540423.0
2017-06-01 11:00:00,144.87,144.87,144.87,144.87,374909.0
2017-06-01 11:15:00,144.8,144.81,144.8,144.8,385416.0
2017-06-01 11:30:00,144.76,144.77,144.76,144.76,612544.0
2017-06-01 11:45:00,144.76,144.77,144.76,144.76,417157.0
2017-06-01 12:00:00,144.75,144.76,144.75,144.76,363376.0
2017-06-01 12:15:00,144.72,144.73,144.72,144.72,541615.0
2017-06-01 12:30:00,144.72,144.72,144.72,144.72,410316.0
2017-06-01 12:45:00,144.69,144.71,144.69,144.7,498516.0
2017-06-01 13:00:00,144.65,144.66,144.65,144.66,373651.0
2017-06-01 13:15:00,144.55,144.56,144.55,144.56,562557.0
2017-06-01 13:30:00,144.59,144.6,144.59,144.6,407347.0
2017-06-01 13:45:00,144.51,144.52,144.5,144.51,425820.0
2017-06-01 14:00:00,144.54,144.54,144.54,144.54,584371.0
2017-06-01 14:15:00,144.49,144.49,144.49,144.49,369562.0
2017-06-01 14:30:00,144.51,144.53,144.51,144.52,616718.0
2017-06-01 15:00:00,144.41,144.42,144.4,144.41,421085.0
2017-06-01 15:15:00,144.42,144.42,144.42,144.42,559631.0
2017-06-01 15:45:00,144.36,144.36,144.36,144.36,618269.0
2017-06-02 09:30:00,144.27,144.27,144.27,144.27,369795.0
2017-06-02 09:45:00,144.18,144.19,144.18,144.18,345784.0
2017-06-02 10:15:00,144.15,144.15,144.15,144.15,392728.0
2017-06-02 10:30:00,144.15,144.16,144.14,144.15,531462.0
2017-06-02 10:45:00,144.09,144.1,144.09,144.09,397912.0
2017-06-02 11:00:00,144.15,144.16,144.15,144.15,340668.0
2017-06-02 11:15:00,144.08,144.08,144.08,144.08,405555.0
2017-06-02 11:30:00,144.05,144.05,144.05,144.05,470546.0
2017-06-02 11:45:00,144.06,144.06,144.06,144.06,378264.0
2017-06-02 12:00:00,144.01,144.02,144.0,144.01,469979.0
2017-06-02 12:15:00,143.98,143.98,143.98,143.98,425247.0
2017-06-02 12:30:00,143.9,143.91,143.9,143.91,595768.0
2017-06-02 12:45:00,143.95,143.96,143.95,143.95,490008.0
2017-06-02 13:00:00,143.89,143.9,143.88,143.89,458160.0
2017-06-02 13:30:00,143.85,143.85,143.84,143.85,452040.0
2017-06-02 13:45:00,143.81,143.82,143.8,143.81,394414.0
2017-06-02 14:00:00,143.8,143.8,143.8,143.8,476192.0
2017-06-02 14:15:00,143.78,143.78,143.78,143.78,494977.0
2017-06-02 14:30:00,143.77,143.78,143.77,143.78,384961.0
2017-06-02 14:45:00,143.72,143.73,143.72,143.72,452549.0
2017-06-02 15:00:00,143.72,143.72,143.72,143.72,561097.0
2017-06-02 15:15:00,143.68,143.68,143.68,143.68,449134.0
2017-06-02 15:30:00,143.66,143.67,143.66,143.66,516993.0
2017-06-02 15:45:00,143.63,143.64,143.63,143.63,345687.0
2017-06-05 09:30:00,143.03,143.04,143.02,143.04,980010.0
2017-06-05 09:45:00,143.18,143.19,143.17,143.19,571438.0
2017-06-05 10:30:00,143.78,143.8,143.78,143.8,948864.0
2017-06-05 10:45:00,143.94,143.95,143.93,143.95,557800.0
2017-06-05 11:00:00,144.11,144.12,144.11,144.11,592855.0
2017-06-05 11:15:00,144.33,144.34,144.33,144.34,669522.0
2017-06-05 11:30:00,144.62,144.63,144.62,144.63,782910.0
2017-06-05 11:45:00,144.82,144.83,144.82,144.82,967108.0
2017-06-05 12:15:00,145.27,145.27,145.26,145.26,914528.0
2017-06-05 12:30:00,145.43,145.44,145.43,145.43,944427.0
2017-06-05 12:45:00,145.8,145.82,145.79,145.8,753571.0
2017-06-05 13:00:00,145.8,145.81,145.8,145.8,776035.0
2017-06-05 13:15:00,145.99,146.01,145.98,145.99,988952.0
2017-06-05 13:30:00,146.19,146.2,146.19,146.19,991004.0
2017-06-05 13:45:00,146.48,146.5,146.48,146.49,596361.0
2017-06-05 14:00:00,146.5,146.52,146.49,146.52,806360.0
2017-06-05 14:15:00,146.89,146.91,146.89,146.91,951174.0
2017-06-05 14:30:00,146.94,146.96,146.93,146.96,839531.0
2017-06-05 14:45:00,147.16,147.17,147.16,147.16,1016178.0
2017-06-05 15:15:00,147.57,147.6,147.56,147.6,968842.0
2017-06-05 15:30:00,147.72,147.72,147.71,147.72,851423.0
2017-06-05 15:45:00,148.04,148.04,148.04,148.04,898776.0
2017-06-06 09:30:00,147.84,147.85,147.84,147.84,623618.0
2017-06-06 09:45:00,147.75,147.76,147.75,147.75,676058.0
2017-06-06 10:00:00,147.76,147.78,147.76,147.76,857588.0
2017-06-06 10:15:00,147.77,147.79,147.77,147.79,854933.0
2017-06-06 10:30:00,147.75,147.75,147.75,147.75,839924.0
2017-06-06 10:45:00,147.73,147.74,147.73,147.73,570124.0
2017-06-06 11:00:00,147.71,147.71,147.7,147.71,613771.0
2017-06-06 11:15:00,147.74,147.75,147.73,147.74,669687.0
2017-06-06 11:30:00,147.65,147.65,147.64,147.65,778123.0
2017-06-06 11:45:00,147.66,147.66,147.66,147.66,572947.0
2017-06-06 12:00:00,147.72,147.73,147.72,147.73,779519.0
2017-06-06 12:15:00,147.64,147.65,147.64,147.65,512119.0
2017-06-06 12:30:00,147.57,147.58,147.57,147.57,879770.0
2017-06-06 12:45:00,147.58,147.58,147.57,147.58,700140.0
2017-06-06 13:00:00,147.56,147.57,147.56,147.57,512204.0
2017-06-06 13:15:00,147.47,147.48,147.47,147.47,933355.0
2017-06-06 13:30:00,147.51,147.51,147.51,147.51,944224.0
2017-06-06 14:15:00,147.47,147.48,147.47,147.48,610524.0
2017-06-06 14:30:00,147.47,147.49,147.47,147.47,792915.0
2017-06-06 14:45:00,147.42,147.42,147.42,147.42,824177.0
2017-06-06 15:00:00,147.45,147.46,147.44,147.46,875080.0
2017-06-06 15:15:00,147.33,147.35,147.33,147.34,704613.0
2017-06-06 15:30:00,147.39,147.4,147.39,147.4,773761.0
2017-06-06 15:45:00,147.32,147.32,147.32,147.32,785684.0
2017-06-07 09:30:00,148.34,148.35,148.34,148.35,550824.0
2017-06-07 10:00:00,148.42,148.43,148.42,148.43,444418.0
2017-06-07 10:15:00,148.4,148.41,148.4,148.41,504565.0
2017-06-07 10:30:00,148.44,148.45,148.44,148.45,742510.0
2017-06-07 11:00:00,148.52,148.53,148.52,148.52,718512.0
2017-06-07 11:15:00,148.54,148.55,148.54,148.54,723767.0
2017-06-07 11:30:00,148.56,148.57,148.56,148.56,419695.0
2017-06-07 11:45:00,148.62,148.63,148.62,148.62,759725.0
2017-06-07 12:15:00,148.66,148.67,148.66,148.66,430177.0
2017-06-07 12:30:00,148.71,148.71,148.71,148.71,437720.0
2017-06-07 12:45:00,148.71,148.72,148.71,148.71,673846.0
2017-06-07 13:00:00,148.82,148.82,148.81,148.81,580162.0
2017-06-07 13:15:00,148.81,148.82,148.81,148.81,627715.0
2017-06-07 13:30:00,148.8,148.81,148.79,148.8,581894.0
2017-06-07 13:45:00,148.87,148.87,148.87,148.87,718302.0
2017-06-07 14:00:00,148.83,148.84,148.83,148.83,535747.0
2017-06-07 14:15:00,148.9,148.91,148.9,148.9,686024.0
2017-06-07 14:30:00,148.92,148.94,148.92,148.93,523421.0
2017-06-07 14:45:00,148.98,148.99,148.98,148.99,758190.0
2017-06-07 15:00:00,149.02,149.02,149.02,149.02,659046.0
2017-06-07 15:30:00,149.08,149.08,149.08,149.08,465688.0
2017-06-07 15:45:00,149.07,149.08,149.07,149.08,661136.0
2017-06-08 09:30:00,153.52,153.53,153.51,153.52,943880.0
2017-06-08 09:45:00,153.72,153.77,153.7,153.71,1168942.0
2017-06-08 10:00:00,153.97,153.99,153.96,153.97,854019.0
2017-06-08 10:15:00,154.24,154.25,154.24,154.24,1321146.0
2017-06-08 10:30:00,154.44,154.46,154.42,154.44,1254862.0
2017-06-08 10:45:00,154.68,154.69,154.66,154.67,921732.0
2017-06-08 11:15:00,155.16,155.17,155.15,155.16,1109539.0
2017-06-08 11:30:00,155.4,155.46,155.39,155.42,1166031.0
2017-06-08 11:45:00,155.81,155.83,155.81,155.81,891604.0
2017-06-08 12:00:00,156.09,156.1,156.08,156.09,963766.0
2017-06-08 12:15:00,155.93,155.97,155.91,155.93,947987.0
2017-06-08 12:30:00,156.64,156.67,156.64,156.66,1158085.0
2017-06-08 12:45:00,156.86,156.88,156.86,156.86,1300740.0
2017-06-08 13:00:00,157.17,157.19,157.14,157.19,1050978.0
2017-06-08 13:15:00,157.31,157.33,157.31,157.32,993667.0
2017-06-08 13:30:00,157.62,157.62,157.62,157.62,1007064.0
2017-06-08 13:45:00,157.79,157.8,157.79,157.8,1180134.0
2017-06-08 14:15:00,158.37,158.4,158.36,158.39,1281654.0
2017-06-08 14:30:00,158.58,158.6,158.58,158.58,1371557.0
2017-06-08 15:00:00,159.06,159.09,159.06,159.06,1011119.0
2017-06-08 15:15:00,159.45,159.46,159.45,159.45,953645.0
2017-06-08 15:30:00,159.68,159.69,159.68,159.68,991133.0
2017-06-08 15:45:00,160.0,160.0,159.99,160.0,856516.0
2017-06-16 09:30:00,152.66,152.68,152.66,152.68,1046927.0
2017-06-16 09:45:00,152.72,152.73,152.72,152.72,675282.0
2017-06-16 10:15:00,152.6,152.62,152.6,152.6,700495.0
2017-06-16 10:30:00,152.55,152.55,152.54,152.55,1144626.0
2017-06-16 10:45:00,152.35,152.37,152.34,152.37,1011622.0
2017-06-16 11:15:00,152.35,152.36,152.35,152.36,918200.0
2017-06-16 11:30:00,152.39,152.41,152.39,152.41,1154033.0
2017-06-16 11:45:00,152.36,152.37,152.36,152.37,646798.0
2017-06-16 12:00:00,152.22,152.23,152.21,152.23,1143214.0
2017-06-16 12:15:00,152.26,152.29,152.25,152.27,971065.0
2017-06-16 12:30:00,152.19,152.2,152.19,152.19,814729.0
2017-06-16 12:45:00,152.19,152.2,152.19,152.2,902399.0
2017-06-16 13:00:00,152.16,152.18,152.15,152.16,1016969.0
2017-06-16 13:15:00,152.13,152.13,152.12,152.13,764576.0
2017-06-16 13:30:00,151.89,151.9,151.88,151.88,1017181.0
2017-06-16 13:45:00,151.98,151.99,151.98,151.98,824614.0
2017-06-16 14:00:00,152.02,152.04,152.02,152.02,669011.0
2017-06-16 14:15:00,151.89,151.89,151.89,151.89,1067996.0
2017-06-16 14:30:00,151.9,151.91,151.89,151.91,1033864.0
2017-06-16 14:45:00,151.81,151.84,151.8,151.81,1134248.0
2017-06-16 15:00:00,151.73,151.76,151.73,151.74,1078759.0
2017-06-16 15:15:00,151.63,151.65,151.62,151.64,734027.0
2017-06-16 15:30:00,151.61,151.62,151.61,151.61,659383.0
2017-06-16 15:45:00,151.69,151.71,151.68,151.69,706710.0
2017-06-19 09:30:00,153.39,153.39,153.39,153.39,828293.0
2017-06-19 09:45:00,153.58,153.6,153.58,153.58,708427.0
2017-06-19 10:00:00,153.63,153.65,153.63,153.65,531695.0
2017-06-19 10:15:00,153.85,153.86,153.85,153.86,800311.0
2017-06-19 10:45:00,154.27,154.28,154.26,154.28,613587.0
2017-06-19 11:00:00,154.34,154.35,154.34,154.34,566882.0
2017-06-19 11:30:00,154.56,154.57,154.56,154.56,656898.0
2017-06-19 11:45:00,154.74,154.76,154.74,154.75,895820.0
2017-06-19 12:00:00,155.04,155.06,155.04,155.06,567341.0
2017-06-19 12:15:00,155.15,155.16,155.14,155.15,534714.0
2017-06-19 12:30:00,155.26,155.28,155.25,155.26,833232.0
2017-06-19 12:45:00,155.53,155.55,155.53,155.54,570801.0
2017-06-19 13:00:00,155.52,155.52,155.51,155.51,552956.0
2017-06-19 13:15:00,155.78,155.78,155.78,155.78,729122.0
2017-06-19 13:30:00,155.91,155.92,155.9,155.9,661913.0
2017-06-19 13:45:00,156.09,156.09,156.08,156.09,670563.0
2017-06-19 14:00:00,156.21,156.21,156.2,156.21,787957.0
2017-06-19 14:15:00,156.39,156.39,156.39,156.39,715884.0
2017-06-19 14:30:00,156.54,156.55,156.54,156.55,669217.0
2017-06-19 14:45:00,156.65,156.66,156.65,156.66,861493.0
2017-06-19 15:00:00,156.8,156.81,156.8,156.81,567423.0
2017-06-19 15:15:00,156.87,156.88,156.87,156.87,667955.0
2017-06-19 15:30:00,157.13,157.13,157.13,157.13,716626.0
2017-06-19 15:45:00,157.21,157.23,157.21,157.22,710529.0
2017-06-20 09:30:00,158.92,158.94,158.92,158.93,1134348.0
2017-06-20 09:45:00,158.81,158.81,158.8,158.81,1137861.0
2017-06-20 10:00:00,158.94,158.95,158.94,158.94,1063263.0
2017-06-20 10:15:00,158.74,158.76,158.74,158.74,983736.0
2017-06-20 10:30:00,158.72,158.72,158.72,158.72,1366371.0
2017-06-20 10:45:00,158.59,158.6,158.59,158.6,1303240.0
2017-06-20 11:00:00,158.43,158.44,158.43,158.43,1347202.0
2017-06-20 11:30:00,158.41,158.43,158.41,158.41,1083158.0
2017-06-20 11:45:00,158.19,158.21,158.18,158.21,1079239.0
2017-06-20 12:00:00,158.26,158.28,158.25,158.28,1264792.0
2017-06-20 12:15:00,158.17,158.17,158.17,158.17,755394.0
2017-06-20 12:30:00,158.09,158.1,158.09,158.09,756286.0
2017-06-20 13:00:00,158.0,158.01,158.0,158.0,956507.0
2017-06-20 13:15:00,157.93,157.94,157.92,157.92,1323572.0
2017-06-20 13:30:00,157.79,157.8,157.79,157.79,1068083.0
2017-06-20 13:45:00,157.58,157.61,157.57,157.6,1131685.0
2017-06-20 14:00:00,157.59,157.6,157.58,157.6,1255387.0
2017-06-20 14:15:00,157.47,157.47,157.45,157.46,802054.0
2017-06-20 14:30:00,157.5,157.53,157.5,157.51,1242666.0
2017-06-20 14:45:00,157.4,157.42,157.4,157.41,1351056.0
2017-06-20 15:00:00,157.35,157.37,157.35,157.37,1108457.0
2017-06-20 15:15:00,157.23,157.24,157.23,157.23,742894.0
2017-06-20 15:30:00,157.18,157.19,157.18,157.18,1192162.0
2017-06-20 15:45:00,157.04,157.05,157.04,157.04,1029878.0
2017-06-21 09:30:00,158.2,158.21,158.19,158.2,692781.0
2017-06-21 09:45:00,158.26,158.26,158.26,158.26,471676.0
2017-06-21 10:00:00,158.32,158.33,158.32,158.32,828270.0
2017-06-21 10:15:00,158.27,158.28,158.27,158.27,557731.0
2017-06-21 10:30:00,158.36,158.36,158.34,158.34,780968.0
2017-06-21 10:45:00,158.44,158.45,158.44,158.44,828630.0
2017-06-21 11:30:00,158.57,158.58,158.57,158.57,687060.0
2017-06-21 11:45:00,158.67,158.68,158.67,158.67,570118.0
2017-06-21 12:00:00,158.67,158.68,158.67,158.67,591900.0
2017-06-21 12:15:00,158.78,158.79,158.78,158.78,532567.0
2017-06-21 12:30:00,158.81,158.82,158.81,158.82,782946.0
2017-06-21 12:45:00,158.86,158.87,158.86,158.87,849531.0
2017-06-21 13:00:00,158.91,158.91,158.91,158.91,542592.0
2017-06-21 13:15:00,158.93,158.94,158.93,158.93,560492.0
2017-06-21 13:30:00,159.0,159.01,159.0,159.01,695762.0
2017-06-21 14:00:00,159.14,159.15,159.14,159.14,461795.0
2017-06-21 14:15:00,159.2,159.21,159.19,159.21,464480.0
2017-06-21 14:30:00,159.26,159.27,159.26,159.27,577708.0
2017-06-21 15:00:00,159.33,159.34,159.33,159.34,796406.0
2017-06-21 15:15:00,159.36,159.37,159.36,159.36,648382.0
2017-06-21 15:30:00,159.39,159.39,159.39,159.39,673563.0
2017-06-21 15:45:00,159.44,159.46,159.44,159.45,669007.0
2017-06-22 09:30:00,159.75,159.75,159.75,159.75,422072.0
2017-06-22 09:45:00,159.76,159.77,159.76,159.77,344676.0
2017-06-22 10:00:00,159.73,159.74,159.73,159.73,565126.0
2017-06-22 10:30:00,159.59,159.59,159.58,159.59,545782.0
2017-06-22 10:45:00,159.5,159.51,159.5,159.5,448595.0
2017-06-22 11:00:00,159.45,159.45,159.45,159.45,391751.0
2017-06-22 11:15:00,159.34,159.36,159.34,159.35,407252.0
2017-06-22 11:30:00,159.31,159.32,159.31,159.31,436186.0
2017-06-22 11:45:00,159.29,159.29,159.29,159.29,483574.0
2017-06-22 12:00:00,159.28,159.29,159.27,159.28,358718.0
2017-06-22 12:15:00,159.22,159.24,159.22,159.23,502108.0
2017-06-22 12:30:00,159.12,159.12,159.11,159.12,575509.0
2017-06-22 12:45:00,159.06,159.06,159.06,159.06,316335.0
2017-06-22 13:00:00,159.02,159.03,159.02,159.03,517688.0
2017-06-22 13:15:00,158.89,158.9,158.89,158.89,529484.0
2017-06-22 13:30:00,158.86,158.87,158.86,158.86,541985.0
2017-06-22 13:45:00,158.82,158.83,158.81,158.82,322613.0
2017-06-22 14:15:00,158.76,158.78,158.76,158.76,503832.0
2017-06-22 14:30:00,158.64,158.64,158.63,158.64,453642.0
2017-06-22 14:45:00,158.55,158.57,158.55,158.56,400285.0
2017-06-22 15:00:00,158.55,158.56,158.55,158.55,331166.0
2017-06-22 15:15:00,158.49,158.5,158.49,158.49,498123.0
2017-06-22 15:30:00,158.38,158.39,158.37,158.39,548349.0
2017-06-22 15:45:00,158.35,158.36,158.34,158.34,525394.0
2017-06-23 09:30:00,158.71,158.71,158.71,158.71,1173103.0
2017-06-23 09:45:00,158.52,158.53,158.52,158.52,1359708.0
2017-06-23 10:00:00,158.26,158.27,158.26,158.27,1094760.0
2017-06-23 10:15:00,158.11,158.16,158.11,158.13,935524.0
2017-06-23 10:30:00,157.92,157.93,157.91,157.92,1159517.0
2017-06-23 10:45:00,157.56,157.59,157.55,157.57,1305269.0
2017-06-23 11:00:00,157.51,157.53,157.5,157.52,812117.0
2017-06-23 11:15:00,157.3,157.32,157.29,157.3,1181736.0
2017-06-23 11:30:00,157.14,157.14,157.14,157.14,1332013.0
2017-06-23 11:45:00,157.02,157.05,157.01,157.04,1111045.0
2017-06-23 12:00:00,156.82,156.86,156.81,156.85,1332278.0
2017-06-23 12:15:00,156.53,156.54,156.53,156.54,929087.0
2017-06-23 12:30:00,156.4,156.43,156.39,156.42,735485.0
2017-06-23 12:45:00,156.17,156.18,156.17,156.17,933142.0
2017-06-23 13:00:00,155.98,155.99,155.97,155.98,1151730.0
2017-06-23 13:15:00,155.8,155.82,155.8,155.8,1065450.0
2017-06-23 13:30:00,155.3,155.32,155.29,155.3,788271.0
2017-06-23 14:15:00,155.03,155.04,155.02,155.04,1353366.0
2017-06-23 14:30:00,154.7,154.71,154.67,154.7,833408.0
2017-06-23 14:45:00,154.64,154.65,154.64,154.65,1230647.0
2017-06-23 15:00:00,154.4,154.4,154.39,154.4,816518.0
2017-06-23 15:15:00,154.32,154.34,154.31,154.33,1053648.0
2017-06-23 15:30:00,153.96,153.97,153.94,153.97,892653.0
2017-06-23 15:45:00,153.76,153.77,153.76,153.76,1138980.0
2017-07-05 09:30:00,141.91,141.92,141.91,141.91,714151.0
2017-07-05 09:45:00,141.94,141.95,141.94,141.94,644316.0
2017-07-05 10:00:00,142.03,142.03,142.03,142.03,877115.0
2017-07-05 10:15:00,142.0,142.0,141.99,141.99,898452.0
2017-07-05 10:30:00,142.07,142.08,142.07,142.07,841204.0
2017-07-05 10:45:00,142.06,142.07,142.06,142.07,615759.0
2017-07-05 11:00:00,142.18,142.18,142.18,142.18,620080.0
2017-07-05 11:15:00,142.19,142.21,142.18,142.19,831778.0
2017-07-05 11:30:00,142.22,142.22,142.21,142.21,911517.0
2017-07-05 11:45:00,142.29,142.3,142.29,142.3,884806.0
2017-07-05 12:00:00,142.35,142.35,142.35,142.35,988193.0
2017-07-05 12:15:00,142.4,142.4,142.4,142.4,776724.0
2017-07-05 12:30:00,142.39,142.4,142.38,142.38,785502.0
2017-07-05 12:45:00,142.48,142.49,142.47,142.48,555172.0
2017-07-05 13:00:00,142.54,142.55,142.54,142.55,972315.0
2017-07-05 13:15:00,142.48,142.51,142.48,142.49,904928.0
2017-07-05 13:30:00,142.64,142.65,142.64,142.64,660815.0
2017-07-05 13:45:00,142.74,142.76,142.74,142.75,1010643.0
2017-07-05 14:00:00,142.83,142.84,142.83,142.83,923295.0
2017-07-05 14:15:00,142.74,142.75,142.74,142.75,874397.0
2017-07-05 14:30:00,142.82,142.83,142.82,142.82,843629.0
2017-07-05 14:45:00,142.87,142.88,142.87,142.87,612799.0
2017-07-05 15:00:00,142.94,142.95,142.94,142.94,1007517.0
2017-07-05 15:15:00,142.94,142.94,142.93,142.94,874083.0
2017-07-05 15:30:00,143.05,143.07,143.05,143.07,845084.0
2017-07-05 15:45:00,143.07,143.08,143.06,143.07,559314.0
2017-07-06 09:30:00,141.81,141.81,141.8,141.81,836517.0
2017-07-06 10:00:00,141.89,141.9,141.88,141.88,590790.0
2017-07-06 10:15:00,142.07,142.07,142.07,142.07,823043.0
2017-07-06 10:30:00,142.07,142.09,142.06,142.06,558762.0
2017-07-06 10:45:00,142.13,142.16,142.13,142.16,750817.0
2017-07-06 11:00:00,142.29,142.3,142.28,142.3,922294.0
2017-07-06 11:15:00,142.28,142.28,142.28,142.28,588674.0
2017-07-06 11:30:00,142.41,142.42,142.41,142.41,903109.0
2017-07-06 11:45:00,142.45,142.45,142.45,142.45,665893.0
2017-07-06 12:00:00,142.51,142.51,142.51,142.51,826109.0
2017-07-06 12:15:00,142.51,142.53,142.51,142.52,862439.0
2017-07-06 12:30:00,142.52,142.55,142.51,142.52,579676.0
2017-07-06 12:45:00,142.74,142.75,142.74,142.75,667525.0
2017-07-06 13:00:00,142.74,142.75,142.74,142.75,827854.0
2017-07-06 13:15:00,142.86,142.88,142.86,142.87,852594.0
2017-07-06 13:30:00,142.93,142.96,142.92,142.95,736139.0
2017-07-06 13:45:00,142.97,142.97,142.97,142.97,544460.0
2017-07-06 14:00:00,143.04,143.06,143.03,143.06,607749.0
2017-07-06 14:15:00,143.14,143.17,143.14,143.16,507442.0
2017-07-06 14:45:00,143.22,143.23,143.21,143.22,546997.0
2017-07-06 15:00:00,143.21,143.23,143.2,143.22,708863.0
2017-07-06 15:15:00,143.29,143.3,143.29,143.29,682350.0
2017-07-06 15:30:00,143.44,143.44,143.43,143.44,569318.0
2017-07-06 15:45:00,143.4,143.42,143.39,143.4,609537.0
2017-07-07 09:30:00,145.78,145.79,145.78,145.78,555983.0
2017-07-07 09:45:00,145.83,145.83,145.83,145.83,442653.0
2017-07-07 10:00:00,145.88,145.89,145.88,145.88,472744.0
2017-07-07 10:15:00,145.92,145.92,145.92,145.92,489553.0
2017-07-07 10:30:00,145.96,145.97,145.95,145.97,521330.0
2017-07-07 10:45:00,145.97,145.97,145.97,145.97,461465.0
2017-07-07 11:00:00,146.0,146.0,146.0,146.0,626765.0
2017-07-07 11:15:00,146.06,146.06,146.06,146.06,448722.0
2017-07-07 11:30:00,146.09,146.09,146.09,146.09,582690.0
2017-07-07 11:45:00,146.17,146.18,146.17,146.18,469090.0
2017-07-07 12:00:00,146.17,146.17,146.17,146.17,796307.0
2017-07-07 12:15:00,146.26,146.28,146.26,146.27,588815.0
2017-07-07 12:30:00,146.26,146.26,146.26,146.26,786886.0
2017-07-07 12:45:00,146.28,146.28,146.28,146.28,738733.0
2017-07-07 13:00:00,146.32,146.32,146.32,146.32,817523.0
2017-07-07 13:15:00,146.4,146.41,146.4,146.4,809276.0
2017-07-07 13:30:00,146.41,146.42,146.41,146.41,771619.0
2017-07-07 14:00:00,146.5,146.51,146.5,146.5,485142.0
2017-07-07 14:15:00,146.54,146.55,146.54,146.55,782954.0
2017-07-07 14:30:00,146.55,146.55,146.54,146.54,786869.0
2017-07-07 14:45:00,146.59,146.59,146.59,146.59,583253.0
2017-07-07 15:15:00,146.67,146.68,146.67,146.67,535288.0
2017-07-07 15:30:00,146.69,146.7,146.69,146.7,691499.0
2017-07-07 15:45:00,146.72,146.73,146.72,146.72,527891.0
2017-07-10 09:45:00,149.89,149.9,149.89,149.89,1081948.0
2017-07-10 10:00:00,150.14,150.15,150.12,150.14,788615.0
2017-07-10 10:15:00,150.25,150.25,150.25,150.25,1195636.0
2017-07-10 10:30:00,150.4,150.41,150.38,150.41,907401.0
2017-07-10 10:45:00,150.45,150.47,150.43,150.45,814613.0
2017-07-10 11:00:00,150.69,150.7,150.69,150.69,827616.0
2017-07-10 11:15:00,150.88,150.88,150.87,150.88,723531.0
2017-07-10 11:30:00,150.93,150.94,150.92,150.94,797319.0
2017-07-10 11:45:00,151.16,151.17,151.15,151.16,806373.0
2017-07-10 12:00:00,151.33,151.36,151.32,151.35,1118961.0
2017-07-10 12:15:00,151.47,151.48,151.47,151.47,947931.0
2017-07-10 12:45:00,151.78,151.79,151.78,151.78,953433.0
2017-07-10 13:00:00,151.87,151.9,151.87,151.89,916788.0
2017-07-10 13:15:00,152.11,152.12,152.1,152.11,798218.0
2017-07-10 13:30:00,152.23,152.24,152.23,152.23,1037464.0
2017-07-10 13:45:00,152.46,152.46,152.45,152.46,826273.0
2017-07-10 14:00:00,152.51,152.52,152.51,152.52,1174365.0
2017-07-10 14:15:00,152.73,152.74,152.73,152.74,1193298.0
2017-07-10 14:30:00,152.89,152.9,152.89,152.89,723543.0
2017-07-10 14:45:00,153.12,153.12,153.1,153.12,1095607.0
2017-07-10 15:00:00,153.03,153.05,153.03,153.03,1120856.0
2017-07-10 15:15:00,153.38,153.38,153.38,153.38,1121252.0
2017-07-10 15:30:00,153.53,153.54,153.53,153.53,1077510.0
2017-07-10 15:45:00,153.63,153.65,153.62,153.64,691741.0
2017-07-12 09:30:00,158.28,158.29,158.27,158.28,1122416.0
2017-07-12 09:45:00,158.48,158.48,158.47,158.47,973976.0
2017-07-12 10:00:00,158.59,158.6,158.58,158.6,1121477.0
2017-07-12 10:30:00,158.98,158.99,158.98,158.99,836364.0
2017-07-12 10:45:00,159.14,159.14,159.14,159.14,802249.0
2017-07-12 11:00:00,159.31,159.33,159.31,159.32,1115668.0
2017-07-12 11:15:00,159.45,159.46,159.45,159.46,1301118.0
2017-07-12 11:30:00,159.54,159.56,159.52,159.54,1329047.0
2017-07-12 11:45:00,159.78,159.78,159.78,159.78,783749.0
2017-07-12 12:00:00,160.06,160.08,160.05,160.06,958995.0
2017-07-12 12:15:00,160.14,160.16,160.14,160.14,1296135.0
2017-07-12 12:45:00,160.38,160.39,160.36,160.38,1177839.0
2017-07-12 13:00:00,160.66,160.66,160.66,160.66,1137585.0
2017-07-12 13:15:00,160.79,160.8,160.79,160.8,1065254.0
2017-07-12 13:45:00,161.2,161.22,161.18,161.2,1412262.0
2017-07-12 14:00:00,161.51,161.55,161.5,161.53,1039045.0
2017-07-12 14:15:00,161.44,161.47,161.42,161.44,1144136.0
2017-07-12 14:30:00,161.66,161.68,161.66,161.66,1048046.0
2017-07-12 14:45:00,161.84,161.86,161.84,161.86,884714.0
2017-07-12 15:00:00,162.02,162.03,162.02,162.02,1101203.0
2017-07-12 15:30:00,162.36,162.37,162.36,162.37,869679.0
2017-07-12 15:45:00,162.52,162.53,162.5,162.53,790145.0
2017-07-13 09:30:00,162.98,163.0,162.97,162.99,1413676.0
2017-07-13 10:00:00,162.88,162.89,162.87,162.88,1306382.0
2017-07-13 10:15:00,162.65,162.66,162.65,162.66,981667.0
2017-07-13 10:30:00,162.46,162.47,162.44,162.46,1147753.0
2017-07-13 10:45:00,162.59,162.61,162.59,162.61,1344025.0
2017-07-13 11:30:00,162.29,162.31,162.29,162.29,977452.0
2017-07-13 11:45:00,162.25,162.28,162.24,162.28,1694791.0
2017-07-13 12:00:00,162.06,162.08,162.06,162.07,1052929.0
2017-07-13 12:15:00,161.99,161.99,161.99,161.99,1337946.0
2017-07-13 12:30:00,161.89,161.9,161.88,161.89,1504843.0
2017-07-13 12:45:00,161.81,161.85,161.79,161.82,1446116.0
2017-07-13 13:00:00,161.69,161.71,161.68,161.7,1506929.0
2017-07-13 13:15:00,161.53,161.54,161.52,161.53,1691192.0
2017-07-13 13:30:00,161.47,161.48,161.47,161.48,1489065.0
2017-07-13 13:45:00,161.38,161.41,161.37,161.4,1528544.0
2017-07-13 14:00:00,161.15,161.2,161.14,161.16,1070660.0
2017-07-13 14:15:00,161.18,161.19,161.18,161.19,1233255.0
2017-07-13 14:30:00,161.2,161.24,161.18,161.21,1315846.0
2017-07-13 14:45:00,160.93,160.94,160.92,160.94,1193442.0
2017-07-13 15:00:00,160.74,160.78,160.73,160.76,1289864.0
2017-07-13 15:15:00,161.03,161.07,161.02,161.04,1122956.0
2017-07-13 15:30:00,160.81,160.82,160.8,160.81,1317918.0
2017-07-14 09:30:00,161.32,161.33,161.31,161.33,1011080.0
2017-07-14 09:45:00,161.45,161.46,161.45,161.45,1028948.0
2017-07-14 10:00:00,161.63,161.64,161.62,161.63,1123932.0
2017-07-14 10:30:00,161.96,161.97,161.96,161.96,641868.0
2017-07-14 10:45:00,162.0,162.01,162.0,162.0,829689.0
2017-07-14 11:00:00,162.17,162.18,162.17,162.17,1060639.0
2017-07-14 11:15:00,162.31,162.32,162.3,162.31,841917.0
2017-07-14 11:30:00,162.45,162.46,162.45,162.45,893845.0
2017-07-14 11:45:00,162.63,162.64,162.62,162.63,1006389.0
2017-07-14 12:00:00,162.76,162.77,162.75,162.76,635855.0
2017-07-14 12:15:00,162.9,162.91,162.9,162.91,1029775.0
2017-07-14 12:30:00,163.04,163.05,163.04,163.04,1116277.0
2017-07-14 12:45:00,163.21,163.21,163.21,163.21,1137572.0
2017-07-14 13:15:00,163.52,163.54,163.51,163.52,1010549.0
2017-07-14 13:30:00,163.63,163.63,163.63,163.63,1031880.0
2017-07-14 13:45:00,163.91,163.92,163.9,163.91,649349.0
2017-07-14 14:15:00,164.06,164.06,164.06,164.06,1044541.0
2017-07-14 14:30:00,164.16,164.18,164.16,164.16,1012616.0
2017-07-14 14:45:00,164.38,164.39,164.38,164.38,1158775.0
2017-07-14 15:00:00,164.54,164.56,164.53,164.54,1142518.0
2017-07-14 15:15:00,164.66,164.67,164.66,164.66,832956.0
2017-07-14 15:45:00,164.96,164.96,164.95,164.96,856516.0
2017-07-18 09:30:00,161.89,161.92,161.88,161.89,876392.0
2017-07-18 09:45:00,161.99,162.0,161.98,161.99,762482.0
2017-07-18 10:00:00,162.14,162.15,162.14,162.15,541352.0
2017-07-18 10:15:00,162.22,162.26,162.22,162.23,689764.0
2017-07-18 10:30:00,162.52,162.54,162.51,162.52,824498.0
2017-07-18 10:45:00,162.63,162.64,162.63,162.63,796022.0
2017-07-18 11:15:00,162.94,162.94,162.94,162.94,551581.0
2017-07-18 11:30:00,163.09,163.1,163.09,163.09,756823.0
2017-07-18 11:45:00,163.27,163.27,163.27,163.27,677933.0
2017-07-18 12:00:00,163.41,163.42,163.41,163.42,927938.0
2017-07-18 12:15:00,163.54,163.57,163.53,163.55,543506.0
2017-07-18 12:30:00,163.76,163.76,163.76,163.76,563882.0
2017-07-18 12:45:00,163.95,163.95,163.95,163.95,715222.0
2017-07-18 13:00:00,164.07,164.09,164.07,164.09,648117.0
2017-07-18 13:15:00,164.34,164.36,164.34,164.35,656478.0
2017-07-18 13:30:00,164.46,164.46,164.46,164.46,622680.0
2017-07-18 13:45:00,164.49,164.52,164.49,164.5,810253.0
2017-07-18 14:00:00,164.7,164.71,164.7,164.71,746107.0
2017-07-18 14:15:00,164.99,165.0,164.98,164.99,790504.0
2017-07-18 14:30:00,165.04,165.06,165.04,165.04,544849.0
2017-07-18 14:45:00,165.3,165.33,165.3,165.31,723993.0
2017-07-18 15:00:00,165.41,165.44,165.41,165.41,592176.0
2017-07-18 15:15:00,165.75,165.77,165.74,165.75,844976.0
2017-07-18 15:45:00,165.92,165.94,165.92,165.92,678625.0
2017-07-19 09:30:00,166.32,166.32,166.31,166.32,685697.0
2017-07-19 09:45:00,166.22,166.24,166.22,166.23,813503.0
2017-07-19 10:00:00,166.22,166.23,166.22,166.22,729231.0
2017-07-19 10:15:00,166.16,166.16,166.15,166.16,746897.0
2017-07-19 10:30:00,166.12,166.13,166.12,166.12,603704.0
2017-07-19 10:45:00,166.1,166.1,166.1,166.1,587633.0
2017-07-19 11:00:00,166.06,166.07,166.05,166.06,748503.0
2017-07-19 11:15:00,165.96,165.97,165.96,165.97,498786.0
2017-07-19 11:30:00,165.9,165.91,165.9,165.91,555041.0
2017-07-19 11:45:00,165.95,165.96,165.95,165.95,696487.0
2017-07-19 12:00:00,165.79,165.8,165.79,165.79,823839.0
2017-07-19 12:15:00,165.81,165.82,165.81,165.82,819638.0
2017-07-19 12:30:00,165.76,165.77,165.75,165.77,803859.0
2017-07-19 12:45:00,165.68,165.69,165.68,165.69,606258.0
2017-07-19 13:00:00,165.64,165.64,165.63,165.64,547554.0
2017-07-19 13:15:00,165.6,165.6,165.6,165.6,730079.0
2017-07-19 13:30:00,165.56,165.57,165.56,165.56,510940.0
2017-07-19 13:45:00,165.47,165.48,165.47,165.47,507534.0
2017-07-19 14:00:00,165.51,165.53,165.51,165.52,684964.0
2017-07-19 14:15:00,165.41,165.41,165.41,165.41,510654.0
2017-07-19 14:30:00,165.33,165.33,165.33,165.33,693159.0
2017-07-19 14:45:00,165.31,165.33,165.31,165.32,535051.0
2017-07-19 15:00:00,165.16,165.17,165.15,165.16,786488.0
2017-07-19 15:30:00,165.13,165.14,165.13,165.13,515185.0
2017-07-19 15:45:00,165.11,165.12,165.1,165.11,722585.0
2017-07-21 09:30:00,166.71,166.71,166.7,166.71,687928.0
2017-07-21 09:45:00,166.76,166.77,166.76,166.76,492890.0
2017-07-21 10:00:00,166.77,166.77,166.77,166.77,624267.0
2017-07-21 10:15:00,166.78,166.78,166.78,166.78,651691.0
2017-07-21 10:30:00,166.91,166.91,166.91,166.91,445459.0
2017-07-21 10:45:00,166.93,166.93,166.93,166.93,642594.0
2017-07-21 11:00:00,167.02,167.03,167.01,167.02,650757.0
2017-07-21 11:15:00,167.14,167.17,167.13,167.16,703013.0
2017-07-21 11:30:00,167.12,167.12,167.12,167.12,748490.0
2017-07-21 11:45:00,167.25,167.27,167.25,167.26,555044.0
2017-07-21 12:00:00,167.23,167.24,167.23,167.23,543756.0
2017-07-21 12:15:00,167.27,167.27,167.27,167.27,678614.0
2017-07-21 12:30:00,167.34,167.35,167.33,167.34,652978.0
2017-07-21 12:45:00,167.4,167.41,167.39,167.4,483980.0
2017-07-21 13:00:00,167.48,167.48,167.48,167.48,769263.0
2017-07-21 13:15:00,167.42,167.43,167.42,167.42,780669.0
2017-07-21 13:30:00,167.61,167.61,167.61,167.61,788922.0
2017-07-21 13:45:00,167.62,167.63,167.62,167.62,754722.0
2017-07-21 14:15:00,167.77,167.78,167.77,167.77,808389.0
2017-07-21 14:30:00,167.78,167.79,167.78,167.78,720841.0
2017-07-21 14:45:00,167.87,167.89,167.87,167.89,443645.0
2017-07-21 15:00:00,167.92,167.92,167.91,167.92,591359.0
2017-07-21 15:30:00,168.0,168.01,168.0,168.01,474484.0
2017-07-21 15:45:00,168.1,168.1,168.09,168.1,732963.0
2017-07-24 09:30:00,168.38,168.38,168.38,168.38,625983.0
2017-07-24 09:45:00,168.36,168.38,168.36,168.36,547653.0
2017-07-24 10:00:00,168.18,168.19,168.18,168.18,574668.0
2017-07-24 10:15:00,168.17,168.18,168.17,168.17,654453.0
2017-07-24 10:30:00,168.04,168.05,168.04,168.04,797259.0
2017-07-24 10:45:00,167.95,167.95,167.94,167.94,637305.0
2017-07-24 11:00:00,167.88,167.88,167.88,167.88,705762.0
2017-07-24 11:15:00,167.78,167.78,167.77,167.77,587088.0
2017-07-24 11:30:00,167.74,167.75,167.74,167.75,511084.0
2017-07-24 12:00:00,167.5,167.5,167.5,167.5,590100.0
2017-07-24 12:15:00,167.39,167.4,167.39,167.4,639276.0
2017-07-24 12:30:00,167.31,167.32,167.31,167.31,696255.0
2017-07-24 12:45:00,167.22,167.23,167.22,167.22,774328.0
2017-07-24 13:00:00,167.14,167.14,167.14,167.14,771571.0
2017-07-24 13:45:00,166.91,166.91,166.9,166.91,469346.0
2017-07-24 14:00:00,166.72,166.74,166.72,166.74,654494.0
2017-07-24 14:15:00,166.75,166.77,166.74,166.75,564172.0
2017-07-24 14:30:00,166.6,166.61,166.6,166.61,526990.0
2017-07-24 14:45:00,166.49,166.5,166.49,166.49,652537.0
2017-07-24 15:00:00,166.46,166.47,166.46,166.47,521221.0
2017-07-24 15:15:00,166.34,166.36,166.34,166.34,446261.0
2017-07-24 15:30:00,166.2,166.2,166.2,166.2,496478.0
2017-07-24 15:45:00,166.16,166.16,166.15,166.16,668385.0
2017-07-25 09:30:00,165.25,165.25,165.24,165.25,374933.0
2017-07-25 10:00:00,165.19,165.19,165.18,165.18,420731.0
2017-07-25 10:15:00,165.23,165.23,165.23,165.23,513259.0
2017-07-25 10:30:00,165.22,165.22,165.22,165.22,579098.0
2017-07-25 10:45:00,165.24,165.24,165.23,165.24,586931.0
2017-07-25 11:00:00,165.27,165.27,165.27,165.27,342129.0
2017-07-25 11:30:00,165.26,165.27,165.26,165.26,531802.0
2017-07-25 11:45:00,165.23,165.25,165.23,165.24,373020.0
2017-07-25 12:00:00,165.29,165.3,165.29,165.3,559446.0
2017-07-25 12:15:00,165.35,165.36,165.35,165.35,391288.0
2017-07-25 12:30:00,165.28,165.28,165.28,165.28,513995.0
2017-07-25 12:45:00,165.29,165.3,165.29,165.29,435278.0
2017-07-25 13:00:00,165.27,165.28,165.27,165.27,411329.0
2017-07-25 13:15:00,165.3,165.3,165.3,165.3,337949.0
2017-07-25 13:30:00,165.31,165.31,165.31,165.31,377589.0
2017-07-25 13:45:00,165.29,165.29,165.28,165.29,506595.0
2017-07-25 14:00:00,165.29,165.3,165.29,165.3,459559.0
2017-07-25 14:15:00,165.33,165.33,165.33,165.33,615374.0
2017-07-25 14:30:00,165.29,165.31,165.29,165.29,485722.0
2017-07-25 14:45:00,165.31,165.31,165.3,165.31,453549.0
2017-07-25 15:00:00,165.33,165.34,165.33,165.34,550801.0
2017-07-25 15:30:00,165.37,165.38,165.37,165.37,491906.0
2017-07-25 15:45:00,165.36,165.36,165.36,165.36,588823.0
2017-07-28 09:30:00,160.27,160.28,160.27,160.27,391230.0
2017-07-28 09:45:00,160.56,160.56,160.55,160.56,498774.0
2017-07-28 10:15:00,160.76,160.77,160.76,160.76,514144.0
2017-07-28 10:30:00,160.96,160.97,160.94,160.97,496873.0
2017-07-28 11:00:00,161.26,161.26,161.25,161.26,566640.0
2017-07-28 11:15:00,161.42,161.42,161.42,161.42,444813.0
2017-07-28 11:30:00,161.72,161.74,161.72,161.73,549355.0
2017-07-28 11:45:00,161.78,161.81,161.78,161.79,608742.0
2017-07-28 12:00:00,161.98,162.01,161.98,161.99,564675.0
2017-07-28 12:15:00,162.05,162.06,162.05,162.05,604787.0
2017-07-28 12:30:00,162.2,162.23,162.2,162.2,584145.0
2017-07-28 12:45:00,162.32,162.34,162.3,162.34,362076.0
2017-07-28 13:00:00,162.71,162.74,162.7,162.74,620325.0
2017-07-28 13:15:00,162.84,162.86,162.83,162.84,450456.0
2017-07-28 13:30:00,162.94,162.96,162.93,162.95,515563.0
2017-07-28 13:45:00,163.07,163.08,163.07,163.07,594971.0
2017-07-28 14:00:00,163.28,163.31,163.28,163.29,624079.0
2017-07-28 14:15:00,163.29,163.31,163.28,163.3,558347.0
2017-07-28 14:45:00,163.78,163.79,163.77,163.78,447604.0
2017-07-28 15:00:00,163.91,163.92,163.9,163.91,617661.0
2017-07-28 15:15:00,164.01,164.01,164.01,164.01,446231.0
2017-07-28 15:30:00,164.17,164.18,164.13,164.16,435033.0
2017-08-03 09:30:00,164.42,164.43,164.42,164.43,421901.0
2017-08-03 09:45:00,164.43,164.43,164.43,164.43,524021.0
2017-08-03 10:00:00,164.54,164.54,164.54,164.54,490012.0
2017-08-03 10:15:00,164.56,164.57,164.56,164.56,539982.0
2017-08-03 10:30:00,164.68,164.69,164.68,164.69,552635.0
2017-08-03 10:45:00,164.79,164.8,164.79,164.8,541078.0
2017-08-03 11:00:00,164.93,164.94,164.93,164.94,424406.0
2017-08-03 11:15:00,164.96,164.96,164.96,164.96,334188.0
2017-08-03 11:30:00,165.02,165.03,165.02,165.02,538315.0
2017-08-03 11:45:00,165.13,165.13,165.12,165.13,399843.0
2017-08-03 12:00:00,165.17,165.18,165.16,165.17,396710.0
2017-08-03 12:15:00,165.3,165.33,165.3,165.31,343282.0
2017-08-03 12:45:00,165.42,165.42,165.42,165.42,369001.0
2017-08-03 13:00:00,165.56,165.56,165.56,165.56,399494.0
2017-08-03 13:15:00,165.6,165.62,165.6,165.6,491598.0
2017-08-03 13:30:00,165.67,165.68,165.67,165.68,454518.0
2017-08-03 13:45:00,165.78,165.79,165.78,165.78,301036.0
2017-08-03 14:00:00,165.94,165.96,165.94,165.94,460274.0
2017-08-03 14:15:00,165.94,165.96,165.94,165.95,451447.0
2017-08-03 14:30:00,166.01,166.01,166.01,166.01,391219.0
2017-08-03 14:45:00,166.16,166.16,166.16,166.16,424151.0
2017-08-03 15:15:00,166.34,166.34,166.34,166.34,342914.0
2017-08-03 15:45:00,166.46,166.46,166.46,166.46,423308.0
2017-08-04 09:45:00,167.39,167.39,167.39,167.39,731375.0
2017-08-04 10:00:00,167.38,167.39,167.38,167.39,684892.0
2017-08-04 10:15:00,167.43,167.44,167.43,167.44,582916.0
2017-08-04 10:45:00,167.35,167.38,167.35,167.35,596881.0
2017-08-04 11:00:00,167.34,167.35,167.34,167.35,602622.0
2017-08-04 11:15:00,167.3,167.32,167.29,167.29,631597.0
2017-08-04 11:30:00,167.41,167.44,167.41,167.42,448745.0
2017-08-04 11:45:00,167.31,167.31,167.31,167.31,637665.0
2017-08-04 12:00:00,167.33,167.35,167.33,167.33,530642.0
2017-08-04 12:15:00,167.38,167.39,167.38,167.38,699632.0
2017-08-04 12:30:00,167.35,167.36,167.34,167.35,401575.0
2017-08-04 12:45:00,167.31,167.34,167.3,167.32,417126.0
2017-08-04 13:00:00,167.3,167.32,167.3,167.31,457686.0
2017-08-04 13:15:00,167.3,167.31,167.3,167.3,613086.0
2017-08-04 13:30:00,167.25,167.26,167.25,167.25,570434.0
2017-08-04 13:45:00,167.27,167.28,167.27,167.28,608847.0
2017-08-04 14:00:00,167.27,167.27,167.26,167.27,527796.0
2017-08-04 14:15:00,167.28,167.28,167.27,167.28,484795.0
2017-08-04 14:30:00,167.29,167.3,167.28,167.29,614298.0
2017-08-04 14:45:00,167.21,167.22,167.21,167.21,624419.0
2017-08-04 15:00:00,167.23,167.24,167.23,167.23,525905.0
2017-08-04 15:15:00,167.18,167.19,167.17,167.18,589999.0
2017-08-04 15:30:00,167.21,167.22,167.21,167.21,596857.0
2017-08-07 09:45:00,168.5,168.51,168.49,168.5,766088.0
2017-08-07 10:00:00,168.79,168.8,168.79,168.8,508445.0
2017-08-07 10:15:00,168.93,168.93,168.93,168.93,628210.0
2017-08-07 10:30:00,169.0,169.0,168.99,169.0,841058.0
2017-08-07 11:15:00,169.49,169.5,169.49,169.49,643720.0
2017-08-07 11:30:00,169.5,169.51,169.5,169.5,797465.0
2017-08-07 11:45:00,169.76,169.78,169.76,169.77,881940.0
2017-08-07 12:00:00,169.95,169.96,169.95,169.96,493500.0
2017-08-07 12:15:00,170.09,170.11,170.09,170.1,549532.0
2017-08-07 12:30:00,170.29,170.3,170.29,170.29,833468.0
2017-08-07 12:45:00,170.45,170.45,170.45,170.45,634040.0
2017-08-07 13:00:00,170.62,170.62,170.62,170.62,524583.0
2017-08-07 13:15:00,170.75,170.78,170.75,170.77,842697.0
2017-08-07 13:30:00,171.0,171.01,170.99,171.0,656568.0
2017-08-07 13:45:00,171.13,171.13,171.12,171.13,524741.0
2017-08-07 14:00:00,171.26,171.26,171.25,171.26,559541.0
2017-08-07 14:15:00,171.39,171.39,171.39,171.39,735784.0
2017-08-07 14:30:00,171.59,171.59,171.59,171.59,813114.0
2017-08-07 14:45:00,171.66,171.67,171.64,171.67,484180.0
2017-08-07 15:15:00,172.03,172.03,172.03,172.03,780257.0
2017-08-07 15:30:00,172.05,172.07,172.04,172.05,504027.0
2017-08-07 15:45:00,172.35,172.35,172.35,172.35,886836.0
2017-08-09 09:30:00,168.43,168.43,168.42,168.43,556730.0
2017-08-09 09:45:00,168.54,168.56,168.53,168.53,462526.0
2017-08-09 10:00:00,168.73,168.74,168.73,168.73,366209.0
2017-08-09 10:15:00,168.86,168.87,168.86,168.86,390667.0
2017-08-09 10:45:00,169.11,169.12,169.11,169.11,470282.0
2017-08-09 11:00:00,169.36,169.36,169.35,169.36,467473.0
2017-08-09 11:15:00,169.35,169.37,169.35,169.36,596899.0
2017-08-09 11:30:00,169.67,169.69,169.65,169.68,655504.0
2017-08-09 11:45:00,169.81,169.83,169.8,169.81,605593.0
2017-08-09 12:00:00,170.0,170.03,170.0,170.02,543134.0
2017-08-09 12:15:00,170.03,170.04,170.03,170.03,525513.0
2017-08-09 12:30:00,170.04,170.07,170.04,170.05,569904.0
2017-08-09 12:45:00,170.32,170.32,170.31,170.32,460605.0
2017-08-09 13:00:00,170.63,170.66,170.61,170.64,430777.0
2017-08-09 13:15:00,170.62,170.63,170.62,170.62,631085.0
2017-08-09 13:30:00,170.9,170.91,170.89,170.9,421482.0
2017-08-09 13:45:00,171.01,171.03,171.0,171.01,639831.0
2017-08-09 14:15:00,171.26,171.27,171.26,171.26,584986.0
2017-08-09 14:30:00,171.38,171.39,171.38,171.38,474102.0
2017-08-09 14:45:00,171.49,171.49,171.49,171.49,555909.0
2017-08-09 15:15:00,171.88,171.89,171.88,171.88,471152.0
2017-08-09 15:30:00,171.77,171.78,171.76,171.77,540392.0
2017-08-15 09:30:00,168.6,168.61,168.6,168.6,534376.0
2017-08-15 09:45:00,168.54,168.55,168.54,168.55,925528.0
2017-08-15 10:00:00,168.49,168.5,168.49,168.5,909445.0
2017-08-15 10:15:00,168.43,168.44,168.43,168.43,774396.0
2017-08-15 10:30:00,168.32,168.33,168.32,168.32,955465.0
2017-08-15 10:45:00,168.37,168.39,168.36,168.38,785900.0
2017-08-15 11:00:00,168.2,168.21,168.2,168.21,597444.0
2017-08-15 11:15:00,168.13,168.14,168.13,168.13,945531.0
2017-08-15 11:30:00,168.08,168.09,168.08,168.08,814787.0
2017-08-15 11:45:00,168.04,168.06,168.04,168.04,830692.0
2017-08-15 12:00:00,168.01,168.02,168.01,168.01,629576.0
2017-08-15 12:15:00,167.88,167.89,167.88,167.88,676935.0
2017-08-15 12:30:00,167.74,167.75,167.74,167.74,876125.0
2017-08-15 12:45:00,167.71,167.72,167.71,167.71,575344.0
2017-08-15 13:00:00,167.72,167.73,167.71,167.72,831124.0
2017-08-15 13:30:00,167.58,167.59,167.58,167.58,884366.0
2017-08-15 13:45:00,167.51,167.53,167.5,167.51,664959.0
2017-08-15 14:15:00,167.36,167.37,167.36,167.37,934600.0
2017-08-15 14:30:00,167.29,167.3,167.29,167.29,796280.0
2017-08-15 14:45:00,167.18,167.19,167.17,167.19,610721.0
2017-08-15 15:15:00,167.13,167.13,167.13,167.13,539352.0
2017-08-15 15:30:00,167.01,167.02,167.0,167.01,902073.0
2017-08-15 15:45:00,166.94,166.95,166.94,166.95,706343.0
2017-08-16 09:30:00,167.69,167.7,167.68,167.69,525667.0
2017-08-16 09:45:00,167.49,167.49,167.49,167.49,460107.0
2017-08-16 10:00:00,167.44,167.45,167.44,167.44,621951.0
2017-08-16 10:15:00,167.3,167.31,167.3,167.31,661851.0
2017-08-16 10:30:00,167.16,167.17,167.16,167.16,549894.0
2017-08-16 10:45:00,167.12,167.13,167.12,167.12,534578.0
2017-08-16 11:00:00,167.13,167.15,167.13,167.14,672714.0
2017-08-16 11:15:00,166.98,166.99,166.97,166.98,656134.0
2017-08-16 11:30:00,166.81,166.81,166.8,166.81,734374.0
2017-08-16 11:45:00,166.68,166.7,166.68,166.68,524360.0
2017-08-16 12:00:00,166.62,166.63,166.62,166.62,587191.0
2017-08-16 12:30:00,166.31,166.33,166.31,166.31,553257.0
2017-08-16 12:45:00,166.34,166.36,166.32,166.34,610038.0
2017-08-16 13:15:00,166.18,166.2,166.18,166.19,701689.0
2017-08-16 13:30:00,165.99,166.0,165.98,165.99,562647.0
2017-08-16 13:45:00,165.85,165.88,165.85,165.87,479475.0
2017-08-16 14:00:00,165.85,165.86,165.85,165.85,703916.0
2017-08-16 14:15:00,165.75,165.76,165.75,165.75,515100.0
2017-08-16 14:30:00,165.7,165.74,165.7,165.72,579439.0
2017-08-16 14:45:00,165.55,165.58,165.55,165.57,551092.0
2017-08-16 15:00:00,165.44,165.46,165.43,165.45,471641.0
2017-08-16 15:15:00,165.39,165.41,165.39,165.4,628012.0
2017-08-16 15:30:00,165.23,165.25,165.23,165.23,692234.0
2017-08-16 15:45:00,165.16,165.18,165.16,165.17,662283.0
2017-08-18 09:30:00,163.67,163.67,163.66,163.67,576396.0
2017-08-18 09:45:00,163.6,163.6,163.6,163.6,508469.0
2017-08-18 10:15:00,163.41,163.42,163.41,163.42,460715.0
2017-08-18 10:45:00,163.24,163.25,163.23,163.25,486512.0
2017-08-18 11:00:00,163.16,163.17,163.16,163.17,474686.0
2017-08-18 11:15:00,163.08,163.09,163.08,163.09,479110.0
2017-08-18 11:30:00,162.89,162.92,162.89,162.9,694361.0
2017-08-18 11:45:00,162.86,162.86,162.86,162.86,694246.0
2017-08-18 12:15:00,162.65,162.66,162.63,162.66,689352.0
2017-08-18 12:30:00,162.6,162.61,162.6,162.6,696970.0
2017-08-18 12:45:00,162.58,162.6,162.56,162.57,575297.0
2017-08-18 13:00:00,162.41,162.42,162.41,162.41,663220.0
2017-08-18 13:15:00,162.44,162.45,162.43,162.44,615696.0
2017-08-18 13:30:00,162.33,162.34,162.33,162.33,750501.0
2017-08-18 13:45:00,162.27,162.3,162.26,162.28,610896.0
2017-08-18 14:15:00,161.96,161.97,161.96,161.97,463686.0
2017-08-18 14:30:00,161.99,162.02,161.99,162.0,538664.0
2017-08-18 14:45:00,161.77,161.79,161.77,161.77,689106.0
2017-08-18 15:00:00,161.76,161.77,161.76,161.76,737135.0
2017-08-18 15:15:00,161.7,161.71,161.7,161.71,735644.0
2017-08-18 15:30:00,161.55,161.58,161.54,161.56,587572.0
2017-08-18 15:45:00,161.57,161.58,161.56,161.57,635267.0
2017-08-21 09:30:00,162.51,162.52,162.5,162.52,488909.0
2017-08-21 09:45:00,162.39,162.41,162.39,162.39,701762.0
2017-08-21 10:00:00,162.2,162.21,162.2,162.21,489728.0
2017-08-21 10:15:00,162.13,162.15,162.12,162.12,727457.0
2017-08-21 10:30:00,161.88,161.89,161.87,161.88,660469.0
2017-08-21 10:45:00,161.8,161.8,161.8,161.8,735466.0
2017-08-21 11:00:00,161.69,161.69,161.69,161.69,697727.0
2017-08-21 11:15:00,161.5,161.51,161.49,161.51,633294.0
2017-08-21 11:30:00,161.41,161.43,161.41,161.42,535887.0
2017-08-21 11:45:00,161.28,161.29,161.28,161.28,553069.0
2017-08-21 12:00:00,161.16,161.16,161.16,161.16,611001.0
2017-08-21 12:15:00,160.99,161.01,160.98,161.0,604682.0
2017-08-21 12:45:00,160.8,160.81,160.8,160.8,431888.0
2017-08-21 13:00:00,160.65,160.67,160.63,160.66,611840.0
2017-08-21 13:15:00,160.45,160.45,160.45,160.45,647840.0
2017-08-21 13:30:00,160.33,160.34,160.33,160.34,756809.0
2017-08-21 13:45:00,160.21,160.21,160.21,160.21,511555.0
2017-08-21 14:00:00,160.06,160.09,160.06,160.08,554718.0
2017-08-21 14:15:00,160.0,160.04,159.99,160.01,500608.0
2017-08-21 14:30:00,159.83,159.84,159.83,159.83,526674.0
2017-08-21 14:45:00,159.55,159.57,159.54,159.56,737505.0
2017-08-21 15:00:00,159.64,159.64,159.64,159.64,495570.0
2017-08-21 15:30:00,159.26,159.27,159.26,159.27,447141.0
2017-08-21 15:45:00,158.94,158.98,158.94,158.97,655255.0
2017-08-22 09:30:00,160.53,160.54,160.52,160.53,355054.0
2017-08-22 09:45:00,160.53,160.55,160.53,160.54,490603.0
2017-08-22 10:00:00,160.64,160.65,160.64,160.64,441068.0
2017-08-22 10:15:00,160.72,160.73,160.72,160.72,422714.0
2017-08-22 10:30:00,160.8,160.82,160.8,160.8,435673.0
2017-08-22 10:45:00,160.91,160.91,160.91,160.91,463704.0
2017-08-22 11:00:00,160.98,160.99,160.98,160.98,305604.0
2017-08-22 11:15:00,161.08,161.09,161.08,161.09,382163.0
2017-08-22 11:30:00,161.15,161.16,161.15,161.15,407001.0
2017-08-22 11:45:00,161.23,161.23,161.23,161.23,476013.0
2017-08-22 12:00:00,161.35,161.36,161.35,161.35,331644.0
2017-08-22 12:15:00,161.36,161.38,161.36,161.36,449185.0
2017-08-22 12:30:00,161.48,161.49,161.48,161.49,527917.0
2017-08-22 12:45:00,161.67,161.68,161.66,161.66,467929.0
2017-08-22 13:00:00,161.62,161.62,161.61,161.62,542904.0
2017-08-22 13:15:00,161.76,161.78,161.76,161.76,338970.0
2017-08-22 13:30:00,161.71,161.72,161.7,161.72,412289.0
2017-08-22 14:15:00,162.04,162.05,162.04,162.05,449434.0
2017-08-22 14:30:00,162.14,162.15,162.14,162.14,419521.0
2017-08-22 14:45:00,162.21,162.22,162.21,162.21,311861.0
2017-08-22 15:00:00,162.31,162.31,162.3,162.31,529569.0
2017-08-22 15:30:00,162.53,162.54,162.53,162.54,364340.0
2017-08-22 15:45:00,162.57,162.58,162.56,162.58,475398.0
2017-08-25 09:30:00,166.17,166.17,166.17,166.17,372066.0
2017-08-25 09:45:00,166.07,166.08,166.07,166.07,355546.0
2017-08-25 10:00:00,166.0,166.01,166.0,166.01,318373.0
2017-08-25 10:15:00,165.91,165.92,165.91,165.91,317987.0
2017-08-25 10:30:00,165.76,165.76,165.75,165.76,320166.0
2017-08-25 10:45:00,165.7,165.7,165.69,165.7,443879.0
2017-08-25 11:00:00,165.59,165.6,165.59,165.6,444466.0
2017-08-25 11:15:00,165.45,165.47,165.44,165.47,313775.0
2017-08-25 11:30:00,165.43,165.44,165.42,165.43,387864.0
2017-08-25 11:45:00,165.3,165.3,165.29,165.3,286829.0
2017-08-25 12:00:00,165.24,165.24,165.23,165.24,425482.0
2017-08-25 12:15:00,165.1,165.1,165.1,165.1,298945.0
2017-08-25 12:30:00,165.02,165.02,165.02,165.02,297643.0
2017-08-25 13:15:00,164.82,164.83,164.82,164.82,341978.0
2017-08-25 13:30:00,164.65,164.65,164.65,164.65,434213.0
2017-08-25 13:45:00,164.57,164.57,164.57,164.57,341908.0
2017-08-25 14:00:00,164.52,164.53,164.52,164.53,425725.0
2017-08-25 14:15:00,164.39,164.39,164.39,164.39,274919.0
2017-08-25 14:30:00,164.27,164.28,164.27,164.28,414272.0
2017-08-25 14:45:00,164.17,164.17,164.16,164.17,315731.0
2017-08-25 15:00:00,164.1,164.11,164.1,164.11,258891.0
2017-08-25 15:15:00,163.95,163.96,163.95,163.95,421021.0
2017-08-25 15:30:00,163.89,163.89,163.89,163.89,398415.0
2017-08-25 15:45:00,163.9,163.91,163.9,163.91,321705.0
2017-08-28 09:45:00,164.55,164.55,164.54,164.54,481427.0
2017-08-28 10:00:00,164.63,164.64,164.63,164.63,452013.0
2017-08-28 10:15:00,164.6,164.6,164.6,164.6,430795.0
2017-08-28 10:30:00,164.67,164.68,164.66,164.67,341198.0
2017-08-28 10:45:00,164.65,164.65,164.65,164.65,410179.0
2017-08-28 11:00:00,164.67,164.68,164.67,164.67,382343.0
2017-08-28 11:15:00,164.69,164.69,164.69,164.69,339634.0
2017-08-28 12:00:00,164.73,164.73,164.73,164.73,460791.0
2017-08-28 12:15:00,164.74,164.74,164.74,164.74,368768.0
2017-08-28 12:30:00,164.76,164.76,164.76,164.76,288628.0
2017-08-28 12:45:00,164.78,164.78,164.78,164.78,291347.0
2017-08-28 13:00:00,164.8,164.81,164.8,164.8,289435.0
2017-08-28 13:15:00,164.78,164.8,164.78,164.79,344221.0
2017-08-28 13:30:00,164.83,164.84,164.83,164.83,423926.0
2017-08-28 13:45:00,164.84,164.84,164.83,164.83,308738.0
2017-08-28 14:00:00,164.87,164.88,164.87,164.88,296597.0
2017-08-28 14:15:00,164.89,164.91,164.89,164.9,454081.0
2017-08-28 14:45:00,164.93,164.93,164.93,164.93,373728.0
2017-08-28 15:00:00,164.9,164.91,164.9,164.91,399433.0
2017-08-28 15:15:00,164.92,164.94,164.92,164.93,410033.0
2017-08-28 15:30:00,164.96,164.97,164.96,164.96,352517.0
2017-08-28 15:45:00,164.97,164.97,164.97,164.97,336774.0
2017-08-29 09:45:00,162.63,162.64,162.63,162.64,397619.0
2017-08-29 10:00:00,162.71,162.72,162.71,162.71,303025.0
2017-08-29 10:15:00,162.85,162.86,162.85,162.85,374579.0
2017-08-29 10:30:00,163.0,163.02,162.99,163.0,241373.0
2017-08-29 10:45:00,162.95,162.96,162.95,162.96,247133.0
2017-08-29 11:00:00,163.14,163.15,163.14,163.15,343466.0
2017-08-29 11:15:00,163.19,163.19,163.19,163.19,337723.0
2017-08-29 11:45:00,163.34,163.35,163.34,163.34,245743.0
2017-08-29 12:00:00,163.45,163.46,163.45,163.45,233506.0
2017-08-29 12:30:00,163.6,163.6,163.59,163.6,285866.0
2017-08-29 12:45:00,163.58,163.6,163.58,163.59,389680.0
2017-08-29 13:00:00,163.75,163.75,163.75,163.75,291159.0
2017-08-29 13:15:00,163.94,163.95,163.93,163.95,265311.0
2017-08-29 13:30:00,163.93,163.93,163.92,163.93,236920.0
2017-08-29 13:45:00,164.04,164.04,164.03,164.04,308999.0
2017-08-29 14:00:00,164.19,164.21,164.19,164.2,341146.0
2017-08-29 14:15:00,164.2,164.21,164.2,164.2,348695.0
2017-08-29 14:30:00,164.24,164.25,164.23,164.23,282425.0
2017-08-29 14:45:00,164.39,164.39,164.38,164.39,301273.0
2017-08-29 15:00:00,164.45,164.46,164.45,164.45,243326.0
2017-08-29 15:15:00,164.41,164.41,164.4,164.41,341595.0
2017-08-29 15:45:00,164.7,164.7,164.7,164.7,223560.0
2017-08-30 09:30:00,165.5,165.51,165.5,165.5,403558.0
2017-08-30 09:45:00,165.51,165.51,165.51,165.51,414909.0
2017-08-30 10:00:00,165.53,165.54,165.53,165.53,273935.0
2017-08-30 10:15:00,165.52,165.53,165.52,165.52,472055.0
2017-08-30 10:30:00,165.53,165.53,165.52,165.53,411852.0
2017-08-30 10:45:00,165.55,165.56,165.55,165.55,404737.0
2017-08-30 11:00:00,165.56,165.57,165.56,165.57,318587.0
2017-08-30 11:15:00,165.6,165.61,165.59,165.6,335198.0
2017-08-30 11:30:00,165.57,165.57,165.57,165.57,393490.0
2017-08-30 11:45:00,165.5,165.51,165.5,165.5,258868.0
2017-08-30 12:00:00,165.58,165.58,165.58,165.58,465080.0
2017-08-30 12:15:00,165.57,165.58,165.57,165.57,400291.0
2017-08-30 12:30:00,165.54,165.55,165.54,165.55,295008.0
2017-08-30 12:45:00,165.62,165.62,165.61,165.62,266114.0
2017-08-30 13:00:00,165.59,165.61,165.59,165.6,288847.0
2017-08-30 13:15:00,165.58,165.58,165.58,165.58,372461.0
2017-08-30 13:30:00,165.59,165.6,165.59,165.6,461959.0
2017-08-30 13:45:00,165.64,165.64,165.64,165.64,471969.0
2017-08-30 14:00:00,165.63,165.63,165.63,165.63,303123.0
2017-08-30 14:15:00,165.63,165.63,165.63,165.63,402676.0
2017-08-30 14:30:00,165.68,165.68,165.68,165.68,334102.0
2017-08-30 14:45:00,165.64,165.65,165.64,165.64,371916.0
2017-08-30 15:00:00,165.64,165.64,165.64,165.64,337344.0
2017-08-30 15:15:00,165.67,165.67,165.67,165.67,461604.0
2017-08-30 15:30:00,165.68,165.68,165.68,165.68,428060.0
2017-08-30 15:45:00,165.68,165.69,165.68,165.68,407499.0
2017-08-31 09:30:00,166.48,166.49,166.47,166.48,511853.0
2017-08-31 09:45:00,166.63,166.63,166.63,166.63,720278.0
2017-08-31 10:00:00,166.75,166.75,166.74,166.75,634694.0
2017-08-31 10:15:00,166.82,166.85,166.82,166.83,547652.0
2017-08-31 10:30:00,166.95,166.96,166.95,166.96,614798.0
2017-08-31 10:45:00,167.09,167.09,167.09,167.09,440361.0
2017-08-31 11:00:00,167.21,167.22,167.21,167.22,533670.0
2017-08-31 11:15:00,167.29,167.3,167.29,167.29,587047.0
2017-08-31 11:30:00,167.48,167.49,167.48,167.49,471435.0
2017-08-31 11:45:00,167.55,167.55,167.54,167.55,755487.0
2017-08-31 12:00:00,167.73,167.73,167.73,167.73,527344.0
2017-08-31 12:15:00,167.78,167.78,167.78,167.78,624116.0
2017-08-31 12:30:00,167.91,167.91,167.91,167.91,702983.0
2017-08-31 12:45:00,168.04,168.04,168.04,168.04,623653.0
2017-08-31 13:00:00,168.33,168.34,168.32,168.32,569674.0
2017-08-31 13:15:00,168.14,168.16,168.14,168.14,765333.0
2017-08-31 13:30:00,168.39,168.39,168.39,168.39,445712.0
2017-08-31 13:45:00,168.52,168.52,168.52,168.52,686770.0
2017-08-31 14:30:00,168.88,168.89,168.88,168.89,761155.0
2017-08-31 14:45:00,168.97,168.97,168.97,168.97,668580.0
2017-08-31 15:00:00,169.06,169.07,169.05,169.06,412859.0
2017-08-31 15:15:00,169.21,169.22,169.21,169.22,496354.0
2017-08-31 15:30:00,169.32,169.32,169.32,169.32,510196.0
2017-08-31 15:45:00,169.44,169.44,169.44,169.44,594255.0
2017-09-01 09:30:00,169.96,169.97,169.96,169.96,319332.0
2017-09-01 09:45:00,169.96,169.96,169.96,169.96,381428.0
2017-09-01 10:00:00,169.99,170.0,169.98,169.99,489783.0
2017-09-01 10:30:00,170.01,170.02,170.01,170.01,418962.0
2017-09-01 10:45:00,170.07,170.07,170.06,170.07,325330.0
2017-09-01 11:00:00,170.09,170.1,170.09,170.09,396673.0
2017-09-01 11:15:00,170.09,170.09,170.09,170.09,434337.0
2017-09-01 11:30:00,170.07,170.09,170.07,170.08,515684.0
2017-09-01 11:45:00,170.07,170.08,170.07,170.07,411149.0
2017-09-01 12:00:00,170.14,170.15,170.14,170.14,484774.0
2017-09-01 12:15:00,170.17,170.18,170.17,170.17,537413.0
2017-09-01 12:30:00,170.19,170.2,170.19,170.2,435423.0
2017-09-01 13:00:00,170.28,170.28,170.27,170.28,374799.0
2017-09-01 13:15:00,170.19,170.2,170.19,170.19,327966.0
2017-09-01 13:30:00,170.26,170.26,170.26,170.26,402602.0
2017-09-01 14:00:00,170.3,170.3,170.3,170.3,315388.0
2017-09-01 14:15:00,170.33,170.33,170.33,170.33,519821.0
2017-09-01 14:30:00,170.38,170.38,170.38,170.38,480618.0
2017-09-01 14:45:00,170.34,170.35,170.34,170.34,552016.0
2017-09-01 15:00:00,170.43,170.44,170.43,170.43,418063.0
2017-09-01 15:15:00,170.45,170.45,170.44,170.45,464485.0
2017-09-01 15:30:00,170.46,170.47,170.45,170.46,301700.0
2017-09-01 15:45:00,170.48,170.48,170.48,170.48,421562.0
2017-09-06 09:30:00,167.26,167.27,167.26,167.26,316011.0
2017-09-06 09:45:00,167.04,167.05,167.04,167.04,399625.0
2017-09-06 10:00:00,167.08,167.08,167.07,167.08,403769.0
2017-09-06 10:15:00,167.07,167.07,167.07,167.07,396523.0
2017-09-06 10:30:00,167.02,167.04,167.01,167.01,472999.0
2017-09-06 10:45:00,167.0,167.0,167.0,167.0,423080.0
2017-09-06 11:00:00,166.94,166.95,166.92,166.94,445020.0
2017-09-06 11:15:00,166.84,166.85,166.84,166.84,335461.0
2017-09-06 11:30:00,166.72,166.74,166.72,166.73,316875.0
2017-09-06 11:45:00,166.71,166.72,166.7,166.71,443135.0
2017-09-06 12:00:00,166.67,166.68,166.67,166.67,429797.0
2017-09-06 12:15:00,166.58,166.58,166.58,166.58,389562.0
2017-09-06 12:30:00,166.56,166.58,166.56,166.56,283851.0
2017-09-06 12:45:00,166.5,166.5,166.49,166.5,294826.0
2017-09-06 13:00:00,166.41,166.42,166.41,166.41,270119.0
2017-09-06 13:15:00,166.43,166.45,166.42,166.44,326681.0
2017-09-06 13:30:00,166.32,166.33,166.32,166.33,297750.0
2017-09-06 13:45:00,166.32,166.34,166.31,166.33,295002.0
2017-09-06 14:00:00,166.21,166.22,166.2,166.22,429514.0
2017-09-06 14:15:00,166.12,166.12,166.12,166.12,493307.0
2017-09-06 14:30:00,166.07,166.08,166.07,166.08,323826.0
2017-09-06 14:45:00,166.05,166.05,166.05,166.05,332759.0
2017-09-06 15:00:00,165.97,165.98,165.97,165.97,310158.0
2017-09-06 15:15:00,165.94,165.96,165.94,165.95,348829.0
2017-09-06 15:30:00,165.84,165.85,165.84,165.85,302972.0
2017-09-06 15:45:00,165.8,165.8,165.79,165.8,398017.0
2017-09-07 09:45:00,166.49,166.5,166.49,166.5,267973.0
2017-09-07 10:00:00,166.49,166.49,166.49,166.49,266357.0
2017-09-07 10:15:00,166.48,166.49,166.48,166.48,411567.0
2017-09-07 10:30:00,166.53,166.54,166.53,166.53,283998.0
2017-09-07 10:45:00,166.49,166.49,166.49,166.49,323800.0
2017-09-07 11:00:00,166.55,166.56,166.54,166.56,302913.0
2017-09-07 11:15:00,166.52,166.53,166.52,166.52,329592.0
2017-09-07 11:30:00,166.56,166.58,166.56,166.57,285046.0
2017-09-07 12:00:00,166.52,166.52,166.51,166.52,374765.0
2017-09-07 12:15:00,166.53,166.53,166.53,166.53,328874.0
2017-09-07 12:30:00,166.52,166.53,166.52,166.53,366735.0
2017-09-07 12:45:00,166.54,166.56,166.54,166.55,252269.0
2017-09-07 13:00:00,166.53,166.54,166.53,166.53,384557.0
2017-09-07 13:15:00,166.54,166.55,166.53,166.54,273396.0
2017-09-07 13:30:00,166.61,166.63,166.61,166.62,415834.0
2017-09-07 13:45:00,166.54,166.54,166.54,166.54,433277.0
2017-09-07 14:00:00,166.52,166.53,166.51,166.53,242997.0
2017-09-07 14:15:00,166.54,166.55,166.53,166.53,259200.0
2017-09-07 14:30:00,166.55,166.55,166.55,166.55,364609.0
2017-09-07 14:45:00,166.58,166.59,166.58,166.58,338764.0
2017-09-07 15:00:00,166.57,166.57,166.56,166.57,347700.0
2017-09-07 15:15:00,166.57,166.58,166.57,166.58,322244.0
2017-09-07 15:30:00,166.56,166.56,166.55,166.56,371126.0
2017-09-07 15:45:00,166.58,166.58,166.58,166.58,404432.0
2017-09-08 09:30:00,166.11,166.12,166.11,166.12,549765.0
2017-09-08 09:45:00,166.08,166.1,166.07,166.08,524237.0
2017-09-08 10:15:00,165.82,165.83,165.82,165.82,564069.0
2017-09-08 10:30:00,165.71,165.71,165.71,165.71,469045.0
2017-09-08 10:45:00,165.65,165.65,165.64,165.65,494981.0
2017-09-08 11:00:00,165.53,165.54,165.52,165.53,483586.0
2017-09-08 11:15:00,165.4,165.41,165.4,165.4,563952.0
2017-09-08 11:30:00,165.42,165.43,165.41,165.42,424812.0
2017-09-08 12:00:00,165.15,165.15,165.14,165.15,411827.0
2017-09-08 12:15:00,165.11,165.12,165.11,165.11,508862.0
2017-09-08 12:30:00,164.83,164.86,164.83,164.84,553695.0
2017-09-08 12:45:00,164.88,164.89,164.88,164.88,476487.0
2017-09-08 13:00:00,164.71,164.72,164.71,164.72,531579.0
2017-09-08 13:15:00,164.72,164.74,164.72,164.74,354754.0
2017-09-08 13:30:00,164.46,164.47,164.45,164.47,455860.0
2017-09-08 13:45:00,164.5,164.51,164.49,164.5,474382.0
2017-09-08 14:00:00,164.38,164.39,164.38,164.38,467349.0
2017-09-08 14:45:00,164.08,164.08,164.08,164.08,371723.0
2017-09-08 15:00:00,163.91,163.93,163.9,163.92,364068.0
2017-09-08 15:15:00,163.88,163.89,163.88,163.88,501553.0
2017-09-08 15:30:00,163.78,163.79,163.78,163.79,470470.0
2017-09-08 15:45:00,163.73,163.74,163.72,163.72,355661.0
2017-09-11 10:00:00,165.76,165.78,165.75,165.76,478491.0
2017-09-11 10:15:00,165.94,165.94,165.93,165.94,628023.0
2017-09-11 10:30:00,166.1,166.11,166.1,166.11,520198.0
2017-09-11 10:45:00,166.27,166.28,166.27,166.28,640550.0
2017-09-11 11:00:00,166.35,166.37,166.34,166.36,704685.0
2017-09-11 11:15:00,166.45,166.46,166.45,166.45,445464.0
2017-09-11 11:30:00,166.54,166.55,166.54,166.54,470012.0
2017-09-11 11:45:00,166.84,166.85,166.84,166.85,549384.0
2017-09-11 12:00:00,166.95,166.95,166.95,166.95,410476.0
2017-09-11 12:15:00,167.11,167.12,167.11,167.11,602323.0
2017-09-11 12:30:00,167.2,167.21,167.2,167.21,399867.0
2017-09-11 12:45:00,167.35,167.37,167.33,167.34,443082.0
2017-09-11 13:00:00,167.3,167.31,167.28,167.3,641127.0
2017-09-11 13:30:00,167.8,167.8,167.79,167.79,549052.0
2017-09-11 13:45:00,167.9,167.9,167.9,167.9,393528.0
2017-09-11 14:00:00,167.92,167.92,167.9,167.91,633003.0
2017-09-11 14:15:00,168.19,168.21,168.19,168.2,708499.0
2017-09-11 14:30:00,168.23,168.24,168.23,168.24,436430.0
2017-09-11 14:45:00,168.37,168.4,168.36,168.38,675698.0
2017-09-11 15:00:00,168.45,168.46,168.45,168.45,517952.0
2017-09-11 15:15:00,168.74,168.76,168.74,168.74,601081.0
2017-09-11 15:45:00,168.98,168.98,168.97,168.98,622373.0
2017-09-13 09:30:00,168.6,168.61,168.6,168.6,500785.0
2017-09-13 09:45:00,168.63,168.63,168.62,168.63,506414.0
2017-09-13 10:00:00,168.76,168.79,168.75,168.77,654713.0
2017-09-13 10:15:00,168.9,168.93,168.89,168.92,513297.0
2017-09-13 10:30:00,168.83,168.83,168.83,168.83,429202.0
2017-09-13 10:45:00,168.95,168.96,168.95,168.95,653932.0
2017-09-13 11:00:00,169.03,169.03,169.03,169.03,621275.0
2017-09-13 11:15:00,169.13,169.15,169.12,169.15,508313.0
2017-09-13 11:30:00,169.12,169.13,169.1,169.13,463162.0
2017-09-13 11:45:00,169.21,169.21,169.21,169.21,580377.0
2017-09-13 12:00:00,169.29,169.3,169.29,169.3,441425.0
2017-09-13 12:15:00,169.33,169.34,169.32,169.33,707693.0
2017-09-13 12:30:00,169.43,169.43,169.43,169.43,487222.0
2017-09-13 12:45:00,169.54,169.54,169.54,169.54,685830.0
2017-09-13 13:00:00,169.6,169.62,169.6,169.61,708703.0
2017-09-13 13:15:00,169.67,169.67,169.67,169.67,679539.0
2017-09-13 13:30:00,169.74,169.77,169.74,169.75,398904.0
2017-09-13 13:45:00,169.82,169.82,169.8,169.81,706863.0
2017-09-13 14:15:00,169.93,169.94,169.93,169.94,465290.0
2017-09-13 14:30:00,170.01,170.01,170.01,170.01,468048.0
2017-09-13 14:45:00,170.09,170.1,170.09,170.09,661822.0
2017-09-13 15:00:00,170.11,170.12,170.11,170.11,579286.0
2017-09-13 15:15:00,170.22,170.22,170.22,170.22,594626.0
2017-09-13 15:30:00,170.29,170.3,170.29,170.29,549126.0
2017-09-13 15:45:00,170.29,170.31,170.28,170.29,402519.0
2017-09-18 09:30:00,185.06,185.08,185.06,185.06,2035702.0
2017-09-18 09:45:00,185.23,185.24,185.23,185.24,1321922.0
2017-09-18 10:00:00,185.36,185.37,185.36,185.36,1524979.0
2017-09-18 10:15:00,185.42,185.42,185.42,185.42,1144314.0
2017-09-18 10:30:00,185.68,185.7,185.67,185.68,1630204.0
2017-09-18 10:45:00,185.44,185.45,185.43,185.43,1836652.0
2017-09-18 11:00:00,185.68,185.68,185.67,185.68,1257215.0
2017-09-18 11:15:00,185.8,185.83,185.8,185.8,1638460.0
2017-09-18 11:30:00,185.92,185.92,185.91,185.92,1317579.0
2017-09-18 11:45:00,185.91,185.92,185.91,185.92,1781543.0
2017-09-18 12:00:00,186.0,186.04,186.0,186.0,1556428.0
2017-09-18 12:15:00,186.23,186.24,186.23,186.23,1594455.0
2017-09-18 12:30:00,186.26,186.28,186.26,186.27,1621777.0
2017-09-18 12:45:00,186.47,186.48,186.47,186.47,2071841.0
2017-09-18 13:15:00,186.6,186.61,186.59,186.59,1483055.0
2017-09-18 13:30:00,186.69,186.69,186.69,186.69,1386533.0
2017-09-18 13:45:00,186.75,186.77,186.75,186.77,1557734.0
2017-09-18 14:00:00,186.89,186.9,186.88,186.89,1459313.0
2017-09-18 14:15:00,186.9,186.92,186.9,186.92,1236251.0
2017-09-18 14:30:00,186.94,186.95,186.93,186.95,1713859.0
2017-09-18 15:00:00,187.15,187.16,187.15,187.16,1421140.0
2017-09-18 15:30:00,187.46,187.47,187.46,187.47,1266325.0
2017-09-18 15:45:00,187.57,187.58,187.56,187.58,1503582.0
2017-09-19 09:30:00,185.52,185.53,185.52,185.53,796571.0
2017-09-19 09:45:00,185.55,185.57,185.53,185.55,931060.0
2017-09-19 10:00:00,185.67,185.67,185.66,185.67,681294.0
2017-09-19 10:15:00,185.71,185.72,185.7,185.72,878715.0
2017-09-19 10:30:00,185.73,185.75,185.73,185.74,691929.0
2017-09-19 10:45:00,185.8,185.82,185.79,185.81,1004509.0
2017-09-19 11:00:00,186.05,186.07,186.04,186.05,735753.0
2017-09-19 11:15:00,186.04,186.05,186.04,186.04,926017.0
2017-09-19 11:30:00,186.09,186.11,186.09,186.1,873086.0
2017-09-19 11:45:00,186.19,186.19,186.19,186.19,1062892.0
2017-09-19 12:00:00,186.23,186.24,186.22,186.23,601940.0
2017-09-19 12:15:00,186.32,186.32,186.32,186.32,758651.0
2017-09-19 13:00:00,186.53,186.54,186.53,186.53,945924.0
2017-09-19 13:15:00,186.78,186.8,186.77,186.79,1011628.0
2017-09-19 13:30:00,186.7,186.71,186.7,186.7,835270.0
2017-09-19 13:45:00,186.8,186.82,186.78,186.8,803121.0
2017-09-19 14:00:00,186.82,186.83,186.82,186.82,707017.0
2017-09-19 14:15:00,186.84,186.86,186.84,186.84,714818.0
2017-09-19 14:30:00,187.03,187.03,187.02,187.03,703480.0
2017-09-19 15:00:00,187.23,187.24,187.22,187.24,656542.0
2017-09-19 15:30:00,187.13,187.14,187.13,187.14,672553.0
2017-09-19 15:45:00,187.32,187.33,187.31,187.33,725236.0
2017-09-20 09:30:00,187.51,187.52,187.51,187.51,859603.0
2017-09-20 09:45:00,187.46,187.48,187.46,187.47,534954.0
2017-09-20 10:00:00,187.34,187.36,187.33,187.34,653324.0
2017-09-20 10:15:00,187.31,187.32,187.31,187.32,636324.0
2017-09-20 10:30:00,187.21,187.22,187.21,187.22,660400.0
2017-09-20 10:45:00,187.12,187.14,187.12,187.12,839278.0
2017-09-20 11:00:00,186.93,186.94,186.91,186.93,511074.0
2017-09-20 11:15:00,187.08,187.09,187.07,187.07,605171.0
2017-09-20 11:45:00,186.9,186.9,186.9,186.9,715709.0
2017-09-20 12:00:00,186.92,186.96,186.91,186.93,763747.0
2017-09-20 12:15:00,186.76,186.79,186.76,186.77,726713.0
2017-09-20 12:30:00,186.68,186.69,186.68,186.68,827096.0
2017-09-20 12:45:00,186.74,186.75,186.74,186.75,818236.0
2017-09-20 13:00:00,186.56,186.57,186.56,186.57,797531.0
2017-09-20 13:15:00,186.49,186.49,186.49,186.49,655609.0
2017-09-20 13:30:00,186.3,186.3,186.29,186.3,653720.0
2017-09-20 14:00:00,186.3,186.32,186.3,186.31,814802.0
2017-09-20 14:45:00,186.11,186.11,186.1,186.11,894193.0
2017-09-20 15:00:00,186.01,186.02,186.01,186.02,503760.0
2017-09-20 15:15:00,185.95,185.95,185.95,185.95,685844.0
2017-09-20 15:30:00,185.83,185.84,185.82,185.84,569544.0
2017-09-20 15:45:00,185.84,185.86,185.84,185.85,503902.0
2017-09-22 09:30:00,180.28,180.3,180.27,180.29,577312.0
2017-09-22 09:45:00,180.35,180.36,180.34,180.35,352633.0
2017-09-22 10:00:00,180.29,180.31,180.29,180.3,492268.0
2017-09-22 10:15:00,180.13,180.15,180.13,180.14,350990.0
2017-09-22 10:30:00,180.18,180.19,180.17,180.19,363401.0
2017-09-22 11:00:00,180.01,180.02,180.01,180.01,338396.0
2017-09-22 11:15:00,179.95,179.95,179.95,179.95,536519.0
2017-09-22 11:30:00,179.85,179.87,179.85,179.86,357059.0
2017-09-22 11:45:00,179.77,179.78,179.76,179.77,485180.0
2017-09-22 12:00:00,179.78,179.79,179.78,179.78,383774.0
2017-09-22 12:15:00,179.69,179.69,179.69,179.69,335267.0
2017-09-22 12:30:00,179.7,179.71,179.7,179.7,595310.0
2017-09-22 12:45:00,179.58,179.6,179.58,179.59,601440.0
2017-09-22 13:00:00,179.57,179.58,179.57,179.57,581117.0
2017-09-22 13:15:00,179.49,179.51,179.49,179.5,478386.0
2017-09-22 13:30:00,179.48,179.49,179.48,179.48,488783.0
2017-09-22 13:45:00,179.41,179.42,179.41,179.42,502370.0
2017-09-22 14:00:00,179.38,179.4,179.38,179.38,470878.0
2017-09-22 14:15:00,179.33,179.34,179.33,179.33,437964.0
2017-09-22 14:45:00,179.16,179.17,179.16,179.16,402099.0
2017-09-22 15:00:00,179.27,179.29,179.27,179.27,547093.0
2017-09-22 15:15:00,179.09,179.1,179.09,179.1,443830.0
2017-09-22 15:30:00,179.03,179.04,179.03,179.03,573805.0
2017-09-29 09:30:00,179.06,179.07,179.06,179.06,712145.0
2017-09-29 09:45:00,179.06,179.07,179.06,179.06,694760.0
2017-09-29 10:00:00,179.06,179.06,179.06,179.06,456520.0
2017-09-29 10:15:00,179.06,179.08,179.06,179.08,433958.0
2017-09-29 10:30:00,179.06,179.06,179.06,179.06,613209.0
2017-09-29 11:30:00,178.98,178.99,178.98,178.99,448072.0
2017-09-29 11:45:00,178.93,178.94,178.92,178.93,622026.0
2017-09-29 12:00:00,178.97,178.97,178.97,178.97,557031.0
2017-09-29 12:15:00,178.97,178.98,178.96,178.97,433698.0
2017-09-29 12:30:00,178.92,178.92,178.92,178.92,719051.0
2017-09-29 12:45:00,178.9,178.9,178.9,178.9,732718.0
2017-09-29 13:00:00,178.91,178.91,178.9,178.91,452307.0
2017-09-29 13:15:00,178.9,178.9,178.9,178.9,652680.0
2017-09-29 13:30:00,178.91,178.92,178.91,178.91,634320.0
2017-09-29 13:45:00,178.86,178.86,178.86,178.86,450195.0
2017-09-29 14:00:00,178.89,178.89,178.89,178.89,749019.0
2017-09-29 14:15:00,178.82,178.83,178.82,178.82,585516.0
2017-09-29 14:30:00,178.83,178.85,178.83,178.83,436873.0
2017-09-29 14:45:00,178.76,178.76,178.75,178.76,693264.0
2017-09-29 15:00:00,178.81,178.82,178.81,178.81,629117.0
2017-09-29 15:15:00,178.83,178.83,178.82,178.83,591882.0
2017-09-29 15:30:00,178.73,178.74,178.73,178.74,642760.0
2017-09-29 15:45:00,178.76,178.76,178.76,178.76,480631.0
2017-10-03 09:30:00,179.25,179.25,179.25,179.25,322251.0
2017-10-03 09:45:00,179.26,179.26,179.26,179.26,446788.0
2017-10-03 10:00:00,179.29,179.31,179.29,179.3,398491.0
2017-10-03 10:15:00,179.26,179.26,179.26,179.26,391716.0
2017-10-03 10:30:00,179.27,179.28,179.27,179.28,385512.0
2017-10-03 10:45:00,179.29,179.3,179.28,179.29,475520.0
2017-10-03 11:00:00,179.25,179.25,179.25,179.25,471852.0
2017-10-03 11:15:00,179.31,179.31,179.31,179.31,367717.0
2017-10-03 11:30:00,179.32,179.33,179.32,179.32,409134.0
2017-10-03 11:45:00,179.27,179.28,179.27,179.27,291247.0
2017-10-03 12:00:00,179.29,179.29,179.29,179.29,391588.0
2017-10-03 12:15:00,179.37,179.38,179.36,179.37,485436.0
2017-10-03 12:30:00,179.3,179.31,179.3,179.31,344737.0
2017-10-03 12:45:00,179.3,179.32,179.3,179.31,405159.0
2017-10-03 13:00:00,179.34,179.35,179.34,179.35,280043.0
2017-10-03 13:15:00,179.32,179.32,179.32,179.32,483981.0
2017-10-03 13:30:00,179.29,179.3,179.29,179.3,289750.0
2017-10-03 13:45:00,179.28,179.3,179.28,179.28,380800.0
2017-10-03 14:00:00,179.33,179.33,179.33,179.33,355994.0
2017-10-03 14:15:00,179.37,179.37,179.37,179.37,327845.0
2017-10-03 14:30:00,179.36,179.36,179.36,179.36,421564.0
2017-10-03 14:45:00,179.39,179.4,179.39,179.39,292253.0
2017-10-03 15:00:00,179.41,179.42,179.41,179.41,411054.0
2017-10-03 15:15:00,179.35,179.36,179.35,179.35,322692.0
2017-10-03 15:30:00,179.37,179.37,179.37,179.37,272908.0
2017-10-03 15:45:00,179.38,179.4,179.38,179.39,263006.0
2017-10-04 09:30:00,179.63,179.64,179.63,179.63,406437.0
2017-10-04 09:45:00,179.7,179.71,179.7,179.71,438395.0
2017-10-04 10:00:00,179.74,179.77,179.74,179.75,404322.0
2017-10-04 10:15:00,179.78,179.79,179.78,179.78,408935.0
2017-10-04 10:30:00,179.89,179.9,179.88,179.9,400265.0
2017-10-04 10:45:00,179.85,179.85,179.85,179.85,458058.0
2017-10-04 11:00:00,179.92,179.93,179.92,179.92,411122.0
2017-10-04 11:15:00,179.97,179.97,179.97,179.97,387959.0
2017-10-04 11:30:00,179.98,180.0,179.98,180.0,370611.0
2017-10-04 11:45:00,180.1,180.12,180.1,180.11,484360.0
2017-10-04 12:00:00,180.18,180.18,180.17,180.18,428199.0
2017-10-04 12:15:00,180.22,180.25,180.21,180.23,402407.0
2017-10-04 12:30:00,180.2,180.23,180.19,180.21,356491.0
2017-10-04 12:45:00,180.27,180.28,180.26,180.27,507233.0
2017-10-04 13:00:00,180.32,180.32,180.32,180.32,342232.0
2017-10-04 13:15:00,180.36,180.37,180.35,180.36,406034.0
2017-10-04 13:30:00,180.44,180.45,180.44,180.44,516089.0
2017-10-04 13:45:00,180.43,180.45,180.43,180.44,487498.0
2017-10-04 14:00:00,180.52,180.52,180.52,180.52,333026.0
2017-10-04 14:15:00,180.57,180.57,180.57,180.57,458110.0
2017-10-04 14:30:00,180.59,180.6,180.58,180.6,458383.0
2017-10-04 14:45:00,180.66,180.67,180.66,180.66,521287.0
2017-10-04 15:00:00,180.68,180.69,180.68,180.69,296438.0
2017-10-04 15:30:00,180.79,180.8,180.79,180.79,289634.0
2017-10-04 15:45:00,180.81,180.81,180.8,180.81,319160.0
2017-10-05 09:30:00,181.84,181.85,181.84,181.84,311992.0
2017-10-05 09:45:00,181.76,181.77,181.76,181.76,439226.0
2017-10-05 10:00:00,181.77,181.78,181.77,181.78,522396.0
2017-10-05 10:15:00,181.74,181.74,181.74,181.74,379430.0
2017-10-05 10:30:00,181.65,181.65,181.64,181.65,360734.0
2017-10-05 10:45:00,181.67,181.68,181.66,181.67,303096.0
2017-10-05 11:00:00,181.56,181.56,181.56,181.56,453197.0
2017-10-05 11:15:00,181.55,181.55,181.54,181.55,472333.0
2017-10-05 11:45:00,181.43,181.44,181.43,181.43,477000.0
2017-10-05 12:15:00,181.35,181.36,181.35,181.36,301987.0
2017-10-05 12:30:00,181.35,181.35,181.34,181.35,419448.0
2017-10-05 12:45:00,181.3,181.3,181.3,181.3,513073.0
2017-10-05 13:00:00,181.25,181.25,181.24,181.25,299690.0
2017-10-05 13:15:00,181.2,181.2,181.2,181.2,375159.0
2017-10-05 13:30:00,181.18,181.2,181.18,181.19,295873.0
2017-10-05 13:45:00,181.15,181.16,181.15,181.15,357300.0
2017-10-05 14:00:00,181.09,181.1,181.09,181.1,324371.0
2017-10-05 14:30:00,181.01,181.02,181.01,181.01,540163.0
2017-10-05 14:45:00,180.94,180.95,180.94,180.95,491175.0
2017-10-05 15:00:00,180.85,180.86,180.84,180.85,505704.0
2017-10-05 15:15:00,180.87,180.88,180.87,180.87,428126.0
2017-10-05 15:30:00,180.82,180.83,180.81,180.83,435604.0
2017-10-05 15:45:00,180.73,180.74,180.72,180.73,467187.0
2017-10-06 09:30:00,179.61,179.62,179.61,179.62,348767.0
2017-10-06 09:45:00,179.73,179.73,179.72,179.73,341695.0
2017-10-06 10:00:00,179.78,179.79,179.78,179.79,252277.0
2017-10-06 10:15:00,179.84,179.84,179.83,179.84,392091.0
2017-10-06 10:30:00,179.96,179.96,179.95,179.96,330465.0
2017-10-06 10:45:00,179.92,179.93,179.92,179.92,291594.0
2017-10-06 11:00:00,180.04,180.05,180.04,180.05,267725.0
2017-10-06 11:15:00,180.1,180.1,180.1,180.1,238172.0
2017-10-06 11:30:00,180.17,180.17,180.17,180.17,216674.0
2017-10-06 11:45:00,180.19,180.2,180.19,180.19,350336.0
2017-10-06 12:15:00,180.4,180.41,180.38,180.4,314436.0
2017-10-06 12:30:00,180.44,180.44,180.43,180.44,340959.0
2017-10-06 12:45:00,180.48,180.49,180.47,180.48,287766.0
2017-10-06 13:00:00,180.58,180.6,180.58,180.59,269068.0
2017-10-06 13:15:00,180.64,180.65,180.64,180.64,220480.0
2017-10-06 13:30:00,180.7,180.71,180.69,180.7,261787.0
2017-10-06 13:45:00,180.78,180.78,180.78,180.78,354264.0
2017-10-06 14:00:00,180.83,180.84,180.82,180.84,285036.0
2017-10-06 14:15:00,180.9,180.91,180.9,180.91,359713.0
2017-10-06 14:30:00,181.08,181.09,181.07,181.09,341298.0
2017-10-06 14:45:00,181.09,181.1,181.08,181.1,234192.0
2017-10-06 15:00:00,181.13,181.14,181.12,181.13,360696.0
2017-10-06 15:15:00,181.16,181.18,181.15,181.16,236238.0
2017-10-06 15:45:00,181.31,181.32,181.31,181.32,368612.0
2017-10-10 09:30:00,191.32,191.35,191.3,191.32,826638.0
2017-10-10 10:15:00,191.12,191.13,191.12,191.12,881663.0
2017-10-10 10:30:00,191.09,191.12,191.09,191.1,773331.0
2017-10-10 10:45:00,190.96,190.97,190.96,190.97,840628.0
2017-10-10 11:00:00,190.84,190.85,190.84,190.84,744494.0
2017-10-10 11:15:00,190.75,190.78,190.74,190.77,892315.0
2017-10-10 11:30:00,190.68,190.7,190.67,190.67,838336.0
2017-10-10 11:45:00,190.52,190.54,190.51,190.53,970028.0
2017-10-10 12:00:00,190.39,190.4,190.38,190.4,678935.0
2017-10-10 12:15:00,190.36,190.38,190.36,190.36,891682.0
2017-10-10 12:30:00,190.32,190.35,190.31,190.32,857310.0
2017-10-10 12:45:00,190.27,190.31,190.27,190.29,1160137.0
2017-10-10 13:00:00,190.0,190.01,190.0,190.0,1175416.0
2017-10-10 13:15:00,190.04,190.06,190.02,190.04,971774.0
2017-10-10 13:30:00,189.78,189.8,189.77,189.79,1096724.0
2017-10-10 14:00:00,189.59,189.6,189.58,189.59,994557.0
2017-10-10 14:15:00,189.65,189.67,189.65,189.66,1075230.0
2017-10-10 14:30:00,189.36,189.38,189.36,189.38,801400.0
2017-10-10 14:45:00,189.22,189.26,189.22,189.25,1066923.0
2017-10-10 15:00:00,189.23,189.24,189.23,189.24,789102.0
2017-10-10 15:30:00,189.04,189.04,189.03,189.03,943929.0
2017-10-10 15:45:00,189.0,189.02,189.0,189.0,1049612.0
2017-10-11 09:30:00,189.62,189.62,189.62,189.62,516253.0
2017-10-11 09:45:00,189.61,189.63,189.6,189.62,428962.0
2017-10-11 10:00:00,189.64,189.65,189.63,189.64,528154.0
2017-10-11 10:15:00,189.79,189.79,189.79,189.79,461157.0
2017-10-11 10:30:00,189.75,189.77,189.74,189.75,654478.0
2017-10-11 10:45:00,189.84,189.86,189.84,189.85,485813.0
2017-10-11 11:00:00,189.9,189.91,189.89,189.9,428878.0
2017-10-11 11:15:00,189.95,189.96,189.95,189.95,642688.0
2017-10-11 11:30:00,189.98,190.0,189.97,189.98,481905.0
2017-10-11 11:45:00,190.1,190.11,190.1,190.1,399604.0
2017-10-11 12:15:00,190.19,190.19,190.18,190.19,518451.0
2017-10-11 12:30:00,190.24,190.25,190.24,190.25,440081.0
2017-10-11 12:45:00,190.29,190.29,190.29,190.29,600396.0
2017-10-11 13:00:00,190.35,190.35,190.35,190.35,406477.0
2017-10-11 13:15:00,190.42,190.43,190.42,190.43,442469.0
2017-10-11 13:30:00,190.46,190.47,190.46,190.46,461088.0
2017-10-11 13:45:00,190.53,190.54,190.53,190.54,381824.0
2017-10-11 14:00:00,190.59,190.59,190.58,190.59,526598.0
2017-10-11 14:15:00,190.64,190.65,190.63,190.64,389085.0
2017-10-11 14:45:00,190.76,190.76,190.76,190.76,512900.0
2017-10-11 15:00:00,190.78,190.79,190.78,190.78,454496.0
2017-10-11 15:15:00,190.83,190.83,190.82,190.83,600584.0
2017-10-11 15:30:00,190.88,190.9,190.88,190.88,555175.0
2017-10-11 15:45:00,190.93,190.94,190.93,190.93,503647.0
2017-10-12 09:30:00,191.09,191.09,191.08,191.09,624459.0
2017-10-12 09:45:00,191.06,191.07,191.06,191.06,520345.0
2017-10-12 10:00:00,191.07,191.07,191.07,191.07,557860.0
2017-10-12 10:15:00,191.09,191.09,191.08,191.09,508200.0
2017-10-12 10:45:00,191.08,191.08,191.08,191.08,537836.0
2017-10-12 11:00:00,191.06,191.08,191.05,191.07,490399.0
2017-10-12 11:15:00,191.14,191.15,191.14,191.14,654787.0
2017-10-12 11:30:00,191.04,191.04,191.04,191.04,527528.0
2017-10-12 11:45:00,191.01,191.02,191.01,191.01,419715.0
2017-10-12 12:00:00,191.04,191.06,191.04,191.05,499442.0
2017-10-12 12:15:00,191.02,191.02,191.01,191.02,483253.0
2017-10-12 12:30:00,191.11,191.12,191.1,191.11,630980.0
2017-10-12 12:45:00,191.12,191.13,191.12,191.13,492068.0
2017-10-12 13:00:00,191.04,191.04,191.03,191.04,511964.0
2017-10-12 13:15:00,191.02,191.03,191.02,191.02,656791.0
2017-10-12 13:30:00,191.1,191.11,191.1,191.11,527396.0
2017-10-12 13:45:00,191.02,191.02,191.02,191.02,565207.0
2017-10-12 14:15:00,191.02,191.02,191.02,191.02,627396.0
2017-10-12 14:30:00,190.94,190.97,190.93,190.95,356020.0
2017-10-12 14:45:00,191.06,191.07,191.06,191.06,636408.0
2017-10-12 15:00:00,191.01,191.02,191.01,191.02,476911.0
2017-10-12 15:30:00,191.04,191.04,191.03,191.03,497434.0
2017-10-12 15:45:00,191.02,191.03,191.0,191.01,468574.0
2017-10-13 10:00:00,193.69,193.7,193.68,193.68,732962.0
2017-10-13 10:15:00,193.64,193.64,193.62,193.64,722382.0
2017-10-13 10:30:00,193.71,193.72,193.71,193.71,633645.0
2017-10-13 10:45:00,193.78,193.78,193.78,193.78,576096.0
2017-10-13 11:00:00,193.79,193.79,193.79,193.79,718686.0
2017-10-13 11:15:00,193.84,193.84,193.84,193.84,501590.0
2017-10-13 11:30:00,193.88,193.88,193.88,193.88,698575.0
2017-10-13 11:45:00,193.98,193.99,193.98,193.98,646473.0
2017-10-13 12:00:00,193.98,193.98,193.98,193.98,527759.0
2017-10-13 12:15:00,193.97,193.98,193.97,193.98,529243.0
2017-10-13 12:30:00,194.03,194.04,194.02,194.03,497209.0
2017-10-13 12:45:00,194.1,194.11,194.1,194.1,561162.0
2017-10-13 13:00:00,194.11,194.13,194.11,194.12,513588.0
2017-10-13 13:15:00,194.04,194.06,194.04,194.05,691610.0
2017-10-13 13:30:00,194.25,194.26,194.25,194.25,647658.0
2017-10-13 13:45:00,194.22,194.23,194.22,194.22,593929.0
2017-10-13 14:15:00,194.31,194.32,194.3,194.31,439755.0
2017-10-13 14:45:00,194.43,194.44,194.43,194.44,593565.0
2017-10-13 15:00:00,194.39,194.4,194.39,194.39,736511.0
2017-10-13 15:15:00,194.52,194.52,194.52,194.52,660866.0
2017-10-13 15:30:00,194.56,194.56,194.56,194.56,529947.0
2017-10-13 15:45:00,194.61,194.63,194.6,194.62,747768.0
2017-10-16 09:30:00,195.89,195.91,195.89,195.9,625018.0
2017-10-16 09:45:00,195.88,195.88,195.88,195.88,532775.0
2017-10-16 10:00:00,195.95,195.96,195.95,195.96,641516.0
2017-10-16 10:15:00,196.03,196.04,196.02,196.04,635391.0
2017-10-16 10:30:00,196.11,196.12,196.11,196.12,703325.0
2017-10-16 10:45:00,196.2,196.23,196.2,196.21,444382.0
2017-10-16 11:00:00,196.35,196.37,196.34,196.36,683208.0
2017-10-16 11:15:00,196.43,196.44,196.42,196.43,445064.0
2017-10-16 11:30:00,196.53,196.54,196.53,196.53,612628.0
2017-10-16 11:45:00,196.54,196.55,196.53,196.54,704692.0
2017-10-16 12:15:00,196.73,196.74,196.73,196.73,545371.0
2017-10-16 12:30:00,196.75,196.76,196.75,196.76,669730.0
2017-10-16 12:45:00,196.87,196.88,196.87,196.88,714006.0
2017-10-16 13:00:00,197.13,197.14,197.12,197.12,429890.0
2017-10-16 13:15:00,197.07,197.07,197.07,197.07,711107.0
2017-10-16 13:30:00,197.17,197.18,197.17,197.18,666997.0
2017-10-16 13:45:00,197.31,197.32,197.3,197.32,438365.0
2017-10-16 14:00:00,197.38,197.39,197.38,197.39,518630.0
2017-10-16 14:15:00,197.36,197.37,197.35,197.37,486891.0
2017-10-16 14:45:00,197.6,197.61,197.6,197.61,425720.0
2017-10-16 15:00:00,197.65,197.66,197.65,197.66,613362.0
2017-10-16 15:30:00,197.85,197.85,197.85,197.85,562611.0
2017-10-16 15:45:00,197.9,197.9,197.89,197.9,692568.0
2017-10-17 09:30:00,197.09,197.09,197.09,197.09,361079.0
2017-10-17 09:45:00,197.09,197.11,197.09,197.1,519915.0
2017-10-17 10:00:00,197.14,197.14,197.14,197.14,573047.0
2017-10-17 10:30:00,197.2,197.2,197.2,197.2,544137.0
2017-10-17 10:45:00,197.21,197.22,197.21,197.22,415036.0
2017-10-17 11:00:00,197.2,197.22,197.2,197.21,533481.0
2017-10-17 11:15:00,197.32,197.34,197.32,197.33,529829.0
2017-10-17 11:30:00,197.29,197.3,197.29,197.29,357786.0
2017-10-17 11:45:00,197.33,197.33,197.33,197.33,331130.0
2017-10-17 12:00:00,197.38,197.39,197.38,197.38,354593.0
2017-10-17 12:15:00,197.41,197.42,197.41,197.42,519281.0
2017-10-17 12:30:00,197.47,197.48,197.47,197.47,379262.0
2017-10-17 12:45:00,197.43,197.44,197.43,197.43,528391.0
2017-10-17 13:15:00,197.49,197.5,197.49,197.5,513333.0
2017-10-17 13:30:00,197.51,197.52,197.51,197.51,347351.0
2017-10-17 14:00:00,197.56,197.56,197.56,197.56,595927.0
2017-10-17 14:15:00,197.63,197.63,197.63,197.63,576623.0
2017-10-17 14:30:00,197.62,197.62,197.62,197.62,451421.0
2017-10-17 14:45:00,197.68,197.68,197.68,197.68,411829.0
2017-10-17 15:00:00,197.64,197.65,197.64,197.65,369954.0
2017-10-17 15:15:00,197.66,197.66,197.66,197.66,368221.0
2017-10-17 15:45:00,197.75,197.75,197.75,197.75,504274.0
2017-10-18 09:30:00,198.1,198.1,198.1,198.1,414147.0
2017-10-18 09:45:00,198.04,198.05,198.04,198.04,665622.0
2017-10-18 10:00:00,198.14,198.14,198.14,198.14,516903.0
2017-10-18 10:15:00,198.04,198.05,198.04,198.04,661179.0
2017-10-18 10:30:00,197.99,198.0,197.99,198.0,693105.0
2017-10-18 10:45:00,198.0,198.02,197.99,197.99,600652.0
2017-10-18 11:00:00,197.98,197.98,197.98,197.98,450249.0
2017-10-18 11:15:00,198.0,198.02,197.99,198.0,708293.0
2017-10-18 11:30:00,197.92,197.94,197.92,197.93,582789.0
2017-10-18 11:45:00,197.96,197.97,197.96,197.96,481682.0
2017-10-18 12:00:00,197.98,197.99,197.96,197.98,545266.0
2017-10-18 12:15:00,197.79,197.8,197.79,197.8,541069.0
2017-10-18 12:30:00,197.86,197.86,197.86,197.86,459770.0
2017-10-18 12:45:00,197.83,197.84,197.83,197.83,642619.0
2017-10-18 13:15:00,197.8,197.81,197.8,197.81,487777.0
2017-10-18 13:30:00,197.81,197.81,197.8,197.81,564153.0
2017-10-18 13:45:00,197.75,197.77,197.75,197.76,463200.0
2017-10-18 14:00:00,197.71,197.73,197.7,197.71,645610.0
2017-10-18 14:15:00,197.7,197.7,197.68,197.69,434040.0
2017-10-18 14:30:00,197.75,197.76,197.75,197.76,385327.0
2017-10-18 14:45:00,197.62,197.65,197.62,197.63,503754.0
2017-10-18 15:15:00,197.68,197.71,197.68,197.69,505063.0
2017-10-18 15:30:00,197.66,197.67,197.66,197.67,388417.0
2017-10-18 15:45:00,197.53,197.54,197.53,197.54,393437.0
2017-10-19 09:30:00,194.5,194.52,194.48,194.52,607605.0
2017-10-19 09:45:00,194.66,194.67,194.66,194.66,469216.0
2017-10-19 10:00:00,194.77,194.8,194.76,194.79,484946.0
2017-10-19 10:15:00,194.91,194.92,194.91,194.91,471520.0
2017-10-19 10:30:00,194.99,194.99,194.99,194.99,539218.0
2017-10-19 10:45:00,195.09,195.1,195.09,195.1,607487.0
2017-10-19 11:00:00,195.2,195.22,195.19,195.2,441495.0
2017-10-19 11:15:00,195.44,195.46,195.44,195.45,696035.0
2017-10-19 11:30:00,195.49,195.49,195.49,195.49,495375.0
2017-10-19 11:45:00,195.63,195.66,195.63,195.66,553789.0
2017-10-19 12:00:00,195.77,195.78,195.76,195.77,678697.0
2017-10-19 12:15:00,195.95,195.96,195.95,195.95,682148.0
2017-10-19 12:30:00,196.09,196.1,196.09,196.09,677454.0
2017-10-19 12:45:00,196.08,196.09,196.08,196.08,393765.0
2017-10-19 13:00:00,196.33,196.34,196.33,196.33,577768.0
2017-10-19 13:15:00,196.48,196.49,196.48,196.48,643100.0
2017-10-19 13:30:00,196.57,196.59,196.57,196.57,573413.0
2017-10-19 13:45:00,196.71,196.72,196.71,196.71,425188.0
2017-10-19 14:00:00,196.97,196.99,196.96,196.97,504889.0
2017-10-19 14:15:00,196.94,196.96,196.94,196.94,710508.0
2017-10-19 14:30:00,196.96,196.97,196.96,196.97,656630.0
2017-10-19 15:00:00,197.38,197.38,197.37,197.38,514859.0
2017-10-19 15:15:00,197.54,197.58,197.53,197.55,525210.0
2017-10-19 15:30:00,197.7,197.7,197.7,197.7,472931.0
2017-10-19 15:45:00,197.79,197.8,197.79,197.8,523691.0
2017-10-20 09:30:00,198.5,198.51,198.5,198.51,429994.0
2017-10-20 09:45:00,198.42,198.42,198.41,198.42,305307.0
2017-10-20 10:00:00,198.31,198.32,198.31,198.31,357127.0
2017-10-20 10:15:00,198.28,198.29,198.28,198.28,351495.0
2017-10-20 10:45:00,198.18,198.18,198.18,198.18,419152.0
2017-10-20 11:00:00,198.21,198.23,198.21,198.21,537552.0
2017-10-20 11:15:00,198.05,198.06,198.05,198.06,456552.0
2017-10-20 11:30:00,198.02,198.03,198.01,198.03,517808.0
2017-10-20 11:45:00,197.83,197.85,197.82,197.83,503513.0
2017-10-20 12:00:00,197.77,197.78,197.76,197.77,311689.0
2017-10-20 12:15:00,197.82,197.83,197.81,197.82,442451.0
2017-10-20 12:30:00,197.72,197.72,197.72,197.72,320219.0
2017-10-20 12:45:00,197.68,197.68,197.67,197.68,352203.0
2017-10-20 13:00:00,197.61,197.61,197.61,197.61,412365.0
2017-10-20 13:15:00,197.55,197.56,197.55,197.56,418593.0
2017-10-20 13:30:00,197.5,197.51,197.49,197.5,513421.0
2017-10-20 13:45:00,197.42,197.43,197.42,197.43,403570.0
2017-10-20 14:00:00,197.35,197.35,197.35,197.35,325281.0
2017-10-20 14:15:00,197.28,197.28,197.28,197.28,309026.0
2017-10-20 14:30:00,197.21,197.23,197.21,197.21,406528.0
2017-10-20 14:45:00,197.23,197.24,197.22,197.24,563801.0
2017-10-20 15:00:00,197.05,197.06,197.05,197.05,404829.0
2017-10-20 15:30:00,196.92,196.94,196.92,196.92,407226.0
2017-10-20 15:45:00,196.89,196.9,196.89,196.89,420979.0
2017-10-24 09:45:00,197.03,197.04,197.03,197.03,292633.0
2017-10-24 10:00:00,197.18,197.19,197.17,197.18,418927.0
2017-10-24 10:15:00,197.16,197.17,197.16,197.17,403344.0
2017-10-24 10:45:00,197.31,197.32,197.31,197.31,347482.0
2017-10-24 11:00:00,197.42,197.43,197.42,197.42,383801.0
2017-10-24 11:15:00,197.5,197.5,197.5,197.5,468999.0
2017-10-24 11:30:00,197.49,197.5,197.48,197.49,417796.0
2017-10-24 11:45:00,197.57,197.57,197.56,197.57,315395.0
2017-10-24 12:00:00,197.72,197.73,197.71,197.72,327546.0
2017-10-24 12:30:00,197.82,197.82,197.81,197.82,325341.0
2017-10-24 12:45:00,197.9,197.91,197.9,197.9,463027.0
2017-10-24 13:00:00,197.96,197.96,197.96,197.96,447725.0
2017-10-24 13:15:00,197.99,198.0,197.99,197.99,366601.0
2017-10-24 13:30:00,198.05,198.05,198.05,198.05,382389.0
2017-10-24 13:45:00,198.15,198.16,198.15,198.16,355527.0
2017-10-24 14:00:00,198.24,198.25,198.23,198.24,348303.0
2017-10-24 14:15:00,198.28,198.3,198.28,198.29,477691.0
2017-10-24 14:30:00,198.34,198.34,198.34,198.34,280492.0
2017-10-24 14:45:00,198.43,198.43,198.43,198.43,439358.0
2017-10-24 15:00:00,198.42,198.43,198.42,198.42,317718.0
2017-10-24 15:15:00,198.56,198.56,198.56,198.56,298112.0
2017-10-24 15:30:00,198.56,198.57,198.56,198.56,344239.0
2017-10-24 15:45:00,198.68,198.69,198.68,198.69,355580.0
2017-10-26 09:30:00,194.77,194.78,194.77,194.78,288301.0
2017-10-26 09:45:00,194.82,194.82,194.82,194.82,264101.0
2017-10-26 10:00:00,194.82,194.83,194.82,194.82,224928.0
2017-10-26 10:15:00,194.85,194.85,194.84,194.85,226457.0
2017-10-26 10:45:00,194.96,194.97,194.96,194.96,370967.0
2017-10-26 11:00:00,194.97,194.98,194.97,194.97,374235.0
2017-10-26 11:15:00,195.03,195.03,195.03,195.03,251203.0
2017-10-26 11:30:00,195.07,195.07,195.06,195.07,265418.0
2017-10-26 11:45:00,195.1,195.11,195.1,195.11,290464.0
2017-10-26 12:00:00,195.17,195.17,195.16,195.16,358595.0
2017-10-26 12:15:00,195.17,195.17,195.17,195.17,310839.0
2017-10-26 12:30:00,195.21,195.22,195.21,195.21,353051.0
2017-10-26 13:00:00,195.27,195.29,195.27,195.27,351714.0
2017-10-26 13:15:00,195.33,195.33,195.33,195.33,327380.0
2017-10-26 13:30:00,195.38,195.38,195.38,195.38,221233.0
2017-10-26 13:45:00,195.4,195.41,195.4,195.41,252474.0
2017-10-26 14:00:00,195.45,195.45,195.44,195.44,394182.0
2017-10-26 14:15:00,195.51,195.52,195.51,195.51,340802.0
2017-10-26 14:30:00,195.56,195.57,195.56,195.56,251196.0
2017-10-26 14:45:00,195.6,195.6,195.59,195.6,321587.0
2017-10-26 15:00:00,195.62,195.63,195.62,195.63,327925.0
2017-10-26 15:15:00,195.63,195.64,195.63,195.63,376946.0
2017-10-26 15:30:00,195.66,195.67,195.66,195.66,375951.0
2017-10-26 15:45:00,195.62,195.63,195.62,195.62,263360.0
2017-10-27 09:30:00,197.9,197.91,197.89,197.91,414048.0
2017-10-27 09:45:00,197.92,197.94,197.92,197.92,605331.0
2017-10-27 10:00:00,198.14,198.14,198.13,198.14,487174.0
2017-10-27 10:15:00,198.44,198.46,198.43,198.44,440136.0
2017-10-27 10:30:00,198.48,198.48,198.48,198.48,466800.0
2017-10-27 10:45:00,198.58,198.61,198.58,198.58,666104.0
2017-10-27 11:00:00,198.83,198.84,198.83,198.83,522940.0
2017-10-27 11:15:00,198.99,199.0,198.98,198.99,615871.0
2017-10-27 11:30:00,199.09,199.09,199.09,199.09,424602.0
2017-10-27 11:45:00,199.23,199.24,199.23,199.24,478209.0
2017-10-27 12:15:00,199.78,199.79,199.75,199.78,604682.0
2017-10-27 12:45:00,199.94,199.96,199.93,199.94,451581.0
2017-10-27 13:00:00,200.09,200.1,200.09,200.09,472670.0
2017-10-27 13:45:00,200.53,200.56,200.53,200.54,641200.0
2017-10-27 14:00:00,200.8,200.82,200.78,200.79,643851.0
2017-10-27 14:15:00,201.0,201.01,200.98,201.0,456115.0
2017-10-27 14:30:00,201.02,201.03,201.02,201.03,475832.0
2017-10-27 14:45:00,201.2,201.21,201.2,201.21,517798.0
2017-10-27 15:00:00,201.39,201.4,201.37,201.4,588692.0
2017-10-27 15:15:00,201.49,201.52,201.49,201.51,440870.0
2017-10-27 15:30:00,201.69,201.69,201.68,201.69,437142.0
2017-10-27 15:45:00,201.87,201.87,201.87,201.87,617702.0
2017-10-30 09:30:00,201.91,201.93,201.91,201.91,548736.0
2017-10-30 10:00:00,202.04,202.07,202.03,202.05,356186.0
2017-10-30 10:15:00,202.09,202.11,202.08,202.1,354256.0
2017-10-30 10:30:00,202.35,202.37,202.35,202.36,513694.0
2017-10-30 10:45:00,202.23,202.25,202.23,202.24,467570.0
2017-10-30 11:00:00,202.37,202.38,202.37,202.38,387113.0
2017-10-30 11:15:00,202.51,202.53,202.51,202.52,413059.0
2017-10-30 11:30:00,202.52,202.52,202.52,202.52,568283.0
2017-10-30 11:45:00,202.71,202.73,202.71,202.72,577246.0
2017-10-30 12:00:00,202.54,202.56,202.54,202.54,507193.0
2017-10-30 12:15:00,202.77,202.79,202.77,202.78,487133.0
2017-10-30 12:30:00,202.68,202.69,202.68,202.69,496276.0
2017-10-30 12:45:00,202.87,202.88,202.86,202.88,497787.0
2017-10-30 13:00:00,203.02,203.03,203.02,203.02,420014.0
2017-10-30 13:15:00,202.92,202.93,202.9,202.93,482926.0
2017-10-30 13:45:00,203.2,203.21,203.2,203.21,502723.0
2017-10-30 14:15:00,203.35,203.35,203.35,203.35,375410.0
2017-10-30 14:30:00,203.38,203.39,203.38,203.38,594504.0
2017-10-30 14:45:00,203.51,203.52,203.5,203.51,437918.0
2017-10-30 15:00:00,203.65,203.65,203.64,203.65,424643.0
2017-10-30 15:15:00,203.67,203.67,203.67,203.67,505338.0
2017-10-30 15:30:00,203.74,203.76,203.72,203.75,560590.0
2017-10-30 15:45:00,203.82,203.83,203.82,203.82,543889.0
2017-10-31 09:30:00,205.12,205.13,205.12,205.12,308479.0
2017-10-31 09:45:00,205.18,205.19,205.18,205.18,393832.0
2017-10-31 10:00:00,205.32,205.33,205.32,205.32,430360.0
2017-10-31 10:15:00,205.37,205.37,205.36,205.37,514445.0
2017-10-31 10:30:00,205.41,205.42,205.41,205.42,496467.0
2017-10-31 10:45:00,205.47,205.47,205.47,205.47,292638.0
2017-10-31 11:00:00,205.58,205.59,205.57,205.57,420193.0
2017-10-31 11:15:00,205.62,205.63,205.62,205.63,286524.0
2017-10-31 11:30:00,205.66,205.66,205.65,205.66,299111.0
2017-10-31 11:45:00,205.73,205.73,205.72,205.72,303125.0
2017-10-31 12:00:00,205.86,205.86,205.85,205.85,511927.0
2017-10-31 12:15:00,205.87,205.88,205.87,205.87,420840.0
2017-10-31 12:30:00,205.94,205.94,205.94,205.94,395777.0
2017-10-31 12:45:00,206.01,206.01,206.01,206.01,327055.0
2017-10-31 13:00:00,206.1,206.11,206.09,206.09,500238.0
2017-10-31 13:15:00,206.18,206.18,206.17,206.17,395853.0
2017-10-31 13:30:00,206.19,206.19,206.19,206.19,361599.0
2017-10-31 14:00:00,206.33,206.35,206.33,206.33,339568.0
2017-10-31 14:30:00,206.46,206.47,206.46,206.47,352731.0
2017-10-31 14:45:00,206.55,206.55,206.55,206.55,290305.0
2017-10-31 15:00:00,206.69,206.71,206.69,206.69,505339.0
2017-10-31 15:15:00,206.68,206.69,206.68,206.68,376620.0
2017-10-31 15:30:00,206.74,206.74,206.74,206.74,502208.0
2017-10-31 15:45:00,206.77,206.78,206.77,206.78,365179.0
2017-11-01 09:30:00,209.25,209.28,209.25,209.27,538661.0
2017-11-01 09:45:00,209.25,209.25,209.25,209.25,466883.0
2017-11-01 10:00:00,209.2,209.22,209.2,209.21,542019.0
2017-11-01 10:15:00,209.12,209.13,209.12,209.13,426966.0
2017-11-01 10:30:00,208.95,208.97,208.94,208.96,586750.0
2017-11-01 10:45:00,208.93,208.94,208.9,208.93,393168.0
2017-11-01 11:00:00,208.86,208.87,208.86,208.86,536008.0
2017-11-01 11:15:00,208.8,208.82,208.78,208.81,594014.0
2017-11-01 11:30:00,208.63,208.64,208.61,208.64,617596.0
2017-11-01 11:45:00,208.57,208.58,208.57,208.57,440847.0
2017-11-01 12:00:00,208.41,208.43,208.4,208.41,574448.0
2017-11-01 12:15:00,208.4,208.42,208.39,208.4,605017.0
2017-11-01 12:30:00,208.33,208.34,208.33,208.33,379994.0
2017-11-01 12:45:00,208.14,208.15,208.12,208.14,461350.0
2017-11-01 13:00:00,208.26,208.28,208.26,208.28,449555.0
2017-11-01 13:15:00,208.05,208.06,208.05,208.05,430266.0
2017-11-01 13:30:00,207.99,208.03,207.99,208.0,625204.0
2017-11-01 13:45:00,207.86,207.86,207.86,207.86,591170.0
2017-11-01 14:00:00,207.8,207.8,207.8,207.8,445770.0
2017-11-01 14:15:00,207.72,207.73,207.72,207.72,491869.0
2017-11-01 14:30:00,207.62,207.63,207.62,207.62,594671.0
2017-11-01 14:45:00,207.55,207.56,207.54,207.56,385415.0
2017-11-01 15:00:00,207.49,207.51,207.49,207.5,432186.0
2017-11-01 15:15:00,207.46,207.47,207.46,207.47,592776.0
2017-11-01 15:45:00,207.26,207.29,207.26,207.26,513270.0
2017-11-03 09:45:00,207.32,207.34,207.31,207.33,441559.0
2017-11-03 10:00:00,207.37,207.39,207.37,207.38,287998.0
2017-11-03 10:15:00,207.37,207.38,207.37,207.38,302940.0
2017-11-03 10:30:00,207.38,207.38,207.37,207.37,355214.0
2017-11-03 10:45:00,207.5,207.5,207.49,207.5,362622.0
2017-11-03 11:00:00,207.52,207.53,207.51,207.52,292171.0
2017-11-03 11:15:00,207.59,207.59,207.58,207.59,265614.0
2017-11-03 11:30:00,207.69,207.69,207.69,207.69,400634.0
2017-11-03 11:45:00,207.75,207.76,207.75,207.76,343870.0
2017-11-03 12:00:00,207.78,207.79,207.78,207.79,416372.0
2017-11-03 12:15:00,207.87,207.87,207.87,207.87,275916.0
2017-11-03 12:45:00,208.0,208.02,208.0,208.01,424742.0
2017-11-03 13:00:00,208.0,208.01,208.0,208.0,324549.0
2017-11-03 13:15:00,208.1,208.11,208.1,208.11,301766.0
2017-11-03 13:30:00,208.15,208.16,208.15,208.15,246564.0
2017-11-03 13:45:00,208.2,208.21,208.2,208.21,355476.0
2017-11-03 14:00:00,208.21,208.22,208.2,208.21,276345.0
2017-11-03 14:15:00,208.34,208.35,208.33,208.34,439590.0
2017-11-03 14:30:00,208.29,208.29,208.28,208.29,411379.0
2017-11-03 14:45:00,208.57,208.59,208.56,208.58,431220.0
2017-11-03 15:30:00,208.64,208.65,208.63,208.65,409510.0
2017-11-03 15:45:00,208.67,208.68,208.67,208.67,396507.0
2017-11-08 09:30:00,211.81,211.83,211.81,211.83,607085.0
2017-11-08 09:45:00,211.66,211.68,211.65,211.67,542125.0
2017-11-08 10:00:00,211.66,211.67,211.66,211.66,457810.0
2017-11-08 10:15:00,211.52,211.54,211.52,211.54,412322.0
2017-11-08 10:30:00,211.38,211.39,211.38,211.38,565566.0
2017-11-08 10:45:00,211.33,211.33,211.33,211.33,391320.0
2017-11-08 11:00:00,211.19,211.19,211.19,211.19,387862.0
2017-11-08 11:15:00,211.08,211.08,211.07,211.08,419791.0
2017-11-08 11:30:00,210.97,210.98,210.97,210.98,549763.0
2017-11-08 11:45:00,210.89,210.9,210.89,210.89,603180.0
2017-11-08 12:00:00,210.72,210.73,210.72,210.73,629641.0
2017-11-08 12:15:00,210.67,210.67,210.67,210.67,521160.0
2017-11-08 12:30:00,210.56,210.56,210.55,210.56,467479.0
2017-11-08 12:45:00,210.37,210.39,210.36,210.37,470991.0
2017-11-08 13:00:00,210.28,210.29,210.28,210.28,356696.0
2017-11-08 13:15:00,210.1,210.12,210.09,210.11,646384.0
2017-11-08 13:45:00,209.88,209.91,209.88,209.9,460113.0
2017-11-08 14:15:00,209.72,209.72,209.71,209.72,488180.0
2017-11-08 14:30:00,209.68,209.68,209.68,209.68,451273.0
2017-11-08 14:45:00,209.49,209.52,209.49,209.51,538086.0
2017-11-08 15:00:00,209.48,209.48,209.48,209.48,458908.0
2017-11-08 15:30:00,209.14,209.15,209.13,209.14,482844.0
2017-11-08 15:45:00,209.2,209.21,209.19,209.2,473590.0
2017-11-13 09:30:00,215.93,215.96,215.93,215.93,475857.0
2017-11-13 09:45:00,215.93,215.93,215.92,215.93,488532.0
2017-11-13 10:00:00,215.88,215.88,215.88,215.88,546754.0
2017-11-13 10:15:00,215.8,215.81,215.8,215.8,725745.0
2017-11-13 10:45:00,215.46,215.46,215.45,215.45,508609.0
2017-11-13 11:00:00,215.27,215.28,215.26,215.27,442431.0
2017-11-13 11:15:00,215.26,215.29,215.26,215.26,509498.0
2017-11-13 11:30:00,215.0,215.01,215.0,215.01,690881.0
2017-11-13 12:00:00,214.69,214.7,214.69,214.69,462184.0
2017-11-13 12:15:00,214.55,214.56,214.54,214.56,426705.0
2017-11-13 12:30:00,214.39,214.4,214.39,214.4,488130.0
2017-11-13 12:45:00,214.26,214.28,214.25,214.26,415984.0
2017-11-13 13:00:00,214.18,214.19,214.18,214.19,721295.0
2017-11-13 13:15:00,214.07,214.08,214.07,214.07,598971.0
2017-11-13 13:30:00,213.97,213.98,213.97,213.97,595636.0
2017-11-13 13:45:00,213.68,213.7,213.67,213.7,695865.0
2017-11-13 14:00:00,213.61,213.64,213.61,213.62,607032.0
2017-11-13 14:15:00,213.45,213.45,213.45,213.45,547673.0
2017-11-13 14:30:00,213.33,213.34,213.33,213.34,580974.0
2017-11-13 14:45:00,213.28,213.3,213.27,213.28,498277.0
2017-11-13 15:00:00,213.07,213.08,213.07,213.08,666043.0
2017-11-13 15:15:00,212.92,212.93,212.92,212.92,608236.0
2017-11-13 15:30:00,212.75,212.77,212.75,212.76,661037.0
2017-11-13 15:45:00,212.71,212.74,212.71,212.73,686911.0
2017-11-14 09:30:00,212.98,212.99,212.98,212.99,520045.0
2017-11-14 09:45:00,213.04,213.04,213.04,213.04,599283.0
2017-11-14 10:00:00,213.11,213.13,213.11,213.12,649966.0
2017-11-14 10:15:00,212.97,212.99,212.97,212.98,460681.0
2017-11-14 10:30:00,213.21,213.21,213.21,213.21,635241.0
2017-11-14 10:45:00,213.23,213.25,213.23,213.24,438672.0
2017-11-14 11:00:00,213.29,213.3,213.29,213.3,447236.0
2017-11-14 11:15:00,213.4,213.41,213.39,213.41,548272.0
2017-11-14 11:30:00,213.36,213.37,213.35,213.37,489015.0
2017-11-14 11:45:00,213.45,213.45,213.45,213.45,580365.0
2017-11-14 12:00:00,213.43,213.45,213.43,213.44,452605.0
2017-11-14 12:15:00,213.52,213.52,213.52,213.52,518268.0
2017-11-14 12:30:00,213.56,213.57,213.56,213.57,600761.0
2017-11-14 12:45:00,213.62,213.62,213.62,213.62,576245.0
2017-11-14 13:00:00,213.66,213.69,213.66,213.67,573655.0
2017-11-14 13:15:00,213.72,213.75,213.71,213.73,621593.0
2017-11-14 13:30:00,213.77,213.78,213.76,213.76,628174.0
2017-11-14 13:45:00,213.77,213.79,213.75,213.77,456238.0
2017-11-14 14:00:00,213.86,213.89,213.85,213.87,397220.0
2017-11-14 14:15:00,213.95,213.96,213.94,213.95,511319.0
2017-11-14 14:30:00,213.94,213.94,213.93,213.94,567694.0
2017-11-14 14:45:00,213.99,214.01,213.99,214.01,453957.0
2017-11-14 15:00:00,214.0,214.0,214.0,214.0,442974.0
2017-11-14 15:15:00,214.08,214.09,214.08,214.08,603933.0
2017-11-14 15:30:00,214.12,214.12,214.12,214.12,411373.0
2017-11-14 15:45:00,214.21,214.22,214.21,214.22,644297.0
2017-11-15 09:30:00,211.94,211.94,211.94,211.94,516060.0
2017-11-15 09:45:00,211.88,211.88,211.88,211.88,622676.0
2017-11-15 10:00:00,211.87,211.89,211.87,211.88,455324.0
2017-11-15 11:00:00,211.48,211.48,211.48,211.48,537907.0
2017-11-15 11:15:00,211.29,211.31,211.29,211.3,449885.0
2017-11-15 11:30:00,211.3,211.31,211.3,211.3,511091.0
2017-11-15 11:45:00,211.2,211.21,211.19,211.19,513723.0
2017-11-15 12:00:00,211.16,211.16,211.16,211.16,390884.0
2017-11-15 12:15:00,211.05,211.06,211.04,211.05,541911.0
2017-11-15 12:30:00,211.05,211.06,211.05,211.05,401026.0
2017-11-15 12:45:00,210.87,210.89,210.87,210.88,592546.0
2017-11-15 13:15:00,210.78,210.78,210.78,210.78,368584.0
2017-11-15 13:30:00,210.68,210.69,210.67,210.68,532753.0
2017-11-15 13:45:00,210.57,210.57,210.57,210.57,381121.0
2017-11-15 14:00:00,210.49,210.5,210.48,210.49,400614.0
2017-11-15 14:15:00,210.31,210.33,210.31,210.32,545445.0
2017-11-15 14:30:00,210.43,210.45,210.43,210.45,601311.0
2017-11-15 14:45:00,210.29,210.3,210.29,210.3,562048.0
2017-11-15 15:00:00,210.11,210.13,210.11,210.12,608564.0
2017-11-15 15:15:00,210.06,210.07,210.05,210.06,527903.0
2017-11-15 15:30:00,210.11,210.12,210.11,210.11,590567.0
2017-11-15 15:45:00,209.96,209.98,209.96,209.97,599593.0
2017-11-16 09:30:00,212.95,212.96,212.94,212.95,298424.0
2017-11-16 09:45:00,212.92,212.94,212.92,212.92,385616.0
2017-11-16 10:00:00,212.88,212.88,212.87,212.87,426221.0
2017-11-16 10:15:00,212.8,212.81,212.8,212.8,436315.0
2017-11-16 10:30:00,212.77,212.77,212.77,212.77,522797.0
2017-11-16 10:45:00,212.68,212.7,212.68,212.69,518700.0
2017-11-16 11:00:00,212.68,212.69,212.68,212.68,483112.0
2017-11-16 11:15:00,212.57,212.57,212.57,212.57,436145.0
2017-11-16 11:30:00,212.61,212.62,212.61,212.61,477394.0
2017-11-16 11:45:00,212.49,212.5,212.49,212.5,342410.0
2017-11-16 12:00:00,212.45,212.45,212.45,212.45,494059.0
2017-11-16 12:30:00,212.32,212.33,212.32,212.33,302004.0
2017-11-16 12:45:00,212.21,212.21,212.2,212.21,344540.0
2017-11-16 13:00:00,212.21,212.23,212.21,212.22,343106.0
2017-11-16 13:15:00,212.16,212.16,212.15,212.16,398011.0
2017-11-16 13:30:00,212.11,212.11,212.11,212.11,335929.0
2017-11-16 14:00:00,212.0,212.0,212.0,212.0,327489.0
2017-11-16 14:15:00,211.93,211.94,211.93,211.94,486926.0
2017-11-16 14:30:00,211.87,211.89,211.87,211.88,309879.0
2017-11-16 14:45:00,211.86,211.87,211.86,211.86,531192.0
2017-11-16 15:00:00,211.77,211.78,211.77,211.78,447546.0
2017-11-16 15:15:00,211.72,211.72,211.72,211.72,308342.0
2017-11-16 15:45:00,211.64,211.65,211.64,211.65,315630.0
2017-11-17 09:45:00,213.82,213.83,213.82,213.83,377060.0
2017-11-17 10:00:00,213.75,213.76,213.75,213.75,419025.0
2017-11-17 10:15:00,213.57,213.57,213.57,213.57,407349.0
2017-11-17 10:30:00,213.52,213.53,213.52,213.52,388451.0
2017-11-17 10:45:00,213.37,213.37,213.37,213.37,595785.0
2017-11-17 11:00:00,213.28,213.3,213.28,213.29,465068.0
2017-11-17 11:15:00,213.14,213.16,213.13,213.15,610396.0
2017-11-17 11:45:00,213.04,213.05,213.04,213.04,524445.0
2017-11-17 12:00:00,212.81,212.82,212.8,212.81,450708.0
2017-11-17 12:30:00,212.72,212.73,212.72,212.73,621356.0
2017-11-17 12:45:00,212.66,212.68,212.65,212.68,497902.0
2017-11-17 13:00:00,212.26,212.29,212.25,212.27,491361.0
2017-11-17 13:30:00,212.3,212.3,212.3,212.3,483707.0
2017-11-17 13:45:00,212.18,212.19,212.18,212.18,546851.0
2017-11-17 14:00:00,212.04,212.05,212.04,212.05,356252.0
2017-11-17 14:15:00,211.96,211.99,211.96,211.97,469232.0
2017-11-17 14:30:00,211.86,211.87,211.86,211.86,491548.0
2017-11-17 14:45:00,211.8,211.8,211.8,211.8,458419.0
2017-11-17 15:00:00,211.68,211.69,211.68,211.69,552802.0
2017-11-17 15:15:00,211.61,211.64,211.61,211.62,629994.0
2017-11-17 15:30:00,211.52,211.54,211.52,211.52,372055.0
2017-11-17 15:45:00,211.25,211.28,211.24,211.25,612365.0
2017-11-20 09:30:00,212.03,212.03,212.01,212.03,488119.0
2017-11-20 09:45:00,212.08,212.09,212.08,212.08,335822.0
2017-11-20 10:00:00,212.14,212.14,212.14,212.14,465113.0
2017-11-20 10:15:00,212.25,212.27,212.25,212.27,397676.0
2017-11-20 10:30:00,212.33,212.33,212.33,212.33,435816.0
2017-11-20 10:45:00,212.42,212.43,212.42,212.42,424112.0
2017-11-20 11:00:00,212.38,212.4,212.38,212.38,398916.0
2017-11-20 11:15:00,212.6,212.61,212.6,212.6,273551.0
2017-11-20 11:30:00,212.67,212.68,212.67,212.68,308987.0
2017-11-20 12:00:00,212.85,212.85,212.83,212.85,294351.0
2017-11-20 12:15:00,212.95,212.95,212.94,212.95,458912.0
2017-11-20 12:30:00,212.94,212.95,212.94,212.94,374965.0
2017-11-20 12:45:00,213.08,213.09,213.08,213.08,400086.0
2017-11-20 13:00:00,213.17,213.18,213.16,213.17,373379.0
2017-11-20 13:15:00,213.25,213.26,213.24,213.25,297831.0
2017-11-20 13:30:00,213.33,213.34,213.32,213.33,466469.0
2017-11-20 13:45:00,213.4,213.41,213.4,213.4,329733.0
2017-11-20 14:00:00,213.43,213.45,213.42,213.43,279811.0
2017-11-20 14:15:00,213.58,213.59,213.58,213.59,380525.0
2017-11-20 14:30:00,213.69,213.69,213.68,213.69,469569.0
2017-11-20 14:45:00,213.71,213.72,213.71,213.71,480305.0
2017-11-20 15:00:00,213.83,213.83,213.82,213.82,456327.0
2017-11-20 15:15:00,213.89,213.91,213.88,213.89,331135.0
2017-11-20 15:45:00,214.09,214.1,214.09,214.1,457564.0
2017-11-21 09:30:00,215.69,215.69,215.69,215.69,372453.0
2017-11-21 10:00:00,215.71,215.71,215.71,215.71,431125.0
2017-11-21 10:15:00,215.77,215.78,215.77,215.78,284598.0
2017-11-21 10:30:00,215.73,215.74,215.73,215.73,475948.0
2017-11-21 10:45:00,215.74,215.75,215.74,215.74,426279.0
2017-11-21 11:00:00,215.78,215.78,215.78,215.78,295096.0
2017-11-21 11:15:00,215.81,215.82,215.81,215.82,289903.0
2017-11-21 11:30:00,215.78,215.79,215.78,215.79,388973.0
2017-11-21 11:45:00,215.82,215.82,215.82,215.82,484339.0
2017-11-21 12:00:00,215.83,215.83,215.83,215.83,305389.0
2017-11-21 12:15:00,215.84,215.84,215.84,215.84,337808.0
2017-11-21 12:30:00,215.88,215.88,215.88,215.88,384647.0
2017-11-21 12:45:00,215.8,215.8,215.8,215.8,366095.0
2017-11-21 13:00:00,215.91,215.92,215.9,215.91,493174.0
2017-11-21 13:15:00,215.92,215.92,215.92,215.92,311264.0
2017-11-21 13:30:00,215.92,215.93,215.92,215.93,349754.0
2017-11-21 13:45:00,215.95,215.95,215.95,215.95,331660.0
2017-11-21 14:00:00,215.94,215.95,215.94,215.94,432779.0
2017-11-21 14:30:00,215.96,215.96,215.96,215.96,468551.0
2017-11-21 14:45:00,215.99,216.0,215.99,216.0,368167.0
2017-11-21 15:00:00,215.95,215.95,215.95,215.95,412404.0
2017-11-21 15:15:00,216.02,216.02,216.02,216.02,494729.0
2017-11-21 15:30:00,216.04,216.04,216.04,216.04,405452.0
2017-11-21 15:45:00,216.03,216.04,216.03,216.04,308198.0
2017-11-22 09:30:00,217.0,217.0,217.0,217.0,360018.0
2017-11-22 09:45:00,216.91,216.91,216.91,216.91,305804.0
2017-11-22 10:00:00,216.78,216.8,216.77,216.79,439227.0
2017-11-22 10:15:00,216.77,216.79,216.77,216.77,284268.0
2017-11-22 10:30:00,216.65,216.65,216.64,216.65,336823.0
2017-11-22 10:45:00,216.57,216.57,216.56,216.57,335083.0
2017-11-22 11:00:00,216.56,216.57,216.56,216.57,280269.0
2017-11-22 11:15:00,216.34,216.35,216.34,216.34,263204.0
2017-11-22 11:30:00,216.34,216.34,216.34,216.34,300388.0
2017-11-22 11:45:00,216.2,216.22,216.2,216.21,314521.0
2017-11-22 12:00:00,216.18,216.21,216.17,216.19,270220.0
2017-11-22 12:15:00,216.08,216.09,216.08,216.08,369202.0
2017-11-22 12:30:00,215.95,215.97,215.95,215.95,283367.0
2017-11-22 12:45:00,215.98,215.99,215.97,215.99,441009.0
2017-11-22 13:00:00,215.82,215.83,215.82,215.83,348063.0
2017-11-22 13:15:00,215.78,215.78,215.78,215.78,242250.0
2017-11-22 13:30:00,215.68,215.68,215.67,215.68,344570.0
2017-11-22 13:45:00,215.59,215.59,215.59,215.59,317058.0
2017-11-22 14:00:00,215.51,215.52,215.51,215.51,310283.0
2017-11-22 14:15:00,215.45,215.46,215.44,215.45,422263.0
2017-11-22 14:30:00,215.33,215.34,215.32,215.34,434790.0
2017-11-22 14:45:00,215.16,215.17,215.15,215.17,346920.0
2017-11-22 15:00:00,215.19,215.19,215.19,215.19,439185.0
2017-11-22 15:15:00,215.09,215.1,215.08,215.1,295819.0
2017-11-22 15:30:00,215.04,215.04,215.04,215.04,297493.0
2017-11-22 15:45:00,214.81,214.83,214.81,214.83,281558.0
2017-11-24 09:30:00,215.58,215.59,215.58,215.59,159949.0
2017-11-24 09:45:00,215.65,215.65,215.65,215.65,164305.0
2017-11-24 10:00:00,215.71,215.71,215.7,215.71,152006.0
2017-11-24 10:15:00,215.76,215.76,215.76,215.76,186096.0
2017-11-24 10:30:00,215.81,215.81,215.81,215.81,172675.0
2017-11-24 10:45:00,215.9,215.91,215.9,215.9,149619.0
2017-11-24 11:00:00,215.95,215.95,215.94,215.94,224892.0
2017-11-24 11:15:00,215.98,215.98,215.97,215.98,146228.0
2017-11-24 11:30:00,216.06,216.07,216.06,216.07,140800.0
2017-11-24 11:45:00,216.13,216.14,216.13,216.13,173996.0
2017-11-24 12:00:00,216.11,216.12,216.11,216.11,203023.0
2017-11-24 12:15:00,216.17,216.18,216.17,216.18,214953.0
2017-11-24 12:30:00,216.24,216.25,216.24,216.24,146170.0
2017-11-24 12:45:00,216.3,216.31,216.3,216.3,162688.0
2017-11-24 13:00:00,216.36,216.36,216.36,216.36,213417.0
2017-11-24 13:15:00,216.38,216.39,216.38,216.39,134328.0
2017-11-24 13:30:00,216.44,216.45,216.43,216.44,169631.0
2017-11-24 13:45:00,216.53,216.54,216.53,216.54,220109.0
2017-11-24 14:00:00,216.53,216.54,216.52,216.53,182982.0
2017-11-24 14:15:00,216.63,216.64,216.63,216.63,155109.0
2017-11-24 14:30:00,216.7,216.71,216.7,216.7,168799.0
2017-11-24 14:45:00,216.7,216.7,216.7,216.7,183665.0
2017-11-24 15:00:00,216.76,216.77,216.76,216.76,145379.0
2017-11-24 15:15:00,216.86,216.87,216.86,216.86,182460.0
2017-11-24 15:45:00,216.95,216.96,216.95,216.96,202262.0
2017-11-27 09:30:00,217.27,217.28,217.27,217.28,395981.0
2017-11-27 09:45:00,217.17,217.18,217.17,217.18,498090.0
2017-11-27 10:00:00,217.05,217.06,217.05,217.05,355347.0
2017-11-27 10:15:00,216.85,216.85,216.84,216.85,523583.0
2017-11-27 10:30:00,216.86,216.87,216.86,216.87,427507.0
2017-11-27 10:45:00,216.66,216.66,216.65,216.66,460209.0
2017-11-27 11:00:00,216.58,216.59,216.58,216.58,494826.0
2017-11-27 11:15:00,216.36,216.37,216.36,216.36,376042.0
2017-11-27 11:30:00,216.31,216.32,216.31,216.32,422391.0
2017-11-27 11:45:00,216.17,216.18,216.17,216.17,458056.0
2017-11-27 12:00:00,216.02,216.02,216.01,216.02,419857.0
2017-11-27 12:15:00,215.92,215.93,215.92,215.93,400334.0
2017-11-27 12:30:00,215.77,215.78,215.77,215.77,429282.0
2017-11-27 12:45:00,215.7,215.7,215.69,215.7,451060.0
2017-11-27 13:00:00,215.48,215.5,215.48,215.48,313032.0
2017-11-27 13:15:00,215.39,215.39,215.39,215.39,310090.0
2017-11-27 13:30:00,215.25,215.26,215.25,215.26,319715.0
2017-11-27 13:45:00,215.14,215.15,215.14,215.14,437146.0
2017-11-27 14:00:00,215.03,215.04,215.03,215.03,499473.0
2017-11-27 14:15:00,214.9,214.9,214.9,214.9,451986.0
2017-11-27 14:30:00,214.88,214.9,214.87,214.89,364834.0
2017-11-27 15:00:00,214.47,214.48,214.47,214.47,373357.0
2017-11-27 15:15:00,214.4,214.41,214.39,214.4,415385.0
2017-11-27 15:30:00,214.3,214.31,214.3,214.31,428003.0
2017-11-27 15:45:00,214.16,214.16,214.15,214.16,497359.0
2017-11-30 09:30:00,199.21,199.23,199.21,199.21,813157.0
2017-11-30 09:45:00,199.39,199.41,199.38,199.4,896819.0
2017-11-30 10:00:00,199.32,199.33,199.32,199.32,866540.0
2017-11-30 10:15:00,199.36,199.38,199.36,199.36,1022629.0
2017-11-30 10:30:00,199.42,199.45,199.41,199.44,808040.0
2017-11-30 10:45:00,199.52,199.52,199.52,199.52,668527.0
2017-11-30 11:00:00,199.55,199.57,199.54,199.56,624762.0
2017-11-30 11:15:00,199.55,199.58,199.52,199.56,593639.0
2017-11-30 11:45:00,199.73,199.74,199.72,199.73,902910.0
2017-11-30 12:15:00,199.85,199.85,199.84,199.85,632164.0
2017-11-30 12:30:00,199.95,199.96,199.95,199.95,689790.0
2017-11-30 12:45:00,199.86,199.9,199.85,199.89,752167.0
2017-11-30 13:00:00,200.11,200.13,200.1,200.11,817855.0
2017-11-30 13:15:00,200.07,200.11,200.05,200.07,778072.0
2017-11-30 13:45:00,200.28,200.31,200.27,200.29,923119.0
2017-11-30 14:15:00,200.22,200.25,200.22,200.23,875931.0
2017-11-30 14:30:00,200.34,200.36,200.34,200.35,666429.0
2017-11-30 14:45:00,200.43,200.43,200.41,200.42,564505.0
2017-11-30 15:00:00,200.52,200.52,200.51,200.51,630850.0
2017-11-30 15:15:00,200.5,200.53,200.49,200.51,711531.0
2017-11-30 15:30:00,200.66,200.66,200.65,200.66,978209.0
2017-11-30 15:45:00,200.73,200.74,200.72,200.73,677699.0
2017-12-01 09:30:00,199.44,199.49,199.44,199.44,1013583.0
2017-12-01 10:00:00,199.1,199.12,199.09,199.1,677064.0
2017-12-01 10:15:00,199.18,199.2,199.17,199.19,1003760.0
2017-12-01 10:30:00,198.98,198.99,198.97,198.99,620845.0
2017-12-01 10:45:00,199.06,199.08,199.06,199.07,712830.0
2017-12-01 11:00:00,198.96,198.99,198.94,198.97,622460.0
2017-12-01 11:15:00,199.0,199.03,198.98,199.0,845278.0
2017-12-01 11:30:00,198.8,198.82,198.8,198.8,701088.0
2017-12-01 11:45:00,198.75,198.77,198.75,198.76,924669.0
2017-12-01 12:00:00,198.84,198.89,198.84,198.87,740226.0
2017-12-01 12:15:00,198.7,198.71,198.69,198.7,698421.0
2017-12-01 12:30:00,198.52,198.53,198.52,198.52,644268.0
2017-12-01 12:45:00,198.47,198.48,198.47,198.47,994276.0
2017-12-01 13:15:00,198.28,198.32,198.26,198.28,814684.0
2017-12-01 13:30:00,198.26,198.27,198.26,198.27,665216.0
2017-12-01 13:45:00,198.15,198.16,198.14,198.15,973108.0
2017-12-01 14:00:00,198.05,198.06,198.05,198.06,646019.0
2017-12-01 14:15:00,198.05,198.06,198.04,198.06,606342.0
2017-12-01 14:45:00,197.93,197.93,197.92,197.93,617544.0
2017-12-01 15:00:00,197.98,198.0,197.98,197.99,717557.0
2017-12-01 15:15:00,197.86,197.88,197.85,197.88,959394.0
2017-12-01 15:30:00,197.68,197.72,197.68,197.7,754652.0
2017-12-01 15:45:00,197.65,197.68,197.64,197.65,997488.0
2017-12-07 09:30:00,191.88,191.89,191.87,191.87,515167.0
2017-12-07 10:00:00,191.98,191.99,191.98,191.99,387189.0
2017-12-07 10:30:00,191.95,191.95,191.94,191.95,619534.0
2017-12-07 10:45:00,191.96,191.96,191.95,191.96,560120.0
2017-12-07 11:00:00,191.98,191.99,191.98,191.99,590639.0
2017-12-07 11:15:00,192.02,192.03,192.01,192.02,516783.0
2017-12-07 11:30:00,192.0,192.02,192.0,192.0,586957.0
2017-12-07 11:45:00,191.94,191.95,191.94,191.94,569865.0
2017-12-07 12:00:00,191.98,191.99,191.98,191.98,376562.0
2017-12-07 12:15:00,192.02,192.04,192.02,192.02,577232.0
2017-12-07 12:30:00,191.93,191.94,191.92,191.94,612686.0
2017-12-07 12:45:00,191.99,192.0,191.99,192.0,438128.0
2017-12-07 13:00:00,191.98,191.98,191.98,191.98,580669.0
2017-12-07 13:15:00,191.96,191.96,191.95,191.96,487325.0
2017-12-07 13:30:00,191.94,191.95,191.94,191.95,477794.0
2017-12-07 13:45:00,192.05,192.05,192.05,192.05,548274.0
2017-12-07 14:00:00,191.98,191.99,191.98,191.98,523078.0
2017-12-07 14:15:00,192.01,192.02,192.01,192.02,411379.0
2017-12-07 14:45:00,192.02,192.03,192.02,192.02,508755.0
2017-12-07 15:00:00,192.04,192.05,192.04,192.05,575531.0
2017-12-07 15:15:00,192.0,192.01,192.0,192.01,391548.0
2017-12-07 15:30:00,191.99,191.99,191.99,191.99,656662.0
2017-12-08 09:30:00,193.9,193.93,193.89,193.91,523950.0
2017-12-08 09:45:00,193.87,193.89,193.87,193.87,422767.0
2017-12-08 10:30:00,193.59,193.59,193.58,193.59,529031.0
2017-12-08 10:45:00,193.52,193.53,193.52,193.52,514785.0
2017-12-08 11:00:00,193.4,193.41,193.39,193.4,340403.0
2017-12-08 11:15:00,193.36,193.37,193.35,193.35,331118.0
2017-12-08 11:30:00,193.23,193.24,193.23,193.23,575882.0
2017-12-08 12:00:00,192.94,192.95,192.94,192.95,577505.0
2017-12-08 12:15:00,192.91,192.91,192.9,192.91,435354.0
2017-12-08 12:30:00,192.78,192.79,192.78,192.78,530646.0
2017-12-08 12:45:00,192.6,192.62,192.6,192.61,552960.0
2017-12-08 13:00:00,192.6,192.6,192.6,192.6,424519.0
2017-12-08 13:15:00,192.47,192.47,192.46,192.47,467359.0
2017-12-08 13:30:00,192.45,192.45,192.44,192.45,472270.0
2017-12-08 13:45:00,192.32,192.32,192.32,192.32,560971.0
2017-12-08 14:00:00,192.2,192.2,192.19,192.2,563370.0
2017-12-08 14:15:00,192.08,192.08,192.08,192.08,451209.0
2017-12-08 14:30:00,191.97,191.98,191.97,191.97,565649.0
2017-12-08 14:45:00,191.94,191.95,191.94,191.95,451198.0
2017-12-08 15:00:00,191.8,191.8,191.8,191.8,479013.0
2017-12-08 15:15:00,191.7,191.71,191.7,191.71,335755.0
2017-12-08 15:30:00,191.64,191.66,191.64,191.65,351983.0
2017-12-08 15:45:00,191.52,191.54,191.52,191.53,468081.0
2017-12-11 09:30:00,192.05,192.06,192.05,192.05,285531.0
2017-12-11 09:45:00,192.16,192.17,192.16,192.16,375265.0
2017-12-11 10:00:00,192.19,192.2,192.18,192.19,329885.0
2017-12-11 10:15:00,192.38,192.39,192.37,192.38,353359.0
2017-12-11 10:30:00,192.46,192.46,192.45,192.45,366341.0
2017-12-11 10:45:00,192.61,192.63,192.61,192.62,322852.0
2017-12-11 11:15:00,192.76,192.76,192.76,192.76,401028.0
2017-12-11 11:45:00,192.99,193.0,192.99,193.0,266204.0
2017-12-11 12:00:00,193.09,193.09,193.09,193.09,273316.0
2017-12-11 12:15:00,193.13,193.15,193.12,193.14,298267.0
2017-12-11 12:30:00,193.26,193.27,193.26,193.27,441183.0
2017-12-11 12:45:00,193.38,193.38,193.38,193.38,386845.0
2017-12-11 13:00:00,193.49,193.5,193.49,193.49,444599.0
2017-12-11 13:15:00,193.68,193.69,193.68,193.68,403609.0
2017-12-11 13:30:00,193.77,193.78,193.77,193.78,342726.0
2017-12-11 13:45:00,193.83,193.83,193.83,193.83,289165.0
2017-12-11 14:00:00,193.91,193.92,193.91,193.91,312025.0
2017-12-11 14:15:00,194.06,194.07,194.06,194.06,318079.0
2017-12-11 14:30:00,194.12,194.13,194.12,194.13,417714.0
2017-12-11 14:45:00,194.24,194.25,194.24,194.24,341743.0
2017-12-11 15:00:00,194.34,194.35,194.34,194.34,338858.0
2017-12-11 15:15:00,194.45,194.46,194.45,194.46,411340.0
2017-12-11 15:30:00,194.55,194.56,194.55,194.55,313377.0
2017-12-11 15:45:00,194.66,194.66,194.66,194.66,450419.0
2017-12-12 09:30:00,192.86,192.86,192.86,192.86,364592.0
2017-12-12 09:45:00,192.9,192.91,192.89,192.9,334795.0
2017-12-12 10:15:00,192.68,192.69,192.68,192.68,513152.0
2017-12-12 10:30:00,192.51,192.52,192.51,192.52,424912.0
2017-12-12 10:45:00,192.39,192.4,192.39,192.4,528191.0
2017-12-12 11:15:00,192.41,192.43,192.4,192.41,362145.0
2017-12-12 11:30:00,192.23,192.24,192.23,192.23,357026.0
2017-12-12 11:45:00,192.18,192.19,192.18,192.18,338119.0
2017-12-12 12:15:00,191.99,192.01,191.99,191.99,459122.0
2017-12-12 12:30:00,191.84,191.85,191.84,191.84,381366.0
2017-12-12 12:45:00,191.93,191.95,191.93,191.93,322564.0
2017-12-12 13:00:00,191.76,191.77,191.75,191.76,337406.0
2017-12-12 13:30:00,191.57,191.59,191.57,191.59,409599.0
2017-12-12 13:45:00,191.52,191.52,191.52,191.52,517664.0
2017-12-12 14:00:00,191.34,191.36,191.33,191.35,522253.0
2017-12-12 14:15:00,191.31,191.32,191.3,191.31,506565.0
2017-12-12 14:30:00,191.3,191.31,191.29,191.29,486592.0
2017-12-12 14:45:00,191.18,191.18,191.17,191.18,325366.0
2017-12-12 15:00:00,191.05,191.06,191.05,191.06,401960.0
2017-12-12 15:15:00,191.08,191.09,191.07,191.09,423097.0
2017-12-12 15:30:00,190.91,190.91,190.91,190.91,513635.0
2017-12-12 15:45:00,190.78,190.8,190.78,190.79,388409.0
2017-12-19 09:30:00,197.54,197.55,197.54,197.54,455822.0
2017-12-19 09:45:00,197.39,197.41,197.39,197.4,417632.0
2017-12-19 10:00:00,197.4,197.41,197.4,197.4,360045.0
2017-12-19 10:30:00,197.29,197.29,197.29,197.29,379327.0
2017-12-19 10:45:00,197.21,197.22,197.21,197.22,404707.0
2017-12-19 11:00:00,197.1,197.11,197.1,197.1,405154.0
2017-12-19 11:15:00,197.13,197.14,197.12,197.14,383457.0
2017-12-19 11:30:00,197.01,197.02,197.0,197.02,331540.0
2017-12-19 11:45:00,197.03,197.04,197.03,197.04,344213.0
2017-12-19 12:00:00,196.99,196.99,196.98,196.99,387676.0
2017-12-19 12:15:00,196.9,196.9,196.9,196.9,442757.0
2017-12-19 12:30:00,196.84,196.85,196.83,196.84,289925.0
2017-12-19 12:45:00,196.79,196.8,196.79,196.8,357314.0
2017-12-19 13:00:00,196.73,196.73,196.73,196.73,344556.0
2017-12-19 13:15:00,196.67,196.67,196.67,196.67,384314.0
2017-12-19 13:30:00,196.65,196.66,196.65,196.65,389764.0
2017-12-19 13:45:00,196.67,196.69,196.66,196.67,269623.0
2017-12-19 14:00:00,196.54,196.55,196.53,196.54,264086.0
2017-12-19 14:15:00,196.54,196.55,196.53,196.55,330843.0
2017-12-19 14:30:00,196.38,196.38,196.38,196.38,316413.0
2017-12-19 14:45:00,196.37,196.38,196.37,196.38,415802.0
2017-12-19 15:00:00,196.28,196.29,196.27,196.29,334709.0
2017-12-19 15:15:00,196.21,196.22,196.21,196.21,357394.0
2017-12-19 15:30:00,196.15,196.16,196.14,196.16,374181.0
2017-12-21 09:30:00,196.83,196.84,196.83,196.84,306842.0
2017-12-21 09:45:00,196.89,196.89,196.89,196.89,229821.0
2017-12-21 10:00:00,196.79,196.8,196.79,196.79,244516.0
2017-12-21 10:15:00,196.82,196.82,196.82,196.82,308327.0
2017-12-21 10:45:00,196.67,196.68,196.66,196.67,330786.0
2017-12-21 11:00:00,196.69,196.69,196.69,196.69,245894.0
2017-12-21 11:15:00,196.64,196.65,196.64,196.64,293311.0
2017-12-21 11:30:00,196.58,196.59,196.58,196.59,258927.0
2017-12-21 11:45:00,196.57,196.58,196.57,196.57,333166.0
2017-12-21 12:00:00,196.49,196.5,196.49,196.49,234397.0
2017-12-21 12:15:00,196.59,196.59,196.59,196.59,346976.0
2017-12-21 12:30:00,196.42,196.43,196.42,196.42,285760.0
2017-12-21 12:45:00,196.33,196.34,196.33,196.33,247738.0
2017-12-21 13:00:00,196.35,196.36,196.35,196.35,293742.0
2017-12-21 13:15:00,196.31,196.32,196.31,196.31,321308.0
2017-12-21 13:30:00,196.26,196.27,196.25,196.26,330738.0
2017-12-21 13:45:00,196.23,196.23,196.23,196.23,318792.0
2017-12-21 14:00:00,196.19,196.21,196.19,196.21,326290.0
2017-12-21 14:15:00,196.13,196.13,196.13,196.13,275483.0
2017-12-21 14:30:00,196.07,196.08,196.07,196.07,294951.0
2017-12-21 14:45:00,196.07,196.07,196.07,196.07,216216.0
2017-12-21 15:00:00,196.0,196.01,196.0,196.01,288150.0
2017-12-21 15:15:00,195.92,195.93,195.92,195.93,306833.0
2017-12-21 15:30:00,195.95,195.96,195.95,195.96,318850.0
2017-12-21 15:45:00,195.86,195.87,195.85,195.86,243565.0
2017-12-22 09:30:00,194.35,194.36,194.35,194.35,502364.0
2017-12-22 09:45:00,194.43,194.43,194.42,194.42,321293.0
2017-12-22 10:00:00,194.53,194.53,194.53,194.53,314953.0
2017-12-22 10:15:00,194.5,194.5,194.5,194.5,551452.0
2017-12-22 10:30:00,194.55,194.56,194.55,194.56,415479.0
2017-12-22 10:45:00,194.63,194.64,194.62,194.63,359032.0
2017-12-22 11:15:00,194.62,194.62,194.61,194.62,486188.0
2017-12-22 11:30:00,194.68,194.69,194.68,194.69,346716.0
2017-12-22 11:45:00,194.75,194.76,194.75,194.75,564676.0
2017-12-22 12:15:00,194.78,194.79,194.78,194.79,470966.0
2017-12-22 12:30:00,194.85,194.89,194.85,194.86,377509.0
2017-12-22 12:45:00,194.89,194.92,194.89,194.9,447230.0
2017-12-22 13:15:00,194.91,194.91,194.91,194.91,462385.0
2017-12-22 13:30:00,195.08,195.09,195.08,195.08,522982.0
2017-12-22 13:45:00,195.0,195.0,194.99,195.0,516962.0
2017-12-22 14:00:00,194.99,195.01,194.99,195.0,531040.0
2017-12-22 14:15:00,195.15,195.17,195.15,195.17,415662.0
2017-12-22 14:30:00,195.18,195.21,195.18,195.19,359274.0
2017-12-22 14:45:00,195.05,195.06,195.05,195.06,464083.0
2017-12-22 15:00:00,195.22,195.25,195.22,195.23,370194.0
2017-12-22 15:30:00,195.26,195.26,195.25,195.25,464353.0
2017-12-22 15:45:00,195.16,195.18,195.15,195.16,515470.0
2017-12-26 09:30:00,193.03,193.04,193.02,193.04,352600.0
2017-12-26 10:15:00,193.61,193.64,193.61,193.61,281137.0
2017-12-26 10:30:00,193.67,193.68,193.67,193.68,440092.0
2017-12-26 10:45:00,193.92,193.92,193.91,193.91,267848.0
2017-12-26 11:00:00,194.03,194.05,194.01,194.03,435757.0
2017-12-26 11:15:00,194.28,194.28,194.27,194.28,292944.0
2017-12-26 11:30:00,194.46,194.48,194.45,194.47,331026.0
2017-12-26 11:45:00,194.53,194.53,194.53,194.53,251569.0
2017-12-26 12:00:00,194.78,194.82,194.77,194.8,433256.0
2017-12-26 12:15:00,194.88,194.89,194.87,194.88,349684.0
2017-12-26 12:30:00,195.19,195.2,195.19,195.19,337667.0
2017-12-26 12:45:00,195.32,195.33,195.32,195.32,245601.0
2017-12-26 13:00:00,195.46,195.47,195.46,195.46,270355.0
2017-12-26 13:15:00,195.74,195.75,195.74,195.75,327085.0
2017-12-26 13:30:00,195.87,195.88,195.87,195.87,372495.0
2017-12-26 13:45:00,196.05,196.05,196.04,196.05,312853.0
2017-12-26 14:00:00,196.17,196.18,196.17,196.17,432147.0
2017-12-26 14:30:00,196.53,196.53,196.52,196.53,418280.0
2017-12-26 15:00:00,196.83,196.86,196.83,196.84,344064.0
2017-12-26 15:15:00,197.12,197.16,197.1,197.13,358166.0
2017-12-26 15:30:00,197.2,197.22,197.2,197.22,401131.0
2017-12-26 15:45:00,197.5,197.53,197.49,197.5,405154.0
2017-12-28 09:30:00,198.13,198.14,198.13,198.14,265920.0
2017-12-28 09:45:00,198.12,198.12,198.12,198.12,281058.0
2017-12-28 10:00:00,198.07,198.08,198.07,198.07,276034.0
2017-12-28 10:15:00,198.02,198.02,198.02,198.02,277749.0
2017-12-28 10:30:00,198.05,198.06,198.05,198.05,172937.0
2017-12-28 10:45:00,198.0,198.01,198.0,198.0,244546.0
2017-12-28 11:00:00,197.94,197.94,197.93,197.94,170484.0
2017-12-28 11:15:00,197.91,197.92,197.91,197.91,170647.0
2017-12-28 11:30:00,197.87,197.87,197.87,197.87,166402.0
2017-12-28 11:45:00,197.87,197.88,197.87,197.88,290142.0
2017-12-28 12:00:00,197.83,197.84,197.83,197.83,234714.0
2017-12-28 12:15:00,197.78,197.79,197.78,197.78,229492.0
2017-12-28 12:30:00,197.79,197.79,197.79,197.79,193663.0
2017-12-28 12:45:00,197.74,197.74,197.74,197.74,286030.0
2017-12-28 13:00:00,197.71,197.72,197.71,197.71,266971.0
2017-12-28 13:15:00,197.73,197.74,197.73,197.73,207118.0
2017-12-28 13:30:00,197.64,197.64,197.63,197.64,227326.0
2017-12-28 13:45:00,197.6,197.62,197.6,197.61,296432.0
2017-12-28 14:15:00,197.54,197.54,197.53,197.53,162805.0
2017-12-28 14:30:00,197.58,197.59,197.58,197.58,220383.0
2017-12-28 14:45:00,197.55,197.56,197.55,197.55,183234.0
2017-12-28 15:15:00,197.41,197.42,197.41,197.41,169830.0
2017-12-28 15:30:00,197.46,197.46,197.45,197.46,271467.0
2017-12-28 15:45:00,197.39,197.4,197.39,197.4,219826.0
2017-12-29 09:30:00,198.46,198.46,198.46,198.46,329672.0
2017-12-29 10:15:00,197.83,197.85,197.83,197.84,289342.0
2017-12-29 10:30:00,197.63,197.65,197.62,197.64,343978.0
2017-12-29 10:45:00,197.47,197.48,197.47,197.48,283509.0
2017-12-29 11:00:00,197.27,197.28,197.27,197.28,209726.0
2017-12-29 11:15:00,197.08,197.09,197.08,197.09,203360.0
2017-12-29 11:45:00,196.7,196.72,196.69,196.7,223168.0
2017-12-29 12:00:00,196.48,196.49,196.48,196.48,271695.0
2017-12-29 12:15:00,196.25,196.25,196.25,196.25,189768.0
2017-12-29 12:30:00,196.09,196.1,196.09,196.09,330968.0
2017-12-29 12:45:00,195.87,195.88,195.87,195.88,204320.0
2017-12-29 13:00:00,195.68,195.68,195.67,195.68,259534.0
2017-12-29 13:15:00,195.55,195.56,195.55,195.55,231075.0
2017-12-29 13:30:00,195.29,195.29,195.28,195.29,282941.0
2017-12-29 13:45:00,195.06,195.07,195.06,195.06,252168.0
2017-12-29 14:00:00,194.88,194.9,194.87,194.9,291948.0
2017-12-29 14:15:00,194.75,194.76,194.73,194.75,251431.0
2017-12-29 14:30:00,194.48,194.49,194.48,194.49,237176.0
2017-12-29 14:45:00,194.3,194.31,194.3,194.31,270451.0
2017-12-29 15:00:00,194.04,194.05,194.03,194.04,229053.0
2017-12-29 15:15:00,193.87,193.88,193.87,193.88,347554.0
2017-12-29 15:30:00,193.65,193.66,193.65,193.65,246887.0
2017-12-29 15:45:00,193.5,193.5,193.5,193.5,254420.0
2018-01-02 09:30:00,195.7,195.72,195.69,195.7,439030.0
2018-01-02 09:45:00,195.89,195.9,195.88,195.9,427016.0
2018-01-02 10:00:00,196.0,196.01,196.0,196.0,292807.0
2018-01-02 10:15:00,196.2,196.2,196.2,196.2,380075.0
2018-01-02 10:30:00,196.35,196.36,196.34,196.35,408864.0
2018-01-02 10:45:00,196.53,196.54,196.53,196.53,247598.0
2018-01-02 11:15:00,196.78,196.78,196.78,196.78,421295.0
2018-01-02 11:30:00,196.86,196.86,196.85,196.86,414587.0
2018-01-02 11:45:00,197.06,197.07,197.06,197.07,389262.0
2018-01-02 12:15:00,197.47,197.49,197.46,197.47,333661.0
2018-01-02 12:30:00,197.47,197.48,197.46,197.48,255175.0
2018-01-02 12:45:00,197.58,197.59,197.58,197.58,299641.0
2018-01-02 13:00:00,197.73,197.74,197.72,197.73,251202.0
2018-01-02 13:15:00,197.78,197.81,197.78,197.79,277026.0
2018-01-02 13:30:00,198.02,198.03,198.0,198.02,266383.0
2018-01-02 13:45:00,198.41,198.43,198.41,198.43,279349.0
2018-01-02 14:15:00,198.46,198.47,198.46,198.46,322454.0
2018-01-02 14:30:00,198.66,198.67,198.66,198.66,402828.0
2018-01-02 14:45:00,198.84,198.86,198.84,198.84,275628.0
2018-01-02 15:00:00,198.95,198.96,198.94,198.95,365734.0
2018-01-02 15:15:00,199.06,199.08,199.06,199.07,317662.0
2018-01-02 15:30:00,199.16,199.17,199.16,199.16,334612.0
2018-01-02 15:45:00,199.34,199.36,199.33,199.35,320177.0
2018-01-04 09:30:00,215.78,215.79,215.78,215.78,663718.0
2018-01-04 09:45:00,215.69,215.71,215.68,215.7,607302.0
2018-01-04 10:30:00,215.32,215.35,215.32,215.34,550320.0
2018-01-04 10:45:00,215.31,215.33,215.31,215.31,446258.0
2018-01-04 11:00:00,215.17,215.19,215.16,215.16,690462.0
2018-01-04 11:15:00,215.11,215.13,215.1,215.12,683039.0
2018-01-04 11:30:00,215.02,215.04,215.02,215.04,470932.0
2018-01-04 11:45:00,214.9,214.93,214.9,214.92,451843.0
2018-01-04 12:00:00,214.84,214.85,214.84,214.85,485424.0
2018-01-04 12:15:00,214.84,214.86,214.83,214.85,716958.0
2018-01-04 12:30:00,214.6,214.61,214.59,214.6,675895.0
2018-01-04 12:45:00,214.64,214.64,214.63,214.64,520153.0
2018-01-04 13:00:00,214.57,214.58,214.56,214.58,573599.0
2018-01-04 13:15:00,214.34,214.36,214.33,214.34,680367.0
2018-01-04 13:30:00,214.35,214.36,214.34,214.36,417359.0
2018-01-04 13:45:00,214.23,214.24,214.22,214.23,409688.0
2018-01-04 14:00:00,214.22,214.23,214.2,214.21,552293.0
2018-01-04 14:15:00,214.07,214.09,214.07,214.09,432172.0
2018-01-04 14:45:00,213.89,213.9,213.89,213.89,613461.0
2018-01-04 15:00:00,213.96,213.99,213.95,213.96,408605.0
2018-01-04 15:15:00,213.81,213.82,213.81,213.82,703534.0
2018-01-04 15:30:00,213.53,213.57,213.52,213.53,578836.0
2018-01-09 09:30:00,222.14,222.15,222.14,222.15,530529.0
2018-01-09 09:45:00,222.19,222.21,222.18,222.2,391896.0
2018-01-09 10:00:00,222.14,222.16,222.14,222.15,502936.0
2018-01-09 10:15:00,222.2,222.2,222.2,222.2,343378.0
2018-01-09 10:45:00,222.11,222.12,222.11,222.11,432027.0
2018-01-09 11:00:00,222.12,222.14,222.12,222.13,541973.0
2018-01-09 11:30:00,222.12,222.13,222.12,222.12,375176.0
2018-01-09 11:45:00,222.12,222.13,222.12,222.12,537421.0
2018-01-09 12:00:00,221.94,221.97,221.93,221.95,476941.0
2018-01-09 12:15:00,222.14,222.15,222.12,222.14,512128.0
2018-01-09 12:30:00,222.24,222.26,222.24,222.26,491632.0
2018-01-09 12:45:00,222.11,222.14,222.1,222.12,391597.0
2018-01-09 13:00:00,222.08,222.12,222.07,222.07,555151.0
2018-01-09 13:15:00,222.15,222.15,222.14,222.14,599274.0
2018-01-09 13:30:00,221.97,221.99,221.96,221.99,506096.0
2018-01-09 13:45:00,222.02,222.05,222.01,222.03,580701.0
2018-01-09 14:00:00,221.97,221.98,221.97,221.97,453931.0
2018-01-09 14:15:00,222.06,222.07,222.06,222.07,500785.0
2018-01-09 14:30:00,221.99,222.01,221.98,221.99,365914.0
2018-01-09 14:45:00,221.98,221.99,221.98,221.99,558367.0
2018-01-09 15:15:00,221.96,221.98,221.96,221.96,448645.0
2018-01-09 15:30:00,221.95,221.96,221.95,221.96,549844.0
2018-01-10 09:30:00,218.07,218.09,218.05,218.06,688463.0
2018-01-10 09:45:00,218.35,218.36,218.34,218.36,531031.0
2018-01-10 10:00:00,218.63,218.65,218.63,218.63,458019.0
2018-01-10 10:15:00,218.8,218.86,218.79,218.84,412176.0
2018-01-10 10:45:00,219.46,219.53,219.45,219.5,443188.0
2018-01-10 11:00:00,219.45,219.46,219.43,219.45,549925.0
2018-01-10 11:30:00,220.06,220.11,220.03,220.04,623472.0
2018-01-10 11:45:00,219.95,219.99,219.95,219.96,517390.0
2018-01-10 12:00:00,220.31,220.35,220.3,220.34,703422.0
2018-01-10 12:15:00,220.59,220.6,220.59,220.59,556739.0
2018-01-10 12:30:00,220.93,220.99,220.92,220.95,551322.0
2018-01-10 12:45:00,221.15,221.16,221.13,221.15,549882.0
2018-01-10 13:00:00,221.28,221.29,221.28,221.29,587228.0
2018-01-10 13:15:00,221.4,221.41,221.38,221.39,449561.0
2018-01-10 13:30:00,221.66,221.71,221.66,221.69,498204.0
2018-01-10 13:45:00,221.99,222.0,221.98,221.99,590196.0
2018-01-10 14:00:00,221.97,222.0,221.97,221.99,455764.0
2018-01-10 14:15:00,222.36,222.36,222.36,222.36,448389.0
2018-01-10 15:00:00,222.91,222.94,222.9,222.92,553926.0
2018-01-10 15:15:00,223.36,223.37,223.33,223.36,620274.0
2018-01-10 15:30:00,223.31,223.33,223.31,223.31,669169.0
2018-01-10 15:45:00,223.58,223.64,223.57,223.59,616217.0
2018-01-11 09:30:00,224.92,224.93,224.91,224.91,457686.0
2018-01-11 09:45:00,224.9,224.92,224.9,224.9,316448.0
2018-01-11 10:00:00,224.91,224.92,224.91,224.91,426080.0
2018-01-11 10:15:00,224.89,224.9,224.89,224.9,354640.0
2018-01-11 10:30:00,224.84,224.84,224.84,224.84,340917.0
2018-01-11 11:00:00,224.78,224.79,224.78,224.78,289423.0
2018-01-11 11:30:00,224.77,224.77,224.77,224.77,277586.0
2018-01-11 11:45:00,224.65,224.66,224.65,224.66,359207.0
2018-01-11 12:00:00,224.64,224.65,224.64,224.65,290068.0
2018-01-11 12:30:00,224.55,224.55,224.55,224.55,275076.0
2018-01-11 12:45:00,224.51,224.52,224.51,224.51,502694.0
2018-01-11 13:00:00,224.47,224.48,224.47,224.47,290458.0
2018-01-11 13:15:00,224.44,224.46,224.44,224.45,502461.0
2018-01-11 13:30:00,224.36,224.37,224.36,224.36,285261.0
2018-01-11 13:45:00,224.29,224.29,224.28,224.29,276519.0
2018-01-11 14:00:00,224.31,224.32,224.3,224.32,344315.0
2018-01-11 14:15:00,224.32,224.33,224.32,224.32,444754.0
2018-01-11 14:30:00,224.24,224.26,224.24,224.24,284993.0
2018-01-11 14:45:00,224.26,224.28,224.26,224.27,320393.0
2018-01-11 15:00:00,224.12,224.13,224.12,224.13,276054.0
2018-01-11 15:15:00,224.15,224.15,224.15,224.15,452541.0
2018-01-11 15:30:00,224.12,224.14,224.11,224.11,411849.0
2018-01-11 15:45:00,224.03,224.05,224.02,224.03,351974.0
2018-01-12 09:30:00,223.57,223.58,223.57,223.57,403392.0
2018-01-12 09:45:00,223.64,223.65,223.63,223.65,330133.0
2018-01-12 10:00:00,223.56,223.56,223.55,223.56,424148.0
2018-01-12 10:30:00,223.46,223.48,223.46,223.48,248775.0
2018-01-12 10:45:00,223.38,223.39,223.37,223.37,361059.0
2018-01-12 11:00:00,223.53,223.54,223.53,223.54,434686.0
2018-01-12 11:15:00,223.43,223.44,223.43,223.43,383394.0
2018-01-12 11:30:00,223.39,223.4,223.39,223.4,249531.0
2018-01-12 11:45:00,223.27,223.29,223.27,223.29,261616.0
2018-01-12 12:00:00,223.26,223.28,223.26,223.27,391946.0
2018-01-12 12:15:00,223.31,223.31,223.31,223.31,430284.0
2018-01-12 12:45:00,223.26,223.28,223.26,223.27,420086.0
2018-01-12 13:00:00,223.28,223.28,223.28,223.28,242730.0
2018-01-12 13:15:00,223.26,223.27,223.26,223.27,262334.0
2018-01-12 13:30:00,223.21,223.23,223.21,223.21,375834.0
2018-01-12 13:45:00,223.18,223.19,223.18,223.18,448797.0
2018-01-12 14:00:00,223.16,223.17,223.15,223.16,315320.0
2018-01-12 14:15:00,223.11,223.12,223.11,223.12,417039.0
2018-01-12 14:30:00,223.09,223.1,223.09,223.09,392881.0
2018-01-12 15:15:00,223.05,223.08,223.04,223.06,424902.0
2018-01-12 15:30:00,222.99,223.0,222.99,222.99,385466.0
2018-01-12 15:45:00,222.96,222.97,222.95,222.96,333817.0
2018-01-18 09:30:00,223.87,223.88,223.86,223.87,321351.0
2018-01-18 09:45:00,223.96,223.97,223.95,223.96,490187.0
2018-01-18 10:00:00,223.98,223.98,223.97,223.98,354308.0
2018-01-18 10:15:00,224.03,224.06,224.03,224.05,310080.0
2018-01-18 10:30:00,223.99,224.0,223.99,224.0,463546.0
2018-01-18 10:45:00,224.1,224.13,224.1,224.11,471964.0
2018-01-18 11:00:00,224.01,224.03,224.0,224.02,364756.0
2018-01-18 11:15:00,224.11,224.12,224.11,224.12,357819.0
2018-01-18 11:30:00,224.06,224.07,224.05,224.06,492015.0
2018-01-18 11:45:00,224.14,224.16,224.14,224.15,285362.0
2018-01-18 12:00:00,224.13,224.15,224.12,224.14,474002.0
2018-01-18 12:15:00,224.14,224.15,224.13,224.14,399529.0
2018-01-18 12:30:00,224.18,224.2,224.18,224.19,309659.0
2018-01-18 12:45:00,224.2,224.2,224.2,224.2,339505.0
2018-01-18 13:00:00,224.16,224.16,224.16,224.16,384269.0
2018-01-18 13:15:00,224.27,224.28,224.27,224.28,426689.0
2018-01-18 13:30:00,224.14,224.17,224.14,224.14,505717.0
2018-01-18 14:00:00,224.3,224.32,224.29,224.3,341864.0
2018-01-18 14:15:00,224.25,224.26,224.24,224.26,478903.0
2018-01-18 14:45:00,224.43,224.45,224.43,224.44,423963.0
2018-01-18 15:00:00,224.44,224.46,224.44,224.45,455927.0
2018-01-18 15:15:00,224.37,224.39,224.37,224.38,399511.0
2018-01-18 15:45:00,224.43,224.43,224.43,224.43,495948.0
2018-01-19 09:30:00,228.07,228.08,228.06,228.07,759812.0
2018-01-19 09:45:00,228.19,228.19,228.19,228.19,726566.0
2018-01-19 10:00:00,228.23,228.23,228.23,228.23,540988.0
2018-01-19 10:15:00,228.31,228.33,228.3,228.32,628471.0
2018-01-19 10:30:00,228.44,228.45,228.43,228.45,437838.0
2018-01-19 10:45:00,228.49,228.5,228.49,228.5,411968.0
2018-01-19 11:00:00,228.52,228.53,228.51,228.51,441136.0
2018-01-19 11:15:00,228.64,228.65,228.64,228.65,699570.0
2018-01-19 11:30:00,228.74,228.75,228.74,228.75,487559.0
2018-01-19 12:00:00,228.94,228.95,228.94,228.95,608241.0
2018-01-19 12:15:00,229.0,229.01,228.99,229.01,750772.0
2018-01-19 12:30:00,228.99,229.0,228.99,228.99,655465.0
2018-01-19 12:45:00,229.15,229.16,229.15,229.15,419033.0
2018-01-19 13:00:00,229.27,229.28,229.27,229.27,631578.0
2018-01-19 13:15:00,229.34,229.35,229.33,229.34,524312.0
2018-01-19 13:45:00,229.5,229.5,229.49,229.5,509735.0
2018-01-19 14:00:00,229.56,229.57,229.56,229.56,414550.0
2018-01-19 14:15:00,229.75,229.77,229.74,229.75,753876.0
2018-01-19 14:30:00,229.71,229.72,229.7,229.7,477783.0
2018-01-19 14:45:00,229.78,229.78,229.78,229.78,747856.0
2018-01-19 15:00:00,229.79,229.8,229.79,229.8,493577.0
2018-01-19 15:15:00,229.95,229.95,229.94,229.95,693666.0
2018-01-19 15:30:00,230.02,230.05,230.02,230.04,594195.0
2018-01-19 15:45:00,230.12,230.13,230.12,230.12,710875.0
2018-01-22 09:30:00,230.37,230.4,230.36,230.39,664130.0
2018-01-22 09:45:00,230.73,230.75,230.73,230.73,509428.0
2018-01-22 10:00:00,230.69,230.72,230.68,230.68,507883.0
2018-01-22 10:15:00,230.83,230.84,230.82,230.84,638956.0
2018-01-22 10:30:00,230.98,230.99,230.98,230.98,661571.0
2018-01-22 10:45:00,231.15,231.17,231.15,231.16,687325.0
2018-01-22 11:00:00,231.2,231.21,231.19,231.21,643312.0
2018-01-22 11:15:00,231.34,231.36,231.34,231.35,391065.0
2018-01-22 11:30:00,231.5,231.52,231.5,231.51,405990.0
2018-01-22 11:45:00,231.6,231.62,231.59,231.6,678459.0
2018-01-22 12:00:00,231.7,231.71,231.69,231.69,372994.0
2018-01-22 12:15:00,231.91,231.92,231.9,231.9,486643.0
2018-01-22 12:30:00,231.86,231.88,231.84,231.87,518575.0
2018-01-22 12:45:00,232.13,232.16,232.11,232.16,592119.0
2018-01-22 13:00:00,232.34,232.34,232.33,232.34,604639.0
2018-01-22 13:30:00,232.52,232.52,232.52,232.52,555260.0
2018-01-22 13:45:00,232.59,232.61,232.59,232.6,670954.0
2018-01-22 14:00:00,232.79,232.8,232.79,232.8,459428.0
2018-01-22 14:15:00,232.9,232.91,232.9,232.91,389109.0
2018-01-22 14:30:00,233.16,233.18,233.14,233.16,463179.0
2018-01-22 14:45:00,233.24,233.26,233.23,233.25,676705.0
2018-01-22 15:00:00,233.21,233.22,233.21,233.21,612749.0
2018-01-22 15:15:00,233.46,233.49,233.46,233.46,680947.0
2018-01-22 15:30:00,233.6,233.61,233.58,233.61,389661.0
2018-01-22 15:45:00,233.68,233.68,233.68,233.68,612514.0
2018-01-23 09:30:00,235.85,235.85,235.85,235.85,535268.0
2018-01-23 09:45:00,235.97,235.97,235.96,235.97,519193.0
2018-01-23 10:00:00,236.16,236.18,236.15,236.17,586182.0
2018-01-23 10:15:00,236.21,236.21,236.2,236.21,346205.0
2018-01-23 10:30:00,236.3,236.31,236.29,236.3,581000.0
2018-01-23 11:00:00,236.55,236.56,236.55,236.56,576209.0
2018-01-23 11:30:00,236.74,236.76,236.73,236.74,344577.0
2018-01-23 11:45:00,236.9,236.92,236.88,236.89,594012.0
2018-01-23 12:00:00,237.02,237.03,237.01,237.02,347270.0
2018-01-23 12:15:00,237.22,237.24,237.2,237.23,471988.0
2018-01-23 12:30:00,237.31,237.32,237.3,237.31,325211.0
2018-01-23 12:45:00,237.42,237.44,237.42,237.42,359504.0
2018-01-23 13:00:00,237.56,237.57,237.56,237.56,397687.0
2018-01-23 13:15:00,237.63,237.66,237.63,237.64,510245.0
2018-01-23 13:30:00,237.8,237.82,237.79,237.8,410138.0
2018-01-23 13:45:00,237.9,237.91,237.9,237.9,361029.0
2018-01-23 14:15:00,238.13,238.16,238.13,238.14,520355.0
2018-01-23 14:30:00,238.24,238.27,238.23,238.25,431349.0
2018-01-23 14:45:00,238.34,238.36,238.34,238.35,470729.0
2018-01-23 15:00:00,238.62,238.63,238.61,238.63,584422.0
2018-01-23 15:30:00,238.79,238.79,238.78,238.79,545387.0
2018-01-23 15:45:00,238.94,238.96,238.93,238.95,325357.0
2018-01-26 09:30:00,238.08,238.11,238.08,238.1,589711.0
2018-01-26 09:45:00,238.32,238.33,238.32,238.32,492965.0
2018-01-26 10:00:00,238.5,238.51,238.49,238.5,482863.0
2018-01-26 10:15:00,238.77,238.78,238.77,238.78,543060.0
2018-01-26 10:30:00,239.01,239.02,238.99,239.02,442067.0
2018-01-26 11:00:00,239.39,239.4,239.39,239.4,631598.0
2018-01-26 11:15:00,239.57,239.58,239.56,239.58,383480.0
2018-01-26 11:45:00,240.03,240.05,240.03,240.04,413019.0
2018-01-26 12:00:00,240.32,240.36,240.32,240.33,400243.0
2018-01-26 12:30:00,240.63,240.65,240.63,240.63,385846.0
2018-01-26 12:45:00,240.86,240.89,240.85,240.88,396933.0
2018-01-26 13:00:00,241.02,241.05,241.02,241.03,536247.0
2018-01-26 13:15:00,241.25,241.26,241.25,241.26,358034.0
2018-01-26 13:30:00,241.47,241.48,241.47,241.47,403266.0
2018-01-26 13:45:00,241.56,241.58,241.56,241.57,614416.0
2018-01-26 14:15:00,242.2,242.22,242.18,242.21,439511.0
2018-01-26 14:30:00,242.37,242.39,242.36,242.38,645030.0
2018-01-26 14:45:00,242.6,242.63,242.59,242.61,580690.0
2018-01-26 15:00:00,242.59,242.62,242.59,242.61,577504.0
2018-01-26 15:15:00,242.83,242.85,242.82,242.83,548856.0
2018-01-26 15:30:00,243.1,243.1,243.09,243.1,518195.0
2018-01-26 15:45:00,243.32,243.32,243.32,243.32,616597.0
2018-01-31 09:30:00,245.79,245.8,245.78,245.79,392563.0
2018-01-31 09:45:00,245.79,245.8,245.79,245.79,457114.0
2018-01-31 10:15:00,245.75,245.76,245.74,245.75,412381.0
2018-01-31 10:30:00,245.74,245.76,245.74,245.74,377310.0
2018-01-31 10:45:00,245.79,245.8,245.79,245.79,450086.0
2018-01-31 11:00:00,245.62,245.66,245.62,245.65,511557.0
2018-01-31 11:15:00,245.79,245.81,245.78,245.79,372275.0
2018-01-31 11:45:00,245.76,245.76,245.76,245.76,424751.0
2018-01-31 12:15:00,245.86,245.87,245.86,245.87,363289.0
2018-01-31 12:30:00,245.74,245.76,245.73,245.74,546985.0
2018-01-31 12:45:00,245.84,245.85,245.83,245.85,415213.0
2018-01-31 13:00:00,245.77,245.78,245.77,245.78,384864.0
2018-01-31 13:15:00,245.79,245.8,245.78,245.78,574085.0
2018-01-31 13:30:00,245.84,245.85,245.84,245.85,508159.0
2018-01-31 13:45:00,245.79,245.82,245.78,245.82,463368.0
2018-01-31 14:00:00,245.81,245.82,245.81,245.82,453568.0
2018-01-31 14:15:00,245.73,245.75,245.73,245.75,366015.0
2018-01-31 14:30:00,245.75,245.76,245.75,245.75,401091.0
2018-01-31 15:00:00,245.84,245.86,245.83,245.84,576740.0
2018-01-31 15:15:00,245.86,245.87,245.86,245.86,534252.0
2018-01-31 15:30:00,245.75,245.76,245.75,245.75,573819.0
2018-01-31 15:45:00,245.85,245.87,245.85,245.86,431373.0
2018-02-02 09:30:00,237.05,237.07,237.05,237.05,498885.0
2018-02-02 09:45:00,236.82,236.86,236.81,236.81,691230.0
2018-02-02 10:00:00,236.69,236.72,236.69,236.7,876771.0
2018-02-02 10:15:00,236.36,236.39,236.35,236.39,879127.0
2018-02-02 10:45:00,235.91,235.96,235.91,235.94,487232.0
2018-02-02 11:00:00,236.32,236.32,236.31,236.31,852677.0
2018-02-02 11:15:00,236.01,236.04,236.0,236.02,666924.0
2018-02-02 11:30:00,235.77,235.78,235.76,235.77,570473.0
2018-02-02 11:45:00,235.74,235.75,235.74,235.74,672578.0
2018-02-02 12:00:00,235.62,235.63,235.62,235.62,757369.0
2018-02-02 12:15:00,235.45,235.47,235.44,235.45,495760.0
2018-02-02 12:30:00,235.32,235.32,235.32,235.32,854318.0
2018-02-02 12:45:00,235.23,235.24,235.21,235.24,705256.0
2018-02-02 13:00:00,235.03,235.03,235.03,235.03,657678.0
2018-02-02 13:15:00,234.82,234.84,234.82,234.83,868312.0
2018-02-02 13:30:00,234.62,234.64,234.62,234.64,623916.0
2018-02-02 13:45:00,234.52,234.56,234.51,234.55,512504.0
2018-02-02 14:00:00,234.56,234.59,234.56,234.57,778571.0
2018-02-02 14:15:00,234.33,234.34,234.32,234.34,652148.0
2018-02-02 14:30:00,234.25,234.26,234.24,234.24,599950.0
2018-02-02 14:45:00,233.94,233.99,233.94,233.95,606322.0
2018-02-02 15:00:00,234.12,234.16,234.11,234.15,771134.0
2018-02-02 15:30:00,233.61,233.62,233.61,233.62,707859.0
2018-02-23 09:30:00,244.48,244.49,244.48,244.49,375013.0
2018-02-23 09:45:00,244.62,244.63,244.62,244.62,387323.0
2018-02-23 10:00:00,244.72,244.73,244.72,244.73,453876.0
2018-02-23 10:15:00,244.7,244.7,244.7,244.7,429118.0
2018-02-23 10:30:00,244.78,244.78,244.78,244.78,355629.0
2018-02-23 10:45:00,244.84,244.85,244.84,244.84,336606.0
2018-02-23 11:00:00,244.92,244.93,244.91,244.93,485939.0
2018-02-23 11:15:00,244.93,244.94,244.93,244.93,393611.0
2018-02-23 11:30:00,245.03,245.04,245.03,245.03,517186.0
2018-02-23 11:45:00,245.05,245.06,245.05,245.05,415616.0
2018-02-23 12:00:00,245.11,245.12,245.11,245.12,470717.0
2018-02-23 12:15:00,245.06,245.08,245.06,245.08,326015.0
2018-02-23 12:45:00,245.3,245.31,245.3,245.3,367711.0
2018-02-23 13:00:00,245.31,245.32,245.31,245.31,361763.0
2018-02-23 13:15:00,245.37,245.38,245.37,245.38,469947.0
2018-02-23 13:30:00,245.42,245.42,245.42,245.42,448229.0
2018-02-23 13:45:00,245.47,245.48,245.47,245.47,354191.0
2018-02-23 14:00:00,245.57,245.58,245.56,245.57,304542.0
2018-02-23 14:15:00,245.6,245.61,245.6,245.6,413004.0
2018-02-23 14:30:00,245.71,245.73,245.7,245.72,494394.0
2018-02-23 14:45:00,245.71,245.71,245.71,245.71,430206.0
2018-02-23 15:00:00,245.66,245.67,245.66,245.67,300463.0
2018-02-23 15:15:00,245.82,245.83,245.82,245.82,450001.0
2018-02-23 15:30:00,245.86,245.86,245.86,245.86,491405.0
2018-02-23 15:45:00,245.93,245.93,245.93,245.93,439988.0
2018-02-28 09:30:00,246.73,246.77,246.72,246.73,601554.0
2018-02-28 09:45:00,246.36,246.36,246.35,246.36,582375.0
2018-02-28 10:00:00,246.15,246.16,246.15,246.16,556496.0
2018-02-28 10:15:00,245.87,245.9,245.87,245.9,596965.0
2018-02-28 10:30:00,245.74,245.75,245.73,245.74,427031.0
2018-02-28 11:00:00,245.47,245.49,245.46,245.49,421104.0
2018-02-28 11:15:00,245.27,245.29,245.25,245.28,447846.0
2018-02-28 11:30:00,244.98,245.0,244.98,244.99,582879.0
2018-02-28 11:45:00,244.92,244.93,244.91,244.93,555033.0
2018-02-28 12:00:00,244.63,244.66,244.62,244.64,589364.0
2018-02-28 12:15:00,244.49,244.52,244.49,244.51,513747.0
2018-02-28 12:30:00,244.41,244.46,244.41,244.44,385847.0
2018-02-28 12:45:00,244.08,244.11,244.08,244.09,421436.0
2018-02-28 13:00:00,244.01,244.04,244.01,244.01,586706.0
2018-02-28 13:15:00,243.82,243.83,243.81,243.82,605962.0
2018-02-28 13:30:00,243.62,243.64,243.62,243.63,497884.0
2018-02-28 13:45:00,243.29,243.32,243.29,243.3,420249.0
2018-02-28 14:00:00,243.27,243.27,243.27,243.27,586241.0
2018-02-28 14:15:00,243.12,243.12,243.11,243.12,489624.0
2018-02-28 14:45:00,242.7,242.73,242.69,242.73,632437.0
2018-02-28 15:00:00,242.59,242.62,242.58,242.6,526888.0
2018-02-28 15:15:00,242.46,242.47,242.45,242.46,442448.0
2018-02-28 15:30:00,242.08,242.09,242.08,242.09,448355.0
2018-02-28 15:45:00,242.03,242.05,242.03,242.04,419417.0
2018-03-07 09:30:00,238.03,238.06,238.02,238.04,644530.0
2018-03-07 09:45:00,238.22,238.23,238.22,238.23,625008.0
2018-03-07 10:00:00,238.32,238.34,238.31,238.34,570809.0
2018-03-07 10:15:00,238.31,238.32,238.29,238.32,392348.0
2018-03-07 10:30:00,238.54,238.55,238.54,238.55,674065.0
2018-03-07 10:45:00,238.75,238.77,238.75,238.76,476929.0
2018-03-07 11:00:00,238.87,238.91,238.87,238.89,495811.0
2018-03-07 11:30:00,239.2,239.2,239.2,239.2,669843.0
2018-03-07 11:45:00,239.3,239.34,239.3,239.33,622828.0
2018-03-07 12:00:00,239.64,239.66,239.64,239.65,555957.0
2018-03-07 12:15:00,239.66,239.67,239.66,239.66,406177.0
2018-03-07 12:45:00,240.03,240.04,240.03,240.04,519654.0
2018-03-07 13:15:00,240.32,240.34,240.32,240.32,646856.0
2018-03-07 13:30:00,240.39,240.44,240.39,240.41,678886.0
2018-03-07 14:00:00,240.71,240.73,240.71,240.71,421012.0
2018-03-07 14:15:00,240.83,240.84,240.82,240.83,413401.0
2018-03-07 14:30:00,241.06,241.06,241.06,241.06,545643.0
2018-03-07 14:45:00,241.24,241.24,241.23,241.24,429689.0
2018-03-07 15:00:00,241.36,241.37,241.35,241.37,476271.0
2018-03-07 15:15:00,241.52,241.53,241.52,241.53,574400.0
2018-03-07 15:30:00,241.63,241.64,241.62,241.64,403259.0
2018-03-07 15:45:00,241.91,241.94,241.91,241.93,699257.0
2018-03-08 09:30:00,242.95,242.95,242.95,242.95,358377.0
2018-03-08 09:45:00,242.88,242.89,242.88,242.88,304165.0
2018-03-08 10:00:00,242.71,242.72,242.71,242.71,418831.0
2018-03-08 10:30:00,242.66,242.67,242.66,242.67,305244.0
2018-03-08 10:45:00,242.56,242.57,242.56,242.57,350462.0
2018-03-08 11:00:00,242.46,242.47,242.46,242.46,396439.0
2018-03-08 11:15:00,242.47,242.48,242.47,242.47,387883.0
2018-03-08 11:30:00,242.39,242.39,242.39,242.39,510241.0
2018-03-08 11:45:00,242.29,242.29,242.29,242.29,508147.0
2018-03-08 12:00:00,242.17,242.18,242.17,242.17,380283.0
2018-03-08 12:15:00,242.1,242.11,242.09,242.1,479527.0
2018-03-08 12:30:00,242.05,242.06,242.04,242.05,416092.0
2018-03-08 12:45:00,242.05,242.06,242.04,242.06,451987.0
2018-03-08 13:00:00,241.91,241.92,241.9,241.91,387396.0
2018-03-08 13:15:00,241.84,241.86,241.83,241.84,367220.0
2018-03-08 13:30:00,241.8,241.82,241.8,241.81,481206.0
2018-03-08 13:45:00,241.7,241.71,241.7,241.7,454812.0
2018-03-08 14:00:00,241.63,241.64,241.62,241.63,345651.0
2018-03-08 14:15:00,241.61,241.62,241.61,241.62,488003.0
2018-03-08 14:30:00,241.54,241.56,241.53,241.55,347666.0
2018-03-08 14:45:00,241.47,241.48,241.47,241.47,411565.0
2018-03-08 15:00:00,241.41,241.43,241.41,241.41,280979.0
2018-03-08 15:15:00,241.3,241.32,241.3,241.3,384070.0
2018-03-08 15:30:00,241.19,241.21,241.19,241.2,475194.0
2018-03-08 15:45:00,241.17,241.17,241.17,241.17,433740.0
2018-03-09 09:30:00,243.08,243.08,243.08,243.08,452203.0
2018-03-09 09:45:00,243.19,243.19,243.18,243.19,606423.0
2018-03-09 10:15:00,243.39,243.4,243.38,243.39,523144.0
2018-03-09 10:30:00,243.49,243.5,243.48,243.49,617731.0
2018-03-09 10:45:00,243.53,243.54,243.53,243.53,346284.0
2018-03-09 11:00:00,243.67,243.68,243.67,243.68,548378.0
2018-03-09 11:15:00,243.64,243.65,243.64,243.64,410800.0
2018-03-09 11:30:00,243.81,243.82,243.81,243.81,576358.0
2018-03-09 11:45:00,243.95,243.96,243.95,243.96,548667.0
2018-03-09 12:00:00,244.03,244.04,244.03,244.03,423979.0
2018-03-09 12:15:00,244.07,244.08,244.07,244.07,358213.0
2018-03-09 12:30:00,244.21,244.22,244.21,244.22,565532.0
2018-03-09 12:45:00,244.24,244.25,244.24,244.25,404400.0
2018-03-09 13:15:00,244.42,244.42,244.41,244.42,375963.0
2018-03-09 13:45:00,244.65,244.66,244.65,244.65,591636.0
2018-03-09 14:00:00,244.7,244.71,244.7,244.71,451741.0
2018-03-09 14:15:00,244.79,244.8,244.78,244.79,548622.0
2018-03-09 14:30:00,244.95,244.96,244.95,244.95,494409.0
2018-03-09 14:45:00,244.94,244.95,244.93,244.94,628064.0
2018-03-09 15:00:00,245.07,245.08,245.07,245.07,340617.0
2018-03-09 15:15:00,245.15,245.16,245.15,245.15,516591.0
2018-03-09 15:30:00,245.28,245.29,245.28,245.29,423644.0
2018-03-09 15:45:00,245.36,245.36,245.35,245.36,415141.0
2018-03-16 09:30:00,250.0,250.02,250.0,250.0,487226.0
2018-03-16 09:45:00,249.99,249.99,249.99,249.99,407449.0
2018-03-16 10:00:00,249.99,250.0,249.98,250.0,472835.0
2018-03-16 10:15:00,250.02,250.03,250.02,250.03,491672.0
2018-03-16 10:30:00,250.04,250.05,250.04,250.05,396354.0
2018-03-16 10:45:00,250.08,250.09,250.07,250.07,397816.0
2018-03-16 11:00:00,250.08,250.09,250.08,250.08,343929.0
2018-03-16 11:15:00,250.14,250.15,250.14,250.15,433362.0
2018-03-16 11:30:00,250.14,250.15,250.14,250.14,379069.0
2018-03-16 11:45:00,250.16,250.17,250.16,250.16,341275.0
2018-03-16 12:00:00,250.2,250.21,250.2,250.2,470053.0
2018-03-16 12:15:00,250.16,250.17,250.16,250.16,450388.0
2018-03-16 12:45:00,250.21,250.21,250.21,250.21,366500.0
2018-03-16 13:00:00,250.26,250.26,250.25,250.26,343169.0
2018-03-16 13:30:00,250.29,250.3,250.29,250.3,302313.0
2018-03-16 13:45:00,250.29,250.3,250.29,250.3,306264.0
2018-03-16 14:00:00,250.38,250.39,250.38,250.39,422647.0
2018-03-16 14:30:00,250.39,250.39,250.39,250.39,389968.0
2018-03-16 14:45:00,250.42,250.42,250.41,250.42,369719.0
2018-03-16 15:00:00,250.39,250.4,250.39,250.4,363689.0
2018-03-16 15:15:00,250.46,250.46,250.46,250.46,446046.0
2018-03-16 15:30:00,250.44,250.45,250.43,250.44,463795.0
2018-03-16 15:45:00,250.46,250.47,250.46,250.46,343772.0
2018-03-21 09:30:00,249.4,249.41,249.39,249.41,507916.0
2018-03-21 09:45:00,249.27,249.28,249.27,249.27,309980.0
2018-03-21 10:00:00,249.24,249.24,249.24,249.24,525039.0
2018-03-21 10:15:00,249.25,249.26,249.25,249.26,364715.0
2018-03-21 10:30:00,249.19,249.2,249.19,249.19,436507.0
2018-03-21 10:45:00,249.2,249.21,249.2,249.2,385580.0
2018-03-21 11:00:00,249.0,249.01,249.0,249.01,432366.0
2018-03-21 11:15:00,249.0,249.02,248.99,249.01,444773.0
2018-03-21 11:30:00,249.07,249.08,249.07,249.07,393383.0
2018-03-21 11:45:00,248.97,248.99,248.97,248.97,452393.0
2018-03-21 12:00:00,249.13,249.15,249.13,249.13,519546.0
2018-03-21 12:15:00,249.13,249.15,249.13,249.14,537166.0
2018-03-21 12:30:00,248.95,248.95,248.95,248.95,437497.0
2018-03-21 12:45:00,248.93,248.94,248.93,248.93,377258.0
2018-03-21 13:00:00,248.89,248.9,248.89,248.9,367701.0
2018-03-21 13:15:00,248.77,248.78,248.75,248.77,538815.0
2018-03-21 13:30:00,248.85,248.85,248.85,248.85,368563.0
2018-03-21 13:45:00,248.81,248.81,248.81,248.81,379852.0
2018-03-21 14:00:00,248.81,248.82,248.8,248.81,534887.0
2018-03-21 14:30:00,248.71,248.72,248.71,248.71,339697.0
2018-03-21 14:45:00,248.67,248.67,248.67,248.67,306846.0
2018-03-21 15:00:00,248.65,248.65,248.64,248.64,337163.0
2018-03-21 15:15:00,248.63,248.63,248.63,248.63,332388.0
2018-03-21 15:30:00,248.53,248.55,248.52,248.54,392642.0
2018-03-21 15:45:00,248.61,248.63,248.6,248.62,359694.0
2018-04-03 09:30:00,227.76,227.81,227.75,227.76,656191.0
2018-04-03 09:45:00,227.81,227.82,227.8,227.82,737118.0
2018-04-03 10:00:00,227.65,227.66,227.65,227.66,524782.0
2018-04-03 10:15:00,227.52,227.52,227.52,227.52,481019.0
2018-04-03 10:45:00,227.29,227.34,227.28,227.31,706385.0
2018-04-03 11:00:00,227.21,227.24,227.21,227.22,476192.0
2018-04-03 11:15:00,227.04,227.07,227.03,227.05,788766.0
2018-04-03 11:30:00,227.08,227.12,227.07,227.09,482293.0
2018-04-03 12:00:00,226.81,226.83,226.79,226.82,790220.0
2018-04-03 12:15:00,226.61,226.63,226.59,226.6,808500.0
2018-04-03 12:30:00,226.6,226.6,226.59,226.6,557752.0
2018-04-03 12:45:00,226.33,226.34,226.29,226.33,661457.0
2018-04-03 13:00:00,226.41,226.42,226.4,226.41,780968.0
2018-04-03 13:15:00,226.35,226.35,226.34,226.35,608719.0
2018-04-03 13:30:00,226.26,226.27,226.25,226.26,464460.0
2018-04-03 14:00:00,225.95,226.01,225.93,225.94,532356.0
2018-04-03 14:15:00,225.91,225.94,225.89,225.9,720490.0
2018-04-03 14:30:00,225.83,225.84,225.83,225.83,810699.0
2018-04-03 14:45:00,225.66,225.69,225.64,225.66,771067.0
2018-04-03 15:00:00,225.51,225.52,225.5,225.5,482434.0
2018-04-03 15:15:00,225.56,225.59,225.56,225.57,635677.0
2018-04-03 15:45:00,225.36,225.4,225.36,225.39,574137.0
2018-04-11 09:30:00,227.31,227.32,227.31,227.31,524820.0
2018-04-11 10:00:00,227.2,227.2,227.18,227.19,555722.0
2018-04-11 10:15:00,227.19,227.2,227.19,227.19,345456.0
2018-04-11 10:30:00,227.13,227.14,227.13,227.13,444408.0
2018-04-11 10:45:00,227.08,227.09,227.08,227.08,433806.0
2018-04-11 11:00:00,227.04,227.05,227.04,227.04,424952.0
2018-04-11 11:15:00,226.93,226.95,226.91,226.94,376316.0
2018-04-11 11:30:00,226.98,226.99,226.98,226.98,440280.0
2018-04-11 11:45:00,226.85,226.88,226.85,226.87,541081.0
2018-04-11 12:00:00,226.9,226.91,226.9,226.9,414288.0
2018-04-11 12:15:00,226.84,226.86,226.83,226.85,396929.0
2018-04-11 12:30:00,226.87,226.9,226.87,226.88,469029.0
2018-04-11 12:45:00,226.75,226.76,226.75,226.75,464978.0
2018-04-11 13:00:00,226.71,226.71,226.71,226.71,390180.0
2018-04-11 13:15:00,226.66,226.67,226.66,226.66,369846.0
2018-04-11 13:30:00,226.66,226.67,226.66,226.67,533629.0
2018-04-11 13:45:00,226.6,226.61,226.59,226.6,322425.0
2018-04-11 14:15:00,226.51,226.53,226.5,226.51,409251.0
2018-04-11 14:30:00,226.45,226.45,226.45,226.45,344882.0
2018-04-11 14:45:00,226.4,226.42,226.39,226.4,380626.0
2018-04-11 15:00:00,226.4,226.42,226.39,226.4,440557.0
2018-04-11 15:15:00,226.31,226.32,226.31,226.31,366079.0
2018-04-11 15:30:00,226.28,226.29,226.28,226.28,379267.0
2018-04-11 15:45:00,226.2,226.21,226.2,226.21,320432.0
2018-04-12 09:30:00,229.95,229.96,229.94,229.95,597521.0
2018-04-12 09:45:00,230.18,230.18,230.18,230.18,491346.0
2018-04-12 10:00:00,230.43,230.45,230.42,230.43,473998.0
2018-04-12 10:15:00,230.37,230.39,230.37,230.39,732402.0
2018-04-12 10:30:00,230.79,230.82,230.79,230.82,605929.0
2018-04-12 10:45:00,230.9,230.93,230.9,230.91,537465.0
2018-04-12 11:00:00,231.06,231.09,231.06,231.06,442064.0
2018-04-12 11:30:00,231.52,231.57,231.5,231.54,679725.0
2018-04-12 11:45:00,231.56,231.62,231.56,231.58,646511.0
2018-04-12 12:00:00,231.75,231.79,231.75,231.77,535579.0
2018-04-12 12:15:00,232.01,232.01,232.0,232.01,651983.0
2018-04-12 12:30:00,232.21,232.22,232.19,232.21,632263.0
2018-04-12 12:45:00,232.42,232.44,232.42,232.44,639134.0
2018-04-12 13:00:00,232.5,232.51,232.5,232.5,431510.0
2018-04-12 13:15:00,232.67,232.69,232.67,232.69,680938.0
2018-04-12 13:45:00,233.14,233.15,233.14,233.15,464131.0
2018-04-12 14:00:00,233.38,233.39,233.38,233.39,501523.0
2018-04-12 14:15:00,233.55,233.56,233.54,233.55,670012.0
2018-04-12 15:00:00,234.09,234.11,234.08,234.09,677174.0
2018-04-12 15:15:00,234.27,234.27,234.26,234.27,577555.0
2018-04-12 15:30:00,234.18,234.21,234.18,234.19,581049.0
2018-04-12 15:45:00,234.6,234.6,234.6,234.6,686363.0
2018-04-17 09:30:00,233.56,233.57,233.55,233.56,397390.0
2018-04-17 09:45:00,233.73,233.74,233.73,233.73,444964.0
2018-04-17 10:00:00,233.77,233.79,233.77,233.78,333551.0
2018-04-17 10:30:00,234.24,234.26,234.24,234.24,499837.0
2018-04-17 10:45:00,234.4,234.43,234.39,234.39,493135.0
2018-04-17 11:00:00,234.54,234.56,234.52,234.54,460523.0
2018-04-17 11:15:00,234.67,234.7,234.67,234.68,329946.0
2018-04-17 11:30:00,234.92,234.97,234.92,234.95,550553.0
2018-04-17 11:45:00,235.04,235.07,235.03,235.05,401044.0
2018-04-17 12:00:00,235.22,235.23,235.22,235.22,399521.0
2018-04-17 12:30:00,235.48,235.51,235.47,235.5,323316.0
2018-04-17 12:45:00,235.59,235.63,235.58,235.6,527308.0
2018-04-17 13:00:00,235.82,235.83,235.81,235.82,473831.0
2018-04-17 13:15:00,235.81,235.84,235.79,235.82,405291.0
2018-04-17 13:30:00,236.1,236.11,236.1,236.1,522926.0
2018-04-17 14:00:00,236.42,236.44,236.39,236.43,436134.0
2018-04-17 14:15:00,236.36,236.38,236.36,236.36,365252.0
2018-04-17 14:30:00,236.79,236.83,236.77,236.82,468768.0
2018-04-17 14:45:00,236.87,236.89,236.86,236.89,425724.0
2018-04-17 15:00:00,237.06,237.07,237.06,237.07,532682.0
2018-04-17 15:30:00,237.33,237.36,237.32,237.35,508622.0
2018-04-17 15:45:00,237.72,237.76,237.72,237.73,553506.0
2018-04-25 09:30:00,220.09,220.11,220.08,220.11,599360.0
2018-04-25 09:45:00,219.96,219.98,219.95,219.96,451049.0
2018-04-25 10:00:00,219.68,219.69,219.68,219.69,582491.0
2018-04-25 10:15:00,219.73,219.78,219.7,219.75,552364.0
2018-04-25 10:30:00,219.63,219.66,219.6,219.63,625337.0
2018-04-25 10:45:00,219.18,219.23,219.15,219.21,687976.0
2018-04-25 11:00:00,219.24,219.25,219.24,219.24,644902.0
2018-04-25 11:15:00,219.09,219.12,219.09,219.12,707113.0
2018-04-25 11:30:00,219.21,219.24,219.21,219.22,729148.0
2018-04-25 11:45:00,218.65,218.71,218.64,218.67,700780.0
2018-04-25 12:00:00,218.93,218.99,218.91,218.94,621633.0
2018-04-25 12:30:00,218.3,218.34,218.3,218.32,528514.0
2018-04-25 12:45:00,218.0,218.05,218.0,218.0,602942.0
2018-04-25 13:00:00,218.32,218.38,218.32,218.34,549628.0
2018-04-25 13:15:00,217.99,218.03,217.98,217.99,729427.0
2018-04-25 13:30:00,217.79,217.84,217.79,217.83,620301.0
2018-04-25 13:45:00,217.62,217.64,217.6,217.62,622374.0
2018-04-25 14:00:00,217.82,217.86,217.81,217.86,720221.0
2018-04-25 14:15:00,217.23,217.28,217.2,217.26,509237.0
2018-04-25 14:30:00,217.33,217.35,217.32,217.32,619594.0
2018-04-25 14:45:00,217.21,217.22,217.2,217.22,429136.0
2018-04-25 15:00:00,217.15,217.16,217.14,217.14,491069.0
2018-04-25 15:30:00,216.83,216.84,216.83,216.84,677521.0
2018-04-25 15:45:00,216.5,216.53,216.49,216.53,728181.0
2018-04-26 09:30:00,223.1,223.11,223.09,223.11,352536.0
2018-04-26 09:45:00,223.26,223.27,223.26,223.26,289188.0
2018-04-26 10:00:00,223.45,223.46,223.44,223.46,457253.0
2018-04-26 10:15:00,223.47,223.49,223.47,223.48,411214.0
2018-04-26 10:30:00,223.53,223.53,223.53,223.53,368984.0
2018-04-26 11:15:00,223.84,223.85,223.84,223.85,464427.0
2018-04-26 11:30:00,223.89,223.93,223.88,223.89,276712.0
2018-04-26 11:45:00,223.91,223.92,223.91,223.92,430045.0
2018-04-26 12:00:00,224.1,224.12,224.1,224.1,398497.0
2018-04-26 12:15:00,224.08,224.08,224.08,224.08,258099.0
2018-04-26 12:30:00,224.16,224.16,224.16,224.16,405638.0
2018-04-26 12:45:00,224.24,224.25,224.23,224.23,307742.0
2018-04-26 13:00:00,224.33,224.34,224.33,224.34,415772.0
2018-04-26 13:15:00,224.43,224.43,224.43,224.43,253473.0
2018-04-26 13:30:00,224.49,224.5,224.49,224.49,432872.0
2018-04-26 13:45:00,224.54,224.55,224.54,224.55,303418.0
2018-04-26 14:00:00,224.65,224.65,224.65,224.65,340754.0
2018-04-26 14:15:00,224.79,224.81,224.78,224.79,327696.0
2018-04-26 14:30:00,224.89,224.9,224.88,224.89,435942.0
2018-04-26 14:45:00,224.92,224.93,224.92,224.92,407690.0
2018-04-26 15:00:00,224.97,224.99,224.97,224.98,430375.0
2018-04-26 15:15:00,225.08,225.08,225.07,225.08,285124.0
2018-04-26 15:30:00,225.15,225.17,225.15,225.16,354825.0
2018-04-26 15:45:00,225.21,225.22,225.21,225.22,285920.0
2018-04-27 09:45:00,229.29,229.29,229.27,229.29,419325.0
2018-04-27 10:00:00,229.44,229.46,229.44,229.46,427300.0
2018-04-27 10:30:00,229.04,229.06,229.03,229.05,352582.0
2018-04-27 10:45:00,228.88,228.89,228.88,228.88,281090.0
2018-04-27 11:00:00,228.74,228.76,228.74,228.75,274478.0
2018-04-27 11:15:00,228.55,228.57,228.55,228.55,378723.0
2018-04-27 11:45:00,228.36,228.39,228.35,228.36,458612.0
2018-04-27 12:00:00,228.27,228.29,228.26,228.28,434459.0
2018-04-27 12:30:00,227.84,227.86,227.84,227.86,387268.0
2018-04-27 12:45:00,227.92,227.96,227.91,227.94,292462.0
2018-04-27 13:00:00,227.68,227.69,227.68,227.68,467294.0
2018-04-27 13:15:00,227.58,227.59,227.58,227.58,353382.0
2018-04-27 13:30:00,227.47,227.48,227.47,227.47,465117.0
2018-04-27 13:45:00,227.38,227.4,227.37,227.38,486658.0
2018-04-27 14:00:00,227.24,227.25,227.24,227.24,272384.0
2018-04-27 14:15:00,227.08,227.08,227.08,227.08,369966.0
2018-04-27 14:30:00,227.0,227.01,226.99,226.99,465702.0
2018-04-27 14:45:00,226.85,226.86,226.84,226.85,301953.0
2018-04-27 15:00:00,226.69,226.72,226.69,226.72,449882.0
2018-04-27 15:15:00,226.59,226.61,226.59,226.6,480035.0
2018-04-27 15:30:00,226.48,226.49,226.48,226.49,284129.0
2018-04-27 15:45:00,226.28,226.31,226.27,226.31,359678.0
2018-05-01 09:30:00,224.6,224.61,224.6,224.61,194089.0
2018-05-01 09:45:00,224.6,224.62,224.59,224.6,252972.0
2018-05-01 10:00:00,224.75,224.77,224.74,224.76,176977.0
2018-05-01 10:15:00,224.88,224.88,224.88,224.88,193418.0
2018-05-01 10:30:00,225.03,225.03,225.02,225.03,231334.0
2018-05-01 10:45:00,225.1,225.11,225.08,225.1,198016.0
2018-05-01 11:00:00,225.13,225.16,225.11,225.14,220365.0
2018-05-01 11:15:00,225.31,225.34,225.31,225.33,181417.0
2018-05-01 11:30:00,225.27,225.29,225.27,225.27,259185.0
2018-05-01 11:45:00,225.51,225.52,225.5,225.51,271880.0
2018-05-01 12:00:00,225.57,225.58,225.57,225.57,261315.0
2018-05-01 12:30:00,225.69,225.71,225.68,225.7,235754.0
2018-05-01 12:45:00,225.91,225.93,225.91,225.91,307947.0
2018-05-01 13:15:00,226.09,226.1,226.09,226.09,254274.0
2018-05-01 13:30:00,226.23,226.24,226.22,226.23,239560.0
2018-05-01 13:45:00,226.33,226.35,226.32,226.33,211786.0
2018-05-01 14:00:00,226.41,226.41,226.41,226.41,193770.0
2018-05-01 14:15:00,226.52,226.53,226.52,226.52,270059.0
2018-05-01 14:45:00,226.8,226.82,226.79,226.8,294376.0
2018-05-01 15:00:00,226.85,226.87,226.84,226.85,297949.0
2018-05-01 15:30:00,227.03,227.03,227.03,227.03,187898.0
2018-05-01 15:45:00,227.14,227.14,227.14,227.14,251623.0
2018-05-02 09:45:00,226.97,226.98,226.97,226.97,275635.0
2018-05-02 10:00:00,226.97,226.98,226.96,226.97,310084.0
2018-05-02 10:15:00,226.95,226.96,226.94,226.95,315958.0
2018-05-02 10:30:00,226.94,226.95,226.94,226.94,251608.0
2018-05-02 10:45:00,226.87,226.87,226.87,226.87,302334.0
2018-05-02 11:00:00,226.81,226.82,226.81,226.81,319295.0
2018-05-02 11:15:00,226.77,226.78,226.76,226.78,247434.0
2018-05-02 11:30:00,226.78,226.78,226.78,226.78,315140.0
2018-05-02 11:45:00,226.75,226.77,226.75,226.75,249359.0
2018-05-02 12:00:00,226.75,226.76,226.75,226.76,201063.0
2018-05-02 12:15:00,226.69,226.7,226.69,226.69,260975.0
2018-05-02 12:30:00,226.66,226.66,226.65,226.66,273700.0
2018-05-02 13:00:00,226.54,226.55,226.53,226.53,232015.0
2018-05-02 13:15:00,226.59,226.59,226.59,226.59,219567.0
2018-05-02 13:30:00,226.58,226.59,226.58,226.58,277579.0
2018-05-02 13:45:00,226.48,226.5,226.48,226.49,276600.0
2018-05-02 14:15:00,226.53,226.54,226.52,226.53,289944.0
2018-05-02 14:30:00,226.49,226.5,226.49,226.49,187460.0
2018-05-02 14:45:00,226.39,226.4,226.39,226.39,194537.0
2018-05-02 15:15:00,226.38,226.38,226.38,226.38,333570.0
2018-05-02 15:30:00,226.43,226.44,226.41,226.42,209824.0
2018-05-02 15:45:00,226.33,226.33,226.33,226.33,256306.0
2018-05-03 09:30:00,227.71,227.72,227.71,227.71,389566.0
2018-05-03 09:45:00,227.77,227.79,227.76,227.78,498283.0
2018-05-03 10:00:00,228.09,228.11,228.09,228.09,348738.0
2018-05-03 10:15:00,228.29,228.31,228.27,228.3,441825.0
2018-05-03 10:30:00,228.53,228.55,228.51,228.54,383275.0
2018-05-03 10:45:00,228.63,228.63,228.63,228.63,506752.0
2018-05-03 11:00:00,228.86,228.89,228.85,228.86,495006.0
2018-05-03 11:15:00,229.08,229.12,229.06,229.11,463766.0
2018-05-03 11:30:00,229.41,229.43,229.39,229.43,300224.0
2018-05-03 11:45:00,229.56,229.57,229.55,229.57,487990.0
2018-05-03 12:00:00,229.75,229.76,229.75,229.75,429782.0
2018-05-03 12:15:00,229.94,229.99,229.92,229.94,338357.0
2018-05-03 12:30:00,230.04,230.09,230.03,230.05,451608.0
2018-05-03 12:45:00,230.47,230.5,230.47,230.47,533297.0
2018-05-03 13:30:00,231.23,231.24,231.19,231.24,499666.0
2018-05-03 13:45:00,231.13,231.15,231.13,231.14,442052.0
2018-05-03 14:00:00,231.39,231.4,231.37,231.39,523669.0
2018-05-03 14:15:00,231.67,231.68,231.67,231.67,527614.0
2018-05-03 14:45:00,232.09,232.16,232.08,232.14,386365.0
2018-05-03 15:00:00,232.46,232.48,232.44,232.44,421181.0
2018-05-03 15:15:00,232.53,232.54,232.53,232.53,551176.0
2018-05-03 15:30:00,232.78,232.79,232.78,232.79,344171.0
2018-05-03 15:45:00,233.04,233.06,233.04,233.06,365698.0
2018-05-04 09:30:00,231.66,231.7,231.66,231.67,287282.0
2018-05-04 09:45:00,231.94,231.96,231.93,231.96,284504.0
2018-05-04 10:00:00,232.5,232.51,232.5,232.5,306182.0
2018-05-04 10:15:00,232.76,232.78,232.76,232.77,400356.0
2018-05-04 10:30:00,232.98,232.99,232.98,232.98,348392.0
2018-05-04 10:45:00,233.41,233.46,233.37,233.42,306765.0
2018-05-04 11:00:00,233.53,233.54,233.52,233.54,476717.0
2018-05-04 11:15:00,233.89,233.92,233.86,233.86,466303.0
2018-05-04 11:30:00,233.93,233.96,233.93,233.94,304743.0
2018-05-04 11:45:00,234.39,234.43,234.37,234.41,443570.0
2018-05-04 12:00:00,234.72,234.74,234.7,234.72,291837.0
2018-05-04 12:30:00,235.12,235.15,235.12,235.12,280012.0
2018-05-04 12:45:00,235.67,235.67,235.67,235.67,337464.0
2018-05-04 13:00:00,235.75,235.75,235.74,235.75,307002.0
2018-05-04 13:15:00,236.3,236.32,236.29,236.29,398412.0
2018-05-04 13:30:00,236.48,236.48,236.47,236.48,350047.0
2018-05-04 13:45:00,236.73,236.74,236.73,236.73,373513.0
2018-05-04 14:00:00,236.92,236.96,236.9,236.92,383265.0
2018-05-04 14:15:00,237.32,237.33,237.32,237.33,313966.0
2018-05-04 14:30:00,237.48,237.51,237.48,237.5,351614.0
2018-05-04 14:45:00,238.02,238.05,238.01,238.01,412605.0
2018-05-04 15:00:00,238.15,238.16,238.14,238.14,378438.0
2018-05-04 15:30:00,238.56,238.58,238.54,238.56,311106.0
2018-05-09 09:45:00,251.35,251.37,251.33,251.36,526891.0
2018-05-09 10:00:00,251.53,251.55,251.53,251.54,488698.0
2018-05-09 10:15:00,251.75,251.76,251.75,251.76,468726.0
2018-05-09 10:30:00,251.88,251.89,251.87,251.88,651864.0
2018-05-09 10:45:00,252.09,252.11,252.08,252.1,730423.0
2018-05-09 11:00:00,252.34,252.36,252.34,252.35,727311.0
2018-05-09 11:15:00,252.51,252.52,252.51,252.52,686346.0
2018-05-09 11:30:00,252.7,252.71,252.7,252.7,547316.0
2018-05-09 11:45:00,252.95,252.96,252.94,252.95,739250.0
2018-05-09 12:00:00,253.02,253.05,253.01,253.04,617068.0
2018-05-09 12:45:00,253.51,253.54,253.5,253.51,419868.0
2018-05-09 13:00:00,253.86,253.88,253.85,253.87,528904.0
2018-05-09 13:30:00,254.16,254.16,254.16,254.16,519054.0
2018-05-09 13:45:00,254.3,254.32,254.29,254.31,459878.0
2018-05-09 14:00:00,254.57,254.58,254.57,254.58,520773.0
2018-05-09 14:15:00,254.66,254.67,254.66,254.66,428180.0
2018-05-09 14:30:00,254.91,254.91,254.91,254.91,509479.0
2018-05-09 14:45:00,255.04,255.04,255.04,255.04,725406.0
2018-05-09 15:00:00,255.26,255.29,255.25,255.25,732712.0
2018-05-09 15:15:00,255.34,255.36,255.33,255.35,563159.0
2018-05-09 15:30:00,255.59,255.59,255.58,255.59,718798.0
2018-05-09 15:45:00,255.72,255.76,255.72,255.73,714761.0
2018-05-10 09:30:00,257.91,257.91,257.9,257.91,670103.0
2018-05-10 09:45:00,257.99,258.0,257.99,257.99,879444.0
2018-05-10 10:00:00,258.09,258.1,258.08,258.09,1011930.0
2018-05-10 10:15:00,258.21,258.21,258.21,258.21,861913.0
2018-05-10 10:30:00,258.29,258.31,258.29,258.3,763349.0
2018-05-10 10:45:00,258.33,258.33,258.32,258.33,821057.0
2018-05-10 11:00:00,258.44,258.44,258.43,258.43,851903.0
2018-05-10 11:15:00,258.44,258.47,258.44,258.45,958905.0
2018-05-10 11:30:00,258.61,258.61,258.61,258.61,892467.0
2018-05-10 11:45:00,258.72,258.72,258.72,258.72,1096653.0
2018-05-10 12:00:00,258.82,258.82,258.81,258.82,942022.0
2018-05-10 12:15:00,258.86,258.87,258.86,258.87,1031678.0
2018-05-10 12:30:00,258.95,258.96,258.95,258.96,917498.0
2018-05-10 12:45:00,259.13,259.14,259.12,259.12,995115.0
2018-05-10 13:00:00,259.15,259.15,259.15,259.15,750220.0
2018-05-10 13:15:00,259.26,259.26,259.26,259.26,675378.0
2018-05-10 13:30:00,259.29,259.32,259.29,259.29,1128600.0
2018-05-10 13:45:00,259.43,259.43,259.43,259.43,738472.0
2018-05-10 14:00:00,259.5,259.51,259.5,259.5,908632.0
2018-05-10 14:15:00,259.61,259.61,259.6,259.61,1080218.0
2018-05-10 14:30:00,259.69,259.69,259.69,259.69,702884.0
2018-05-10 14:45:00,259.75,259.75,259.75,259.75,820085.0
2018-05-10 15:00:00,259.91,259.93,259.91,259.92,810061.0
2018-05-10 15:15:00,259.95,259.96,259.95,259.95,1112584.0
2018-05-10 15:30:00,260.05,260.05,260.04,260.05,954488.0
2018-05-10 15:45:00,260.23,260.24,260.22,260.23,814304.0
2018-05-14 09:30:00,256.04,256.04,256.04,256.04,426687.0
2018-05-14 09:45:00,256.01,256.01,256.01,256.01,440250.0
2018-05-14 10:15:00,255.82,255.83,255.81,255.82,425982.0
2018-05-14 10:45:00,255.92,255.92,255.92,255.92,396653.0
2018-05-14 11:00:00,255.8,255.83,255.8,255.82,425366.0
2018-05-14 11:15:00,255.78,255.8,255.78,255.78,377706.0
2018-05-14 11:30:00,255.81,255.81,255.81,255.81,564745.0
2018-05-14 11:45:00,255.77,255.77,255.77,255.77,370882.0
2018-05-14 12:00:00,255.79,255.8,255.79,255.79,443370.0
2018-05-14 12:15:00,255.78,255.79,255.78,255.79,359697.0
2018-05-14 12:30:00,255.72,255.74,255.7,255.71,476772.0
2018-05-14 12:45:00,255.71,255.71,255.71,255.71,530887.0
2018-05-14 13:00:00,255.66,255.66,255.66,255.66,558418.0
2018-05-14 13:15:00,255.66,255.67,255.66,255.66,605024.0
2018-05-14 13:30:00,255.58,255.6,255.58,255.59,641079.0
2018-05-14 13:45:00,255.59,255.59,255.59,255.59,653777.0
2018-05-14 14:00:00,255.54,255.55,255.54,255.54,474427.0
2018-05-14 14:15:00,255.54,255.55,255.54,255.54,404081.0
2018-05-14 15:00:00,255.44,255.46,255.44,255.45,550985.0
2018-05-14 15:15:00,255.4,255.42,255.39,255.42,555955.0
2018-05-14 15:30:00,255.4,255.4,255.4,255.4,613576.0
2018-05-14 15:45:00,255.38,255.39,255.37,255.38,513114.0
2018-05-16 09:30:00,244.07,244.09,244.07,244.08,677491.0
2018-05-16 09:45:00,244.09,244.09,244.09,244.09,569683.0
2018-05-16 10:00:00,244.1,244.11,244.09,244.11,427512.0
2018-05-16 10:15:00,244.24,244.25,244.23,244.23,399465.0
2018-05-16 10:30:00,244.42,244.43,244.41,244.42,466056.0
2018-05-16 11:00:00,244.47,244.48,244.46,244.46,416672.0
2018-05-16 11:15:00,244.52,244.54,244.52,244.53,647933.0
2018-05-16 11:30:00,244.68,244.69,244.66,244.68,685527.0
2018-05-16 11:45:00,244.74,244.77,244.73,244.73,561308.0
2018-05-16 12:00:00,244.72,244.74,244.72,244.72,404878.0
2018-05-16 12:15:00,244.88,244.89,244.87,244.88,589104.0
2018-05-16 12:45:00,245.07,245.1,245.07,245.08,591795.0
2018-05-16 13:00:00,245.13,245.15,245.13,245.14,498026.0
2018-05-16 13:15:00,245.27,245.28,245.27,245.28,480547.0
2018-05-16 13:30:00,245.33,245.34,245.32,245.33,450661.0
2018-05-16 13:45:00,245.29,245.31,245.29,245.29,379596.0
2018-05-16 14:00:00,245.48,245.5,245.48,245.49,434542.0
2018-05-16 14:15:00,245.4,245.41,245.38,245.4,541143.0
2018-05-16 14:30:00,245.58,245.6,245.58,245.59,564564.0
2018-05-16 14:45:00,245.69,245.7,245.66,245.69,509161.0
2018-05-16 15:00:00,245.82,245.83,245.82,245.82,659449.0
2018-05-16 15:15:00,245.84,245.88,245.84,245.86,644306.0
2018-05-16 15:45:00,246.13,246.16,246.13,246.15,506738.0
2018-05-22 09:30:00,244.93,244.95,244.91,244.92,579385.0
2018-05-22 09:45:00,244.66,244.67,244.66,244.66,395803.0
2018-05-22 10:00:00,244.6,244.6,244.6,244.6,643288.0
2018-05-22 10:15:00,244.54,244.56,244.54,244.55,349495.0
2018-05-22 10:30:00,244.35,244.38,244.34,244.36,426464.0
2018-05-22 10:45:00,244.34,244.36,244.34,244.35,545565.0
2018-05-22 11:00:00,244.37,244.39,244.36,244.36,535974.0
2018-05-22 11:15:00,244.22,244.24,244.2,244.22,512786.0
2018-05-22 11:30:00,244.1,244.12,244.09,244.1,349006.0
2018-05-22 11:45:00,244.04,244.06,244.02,244.04,387106.0
2018-05-22 12:00:00,244.01,244.04,244.01,244.01,462880.0
2018-05-22 12:15:00,243.85,243.86,243.85,243.85,589844.0
2018-05-22 12:30:00,243.76,243.78,243.75,243.77,531845.0
2018-05-22 12:45:00,243.69,243.7,243.68,243.7,447627.0
2018-05-22 13:00:00,243.64,243.66,243.64,243.66,396620.0
2018-05-22 13:15:00,243.49,243.51,243.48,243.49,502083.0
2018-05-22 13:30:00,243.44,243.44,243.43,243.44,642744.0
2018-05-22 14:15:00,243.2,243.21,243.2,243.2,370297.0
2018-05-22 15:00:00,243.0,243.01,242.99,243.0,642373.0
2018-05-22 15:15:00,242.87,242.87,242.86,242.87,417116.0
2018-05-22 15:30:00,242.65,242.68,242.65,242.66,530031.0
2018-05-22 15:45:00,242.69,242.69,242.68,242.69,513036.0
2018-05-25 09:30:00,248.2,248.2,248.2,248.2,331310.0
2018-05-25 09:45:00,248.21,248.22,248.2,248.21,261413.0
2018-05-25 10:00:00,248.32,248.33,248.32,248.32,320839.0
2018-05-25 10:15:00,248.38,248.39,248.38,248.39,274591.0
2018-05-25 10:30:00,248.35,248.36,248.35,248.35,296667.0
2018-05-25 10:45:00,248.41,248.41,248.41,248.41,280141.0
2018-05-25 11:00:00,248.47,248.48,248.46,248.47,278476.0
2018-05-25 11:15:00,248.52,248.52,248.51,248.52,357123.0
2018-05-25 11:45:00,248.61,248.61,248.61,248.61,274281.0
2018-05-25 12:00:00,248.63,248.64,248.62,248.63,327847.0
2018-05-25 12:15:00,248.71,248.71,248.71,248.71,227465.0
2018-05-25 12:30:00,248.72,248.72,248.72,248.72,255514.0
2018-05-25 12:45:00,248.73,248.74,248.73,248.74,208863.0
2018-05-25 13:00:00,248.89,248.91,248.89,248.89,345660.0
2018-05-25 13:15:00,248.89,248.89,248.89,248.89,320944.0
2018-05-25 13:45:00,248.9,248.91,248.9,248.9,221796.0
2018-05-25 14:00:00,248.98,248.98,248.98,248.98,319883.0
2018-05-25 14:15:00,248.96,248.97,248.96,248.97,267488.0
2018-05-25 14:30:00,248.92,248.93,248.91,248.92,289662.0
2018-05-25 14:45:00,249.06,249.07,249.05,249.06,349313.0
2018-05-25 15:00:00,249.15,249.16,249.15,249.16,275304.0
2018-05-25 15:15:00,249.12,249.14,249.12,249.13,221765.0
2018-05-25 15:30:00,249.26,249.26,249.26,249.26,280921.0
2018-05-25 15:45:00,249.22,249.24,249.22,249.24,209942.0
2018-05-29 09:30:00,248.47,248.48,248.47,248.47,375899.0
2018-05-29 09:45:00,248.48,248.5,248.48,248.49,374210.0
2018-05-29 10:00:00,248.53,248.53,248.53,248.53,396288.0
2018-05-29 10:15:00,248.57,248.58,248.57,248.58,340511.0
2018-05-29 10:30:00,248.57,248.6,248.57,248.57,410921.0
2018-05-29 10:45:00,248.58,248.6,248.58,248.59,305378.0
2018-05-29 11:00:00,248.63,248.65,248.62,248.64,267487.0
2018-05-29 11:15:00,248.55,248.57,248.55,248.55,249266.0
2018-05-29 11:30:00,248.47,248.49,248.47,248.49,306285.0
2018-05-29 12:00:00,248.61,248.62,248.61,248.61,406806.0
2018-05-29 12:30:00,248.65,248.68,248.65,248.66,330276.0
2018-05-29 12:45:00,248.54,248.55,248.54,248.55,250247.0
2018-05-29 13:15:00,248.58,248.6,248.58,248.58,362599.0
2018-05-29 13:30:00,248.63,248.65,248.62,248.65,309981.0
2018-05-29 13:45:00,248.58,248.58,248.57,248.57,334991.0
2018-05-29 14:00:00,248.62,248.63,248.61,248.62,268624.0
2018-05-29 14:15:00,248.61,248.61,248.61,248.61,431590.0
2018-05-29 14:30:00,248.53,248.55,248.52,248.54,277505.0
2018-05-29 14:45:00,248.63,248.65,248.63,248.64,326855.0
2018-05-29 15:00:00,248.56,248.57,248.56,248.57,258833.0
2018-05-29 15:15:00,248.56,248.57,248.56,248.56,367538.0
2018-05-29 15:30:00,248.63,248.64,248.63,248.64,432141.0
2018-05-29 15:45:00,248.57,248.6,248.55,248.58,325656.0
2018-05-30 09:30:00,249.96,249.97,249.96,249.96,306958.0
2018-05-30 09:45:00,250.1,250.11,250.1,250.11,464012.0
2018-05-30 10:00:00,250.16,250.17,250.16,250.16,397038.0
2018-05-30 10:15:00,250.36,250.37,250.36,250.36,278886.0
2018-05-30 10:30:00,250.43,250.44,250.43,250.43,486218.0
2018-05-30 10:45:00,250.64,250.66,250.64,250.66,321112.0
2018-05-30 11:00:00,250.63,250.64,250.62,250.63,342953.0
2018-05-30 11:15:00,250.78,250.79,250.78,250.79,392012.0
2018-05-30 11:30:00,250.91,250.92,250.91,250.92,429479.0
2018-05-30 11:45:00,251.02,251.03,251.02,251.03,460869.0
2018-05-30 12:00:00,251.27,251.28,251.27,251.27,288428.0
2018-05-30 12:15:00,251.34,251.35,251.34,251.35,460699.0
2018-05-30 12:30:00,251.6,251.63,251.6,251.61,440571.0
2018-05-30 12:45:00,251.5,251.52,251.5,251.52,334830.0
2018-05-30 13:15:00,251.74,251.76,251.74,251.76,446199.0
2018-05-30 13:30:00,251.85,251.86,251.85,251.86,372680.0
2018-05-30 13:45:00,252.03,252.06,252.03,252.03,475444.0
2018-05-30 14:00:00,252.1,252.11,252.1,252.11,272020.0
2018-05-30 14:15:00,252.23,252.25,252.22,252.23,265421.0
2018-05-30 14:30:00,252.41,252.42,252.4,252.41,352533.0
2018-05-30 14:45:00,252.5,252.51,252.5,252.5,355490.0
2018-05-30 15:00:00,252.64,252.64,252.64,252.64,425907.0
2018-05-30 15:15:00,252.75,252.76,252.74,252.75,397704.0
2018-05-30 15:30:00,252.86,252.87,252.86,252.87,350296.0
2018-05-30 15:45:00,252.98,252.98,252.98,252.98,418890.0
2018-05-31 09:30:00,251.75,251.76,251.74,251.75,389501.0
2018-05-31 09:45:00,251.85,251.87,251.84,251.85,456626.0
2018-05-31 10:00:00,251.7,251.71,251.7,251.7,592904.0
2018-05-31 10:15:00,251.78,251.79,251.78,251.79,405313.0
2018-05-31 10:30:00,251.85,251.87,251.84,251.85,475262.0
2018-05-31 10:45:00,251.82,251.83,251.81,251.82,479380.0
2018-05-31 11:00:00,251.71,251.73,251.71,251.73,394531.0
2018-05-31 11:15:00,251.9,251.91,251.9,251.91,471400.0
2018-05-31 11:30:00,251.82,251.82,251.81,251.81,443869.0
2018-05-31 11:45:00,251.77,251.8,251.76,251.78,596005.0
2018-05-31 12:00:00,251.9,251.91,251.89,251.91,341202.0
2018-05-31 12:15:00,251.9,251.91,251.9,251.9,402571.0
2018-05-31 12:45:00,251.93,251.93,251.93,251.93,448871.0
2018-05-31 13:00:00,252.0,252.0,252.0,252.0,579492.0
2018-05-31 13:15:00,251.96,251.97,251.96,251.96,391144.0
2018-05-31 13:30:00,251.98,251.99,251.98,251.99,573231.0
2018-05-31 13:45:00,252.01,252.02,252.0,252.0,437820.0
2018-05-31 14:00:00,252.03,252.04,252.03,252.03,557928.0
2018-05-31 14:15:00,252.11,252.13,252.11,252.12,351206.0
2018-05-31 15:00:00,252.07,252.08,252.07,252.08,590473.0
2018-05-31 15:15:00,252.15,252.15,252.15,252.15,568346.0
2018-05-31 15:30:00,252.16,252.16,252.15,252.16,414989.0
2018-05-31 15:45:00,252.16,252.18,252.16,252.18,346264.0
2018-06-01 09:30:00,254.04,254.07,254.04,254.05,344506.0
2018-06-01 09:45:00,254.16,254.16,254.16,254.16,334307.0
2018-06-01 10:00:00,254.27,254.27,254.27,254.27,351631.0
2018-06-01 10:30:00,254.58,254.59,254.58,254.58,440272.0
2018-06-01 10:45:00,254.7,254.71,254.68,254.7,388751.0
2018-06-01 11:00:00,255.11,255.12,255.09,255.11,321549.0
2018-06-01 11:15:00,255.01,255.02,255.01,255.01,482407.0
2018-06-01 11:30:00,255.26,255.27,255.26,255.26,488177.0
2018-06-01 11:45:00,255.28,255.29,255.27,255.28,439324.0
2018-06-01 12:00:00,255.42,255.43,255.42,255.43,476153.0
2018-06-01 12:30:00,255.8,255.82,255.78,255.81,374392.0
2018-06-01 12:45:00,255.88,255.9,255.88,255.88,348123.0
2018-06-01 13:00:00,256.03,256.06,256.02,256.03,302421.0
2018-06-01 13:15:00,256.21,256.23,256.21,256.23,323617.0
2018-06-01 13:30:00,256.31,256.32,256.31,256.31,327949.0
2018-06-01 13:45:00,256.47,256.48,256.46,256.47,359359.0
2018-06-01 14:00:00,256.69,256.71,256.69,256.69,414575.0
2018-06-01 14:15:00,256.77,256.78,256.76,256.77,520758.0
2018-06-01 14:45:00,257.07,257.07,257.07,257.07,381335.0
2018-06-01 15:00:00,257.2,257.21,257.2,257.21,444170.0
2018-06-01 15:15:00,257.3,257.31,257.3,257.31,464651.0
2018-06-01 15:30:00,257.39,257.4,257.38,257.39,316274.0
2018-06-01 15:45:00,257.6,257.61,257.6,257.6,479932.0
2018-06-05 09:30:00,264.98,264.98,264.98,264.98,338539.0
2018-06-05 09:45:00,265.01,265.02,265.01,265.02,444341.0
2018-06-05 10:00:00,264.96,264.97,264.96,264.97,393511.0
2018-06-05 10:15:00,265.0,265.0,265.0,265.0,307039.0
2018-06-05 10:30:00,265.01,265.02,265.01,265.01,460311.0
2018-06-05 10:45:00,265.04,265.05,265.04,265.04,277462.0
2018-06-05 11:00:00,265.07,265.08,265.07,265.08,367104.0
2018-06-05 11:15:00,265.01,265.01,265.01,265.01,432512.0
2018-06-05 11:30:00,265.11,265.13,265.11,265.11,486212.0
2018-06-05 11:45:00,265.01,265.02,265.01,265.01,341463.0
2018-06-05 12:00:00,264.95,264.95,264.95,264.95,328575.0
2018-06-05 12:15:00,265.02,265.02,265.02,265.02,294866.0
2018-06-05 12:30:00,264.99,265.01,264.99,265.0,377866.0
2018-06-05 12:45:00,265.1,265.11,265.1,265.11,473465.0
2018-06-05 13:00:00,265.04,265.05,265.04,265.05,429552.0
2018-06-05 13:15:00,264.96,264.98,264.96,264.96,391431.0
2018-06-05 13:30:00,264.99,265.0,264.99,265.0,371148.0
2018-06-05 13:45:00,265.03,265.04,265.02,265.03,338415.0
2018-06-05 14:00:00,264.96,264.97,264.96,264.96,332637.0
2018-06-05 14:15:00,265.08,265.08,265.07,265.07,431792.0
2018-06-05 14:30:00,265.09,265.11,265.08,265.1,415286.0
2018-06-05 14:45:00,265.01,265.03,265.01,265.01,350258.0
2018-06-05 15:15:00,265.12,265.13,265.11,265.13,326413.0
2018-06-05 15:30:00,265.03,265.04,265.03,265.03,433425.0
2018-06-05 15:45:00,265.05,265.08,265.05,265.07,392060.0
2018-06-06 09:30:00,261.58,261.6,261.58,261.58,396464.0
2018-06-06 09:45:00,261.56,261.57,261.56,261.56,381633.0
2018-06-06 10:00:00,261.63,261.64,261.62,261.63,462711.0
2018-06-06 10:15:00,261.89,261.9,261.89,261.89,274085.0
2018-06-06 10:30:00,262.01,262.02,262.0,262.0,344290.0
2018-06-06 10:45:00,262.12,262.13,262.11,262.13,371654.0
2018-06-06 11:00:00,262.29,262.3,262.29,262.3,368029.0
2018-06-06 11:15:00,262.45,262.46,262.45,262.46,418858.0
2018-06-06 11:30:00,262.63,262.64,262.63,262.63,288743.0
2018-06-06 11:45:00,262.8,262.82,262.8,262.81,315496.0
2018-06-06 12:00:00,262.95,262.96,262.95,262.96,411474.0
2018-06-06 12:15:00,263.03,263.06,263.03,263.04,281318.0
2018-06-06 12:30:00,263.23,263.23,263.22,263.23,257580.0
2018-06-06 12:45:00,263.32,263.33,263.3,263.32,327521.0
2018-06-06 13:00:00,263.55,263.56,263.55,263.56,372806.0
2018-06-06 13:15:00,263.63,263.64,263.63,263.63,430456.0
2018-06-06 13:30:00,263.85,263.87,263.85,263.85,317901.0
2018-06-06 13:45:00,263.94,263.95,263.94,263.95,393158.0
2018-06-06 14:00:00,264.18,264.19,264.18,264.18,461163.0
2018-06-06 14:15:00,264.26,264.27,264.26,264.26,441412.0
2018-06-06 14:30:00,264.38,264.39,264.38,264.39,306381.0
2018-06-06 14:45:00,264.63,264.64,264.62,264.62,379884.0
2018-06-06 15:00:00,264.7,264.7,264.7,264.7,426786.0
2018-06-06 15:15:00,264.84,264.84,264.84,264.84,259305.0
2018-06-06 15:30:00,264.89,264.91,264.88,264.9,425912.0
2018-06-06 15:45:00,265.16,265.17,265.15,265.16,321687.0
2018-06-07 09:30:00,264.99,265.0,264.98,264.99,341553.0
2018-06-07 09:45:00,264.91,264.91,264.91,264.91,341520.0
2018-06-07 10:00:00,264.81,264.85,264.81,264.84,363594.0
2018-06-07 10:15:00,264.77,264.78,264.77,264.78,264597.0
2018-06-07 10:30:00,264.64,264.65,264.63,264.64,330613.0
2018-06-07 10:45:00,264.57,264.58,264.57,264.58,356476.0
2018-06-07 11:15:00,264.35,264.38,264.34,264.37,416878.0
2018-06-07 11:30:00,264.32,264.33,264.32,264.32,439372.0
2018-06-07 11:45:00,264.26,264.27,264.25,264.27,417020.0
2018-06-07 12:00:00,264.15,264.18,264.13,264.15,331031.0
2018-06-07 12:15:00,263.98,263.99,263.98,263.98,354857.0
2018-06-07 12:30:00,264.06,264.08,264.05,264.07,436229.0
2018-06-07 12:45:00,263.89,263.91,263.87,263.89,282579.0
2018-06-07 13:15:00,263.78,263.79,263.78,263.78,433562.0
2018-06-07 13:30:00,263.53,263.54,263.53,263.53,251357.0
2018-06-07 13:45:00,263.4,263.42,263.39,263.39,452473.0
2018-06-07 14:00:00,263.46,263.47,263.46,263.46,436518.0
2018-06-07 14:15:00,263.48,263.51,263.46,263.47,382648.0
2018-06-07 14:30:00,263.29,263.29,263.29,263.29,363458.0
2018-06-07 14:45:00,263.36,263.37,263.36,263.37,273794.0
2018-06-07 15:00:00,263.15,263.16,263.14,263.15,334768.0
2018-06-07 15:30:00,262.95,262.97,262.95,262.95,358292.0
2018-06-07 15:45:00,262.94,262.96,262.93,262.96,280776.0
2018-06-08 09:30:00,259.8,259.82,259.8,259.81,388078.0
2018-06-08 09:45:00,260.03,260.06,260.03,260.05,303786.0
2018-06-08 10:00:00,260.07,260.08,260.07,260.08,354509.0
2018-06-08 10:15:00,260.3,260.31,260.3,260.3,282556.0
2018-06-08 10:30:00,260.31,260.32,260.31,260.31,427289.0
2018-06-08 11:00:00,260.5,260.51,260.5,260.5,438142.0
2018-06-08 11:15:00,260.68,260.69,260.67,260.67,250762.0
2018-06-08 11:45:00,260.89,260.9,260.89,260.89,391338.0
2018-06-08 12:00:00,260.84,260.86,260.84,260.85,351834.0
2018-06-08 12:15:00,260.97,260.99,260.96,260.97,253170.0
2018-06-08 12:30:00,261.04,261.05,261.04,261.04,284016.0
2018-06-08 12:45:00,261.18,261.18,261.18,261.18,298386.0
2018-06-08 13:00:00,261.25,261.26,261.25,261.26,277786.0
2018-06-08 13:15:00,261.37,261.37,261.37,261.37,406068.0
2018-06-08 13:30:00,261.42,261.42,261.41,261.42,440749.0
2018-06-08 13:45:00,261.49,261.5,261.48,261.49,277936.0
2018-06-08 14:00:00,261.57,261.57,261.56,261.57,431575.0
2018-06-08 14:30:00,261.75,261.76,261.74,261.74,285919.0
2018-06-08 14:45:00,261.92,261.93,261.92,261.92,313767.0
2018-06-08 15:00:00,262.02,262.04,262.01,262.03,248827.0
2018-06-08 15:15:00,261.96,261.99,261.94,261.97,270400.0
2018-06-08 15:30:00,262.12,262.13,262.12,262.13,422027.0
2018-06-12 09:30:00,261.58,261.6,261.58,261.59,241129.0
2018-06-12 09:45:00,261.73,261.74,261.73,261.74,291645.0
2018-06-12 10:00:00,261.69,261.7,261.69,261.69,395760.0
2018-06-12 10:15:00,261.82,261.83,261.81,261.82,265394.0
2018-06-12 10:30:00,261.73,261.74,261.73,261.74,364399.0
2018-06-12 10:45:00,261.83,261.84,261.83,261.83,261995.0
2018-06-12 11:15:00,261.96,261.97,261.96,261.96,383033.0
2018-06-12 11:30:00,262.01,262.03,262.01,262.02,358789.0
2018-06-12 11:45:00,261.93,261.94,261.92,261.93,332895.0
2018-06-12 12:00:00,262.03,262.03,262.03,262.03,256459.0
2018-06-12 12:15:00,262.08,262.09,262.08,262.08,374638.0
2018-06-12 12:30:00,262.13,262.14,262.13,262.14,355248.0
2018-06-12 12:45:00,262.18,262.18,262.18,262.18,231221.0
2018-06-12 13:00:00,262.21,262.22,262.21,262.21,259361.0
2018-06-12 13:15:00,262.17,262.17,262.16,262.17,367386.0
2018-06-12 13:30:00,262.22,262.24,262.22,262.23,376245.0
2018-06-12 13:45:00,262.28,262.29,262.28,262.29,248966.0
2018-06-12 14:00:00,262.35,262.37,262.35,262.36,282412.0
2018-06-12 14:15:00,262.34,262.34,262.33,262.33,274265.0
2018-06-12 14:30:00,262.33,262.34,262.33,262.34,307120.0
2018-06-12 14:45:00,262.37,262.38,262.36,262.36,382003.0
2018-06-12 15:00:00,262.47,262.48,262.47,262.47,390217.0
2018-06-12 15:45:00,262.57,262.58,262.57,262.57,218748.0
2018-06-13 09:30:00,262.5,262.52,262.5,262.5,302407.0
2018-06-13 09:45:00,262.67,262.68,262.66,262.67,330583.0
2018-06-13 10:00:00,262.64,262.64,262.64,262.64,367882.0
2018-06-13 10:15:00,262.65,262.66,262.64,262.64,234692.0
2018-06-13 10:30:00,262.71,262.72,262.7,262.72,253493.0
2018-06-13 11:00:00,262.54,262.55,262.53,262.55,322615.0
2018-06-13 11:15:00,262.58,262.59,262.58,262.58,415670.0
2018-06-13 11:30:00,262.59,262.6,262.59,262.59,243325.0
2018-06-13 11:45:00,262.46,262.48,262.45,262.46,380827.0
2018-06-13 12:00:00,262.55,262.55,262.55,262.55,374957.0
2018-06-13 12:15:00,262.53,262.53,262.53,262.53,403288.0
2018-06-13 12:30:00,262.64,262.65,262.63,262.63,404219.0
2018-06-13 13:00:00,262.44,262.45,262.44,262.44,344427.0
2018-06-13 13:15:00,262.48,262.49,262.48,262.49,326594.0
2018-06-13 13:30:00,262.37,262.4,262.37,262.39,250923.0
2018-06-13 13:45:00,262.49,262.5,262.49,262.49,232417.0
2018-06-13 14:00:00,262.51,262.53,262.51,262.52,281023.0
2018-06-13 14:15:00,262.44,262.44,262.42,262.44,354557.0
2018-06-13 14:30:00,262.47,262.48,262.47,262.48,411973.0
2018-06-13 14:45:00,262.44,262.45,262.43,262.44,412014.0
2018-06-13 15:00:00,262.42,262.45,262.42,262.43,300183.0
2018-06-13 15:15:00,262.44,262.45,262.44,262.45,267151.0
2018-06-13 15:30:00,262.42,262.43,262.42,262.43,374738.0
2018-06-13 15:45:00,262.39,262.39,262.39,262.39,394560.0
2018-06-14 09:30:00,264.23,264.26,264.2,264.22,505293.0
2018-06-14 09:45:00,264.4,264.41,264.4,264.4,484704.0
2018-06-14 10:00:00,264.42,264.43,264.41,264.42,377333.0
2018-06-14 10:15:00,264.64,264.65,264.61,264.63,297806.0
2018-06-14 10:30:00,264.69,264.72,264.67,264.7,406390.0
2018-06-14 11:15:00,265.01,265.03,265.01,265.02,481491.0
2018-06-14 11:30:00,265.04,265.04,265.04,265.04,454192.0
2018-06-14 11:45:00,265.2,265.21,265.2,265.21,367955.0
2018-06-14 12:00:00,265.29,265.3,265.29,265.29,409169.0
2018-06-14 12:15:00,265.44,265.44,265.43,265.44,355802.0
2018-06-14 12:30:00,265.48,265.48,265.48,265.48,525627.0
2018-06-14 12:45:00,265.59,265.61,265.59,265.6,338185.0
2018-06-14 13:00:00,265.8,265.81,265.8,265.81,378077.0
2018-06-14 13:45:00,266.07,266.08,266.06,266.07,318672.0
2018-06-14 14:00:00,266.07,266.11,266.05,266.07,395948.0
2018-06-14 14:15:00,266.26,266.27,266.25,266.26,427086.0
2018-06-14 14:30:00,266.38,266.42,266.38,266.39,487670.0
2018-06-14 14:45:00,266.54,266.54,266.52,266.54,462358.0
2018-06-14 15:00:00,266.65,266.66,266.65,266.66,525565.0
2018-06-14 15:15:00,266.65,266.67,266.65,266.66,446803.0
2018-06-14 15:30:00,266.81,266.83,266.81,266.81,440732.0
2018-06-14 15:45:00,266.93,266.96,266.92,266.93,330885.0
2018-06-20 09:30:00,261.84,261.84,261.84,261.84,286753.0
2018-06-20 09:45:00,261.85,261.85,261.85,261.85,441604.0
2018-06-20 10:00:00,261.93,261.95,261.93,261.95,271041.0
2018-06-20 10:15:00,261.85,261.87,261.84,261.85,442980.0
2018-06-20 10:30:00,261.75,261.77,261.73,261.75,369554.0
2018-06-20 10:45:00,261.95,261.96,261.94,261.94,298818.0
2018-06-20 11:00:00,262.05,262.06,262.03,262.05,410177.0
2018-06-20 11:30:00,261.96,261.97,261.96,261.97,355818.0
2018-06-20 11:45:00,262.0,262.01,262.0,262.0,298705.0
2018-06-20 12:15:00,262.03,262.05,262.03,262.03,452560.0
2018-06-20 12:45:00,262.18,262.19,262.18,262.18,360072.0
2018-06-20 13:00:00,262.07,262.09,262.07,262.07,307226.0
2018-06-20 13:15:00,262.21,262.24,262.21,262.22,320693.0
2018-06-20 13:30:00,262.15,262.17,262.14,262.17,342791.0
2018-06-20 13:45:00,262.12,262.13,262.12,262.12,378147.0
2018-06-20 14:00:00,262.16,262.16,262.16,262.16,421169.0
2018-06-20 14:15:00,262.21,262.21,262.2,262.2,288735.0
2018-06-20 14:30:00,262.16,262.18,262.15,262.17,400200.0
2018-06-20 14:45:00,262.14,262.16,262.13,262.14,304946.0
2018-06-20 15:00:00,262.25,262.25,262.24,262.25,261472.0
2018-06-20 15:15:00,262.3,262.3,262.3,262.3,383639.0
2018-06-20 15:30:00,262.27,262.3,262.27,262.28,364281.0
2018-06-27 09:30:00,243.66,243.67,243.65,243.66,390026.0
2018-06-27 09:45:00,243.6,243.68,243.56,243.62,318969.0
2018-06-27 10:15:00,242.82,242.84,242.81,242.82,417045.0
2018-06-27 10:30:00,242.41,242.41,242.4,242.41,379251.0
2018-06-27 10:45:00,242.4,242.41,242.39,242.39,420112.0
2018-06-27 11:00:00,242.02,242.04,242.0,242.02,340738.0
2018-06-27 11:15:00,241.4,241.42,241.39,241.4,456195.0
2018-06-27 11:45:00,240.87,240.92,240.84,240.86,517766.0
2018-06-27 12:00:00,240.34,240.39,240.31,240.38,553744.0
2018-06-27 12:15:00,240.45,240.49,240.41,240.46,519070.0
2018-06-27 12:30:00,239.79,239.79,239.77,239.79,526878.0
2018-06-27 12:45:00,239.56,239.58,239.55,239.56,437759.0
2018-06-27 13:00:00,239.06,239.07,239.06,239.06,390337.0
2018-06-27 13:15:00,238.84,238.87,238.83,238.87,500959.0
2018-06-27 13:30:00,238.71,238.77,238.66,238.71,324782.0
2018-06-27 13:45:00,238.43,238.45,238.43,238.44,496770.0
2018-06-27 14:15:00,237.64,237.65,237.64,237.65,548142.0
2018-06-27 14:30:00,237.36,237.37,237.36,237.37,523322.0
2018-06-27 14:45:00,236.91,236.93,236.9,236.92,306691.0
2018-06-27 15:15:00,236.02,236.04,236.01,236.03,385714.0
2018-06-27 15:30:00,236.08,236.08,236.07,236.07,462219.0
2018-06-27 15:45:00,235.5,235.5,235.5,235.5,451101.0
2018-07-03 09:45:00,243.31,243.32,243.3,243.31,245087.0
2018-07-03 10:00:00,243.08,243.08,243.08,243.08,201402.0
2018-07-03 10:15:00,242.86,242.88,242.86,242.86,221995.0
2018-07-03 10:30:00,242.47,242.52,242.47,242.48,154488.0
2018-07-03 11:00:00,242.03,242.03,242.03,242.03,181147.0
2018-07-03 11:15:00,241.72,241.72,241.72,241.72,250212.0
2018-07-03 11:30:00,241.37,241.42,241.36,241.41,261160.0
2018-07-03 12:00:00,240.87,240.89,240.86,240.86,224805.0
2018-07-03 12:15:00,240.74,240.75,240.73,240.74,192461.0
2018-07-03 12:30:00,240.33,240.33,240.32,240.33,222110.0
2018-07-03 12:45:00,240.15,240.17,240.15,240.15,153150.0
2018-07-03 13:00:00,239.8,239.81,239.8,239.8,151930.0
2018-07-03 13:15:00,239.77,239.82,239.76,239.77,214535.0
2018-07-03 13:30:00,239.36,239.37,239.36,239.36,196971.0
2018-07-03 14:00:00,238.76,238.79,238.75,238.77,195551.0
2018-07-03 14:15:00,238.48,238.49,238.47,238.48,183506.0
2018-07-03 14:30:00,238.1,238.12,238.1,238.1,272115.0
2018-07-03 14:45:00,237.8,237.83,237.79,237.81,243616.0
2018-07-03 15:00:00,237.46,237.5,237.44,237.47,233661.0
2018-07-03 15:15:00,237.38,237.39,237.37,237.38,216986.0
2018-07-03 15:30:00,237.17,237.2,237.15,237.17,178475.0
2018-07-03 15:45:00,236.72,236.76,236.71,236.75,160008.0
2018-07-11 09:45:00,249.35,249.37,249.34,249.37,291433.0
2018-07-11 10:00:00,249.35,249.36,249.35,249.35,390435.0
2018-07-11 10:15:00,249.3,249.31,249.3,249.3,374648.0
2018-07-11 10:30:00,249.19,249.2,249.19,249.19,385631.0
2018-07-11 10:45:00,249.09,249.09,249.09,249.09,315720.0
2018-07-11 11:00:00,249.02,249.03,249.02,249.03,314501.0
2018-07-11 11:15:00,248.93,248.95,248.93,248.94,404255.0
2018-07-11 11:30:00,248.86,248.86,248.86,248.86,354874.0
2018-07-11 12:00:00,248.8,248.82,248.79,248.81,447712.0
2018-07-11 12:15:00,248.55,248.57,248.54,248.55,408452.0
2018-07-11 12:30:00,248.52,248.53,248.52,248.53,366934.0
2018-07-11 12:45:00,248.49,248.5,248.49,248.49,422352.0
2018-07-11 13:30:00,248.23,248.24,248.23,248.23,272243.0
2018-07-11 13:45:00,248.1,248.12,248.09,248.1,365630.0
2018-07-11 14:00:00,248.09,248.09,248.09,248.09,273102.0
2018-07-11 14:15:00,248.01,248.02,248.01,248.01,433276.0
2018-07-11 14:30:00,248.0,248.01,248.0,248.01,408988.0
2018-07-11 14:45:00,247.82,247.82,247.82,247.82,367087.0
2018-07-11 15:00:00,247.8,247.81,247.8,247.8,285611.0
2018-07-11 15:15:00,247.72,247.73,247.71,247.73,410040.0
2018-07-11 15:30:00,247.61,247.64,247.61,247.61,387360.0
2018-07-11 15:45:00,247.58,247.59,247.58,247.59,356808.0
2018-07-12 09:30:00,249.33,249.34,249.33,249.33,295738.0
2018-07-12 09:45:00,249.41,249.42,249.41,249.42,281883.0
2018-07-12 10:00:00,249.54,249.55,249.54,249.55,234674.0
2018-07-12 10:15:00,249.49,249.5,249.48,249.49,366847.0
2018-07-12 10:45:00,249.77,249.8,249.76,249.76,345028.0
2018-07-12 11:00:00,249.78,249.79,249.78,249.78,240856.0
2018-07-12 11:15:00,249.83,249.84,249.82,249.84,407050.0
2018-07-12 11:45:00,249.96,249.97,249.95,249.97,407199.0
2018-07-12 12:00:00,250.13,250.13,250.13,250.13,374192.0
2018-07-12 12:30:00,250.23,250.24,250.23,250.24,273202.0
2018-07-12 12:45:00,250.19,250.21,250.19,250.2,429315.0
2018-07-12 13:15:00,250.39,250.42,250.39,250.4,354541.0
2018-07-12 13:30:00,250.55,250.57,250.54,250.56,317262.0
2018-07-12 13:45:00,250.66,250.68,250.66,250.68,238037.0
2018-07-12 14:00:00,250.72,250.75,250.72,250.72,331174.0
2018-07-12 14:15:00,250.7,250.71,250.7,250.71,347243.0
2018-07-12 14:30:00,250.84,250.85,250.84,250.85,380200.0
2018-07-12 14:45:00,250.9,250.91,250.9,250.91,247830.0
2018-07-12 15:00:00,250.98,250.98,250.97,250.98,292249.0
2018-07-12 15:15:00,251.07,251.08,251.07,251.08,284616.0
2018-07-12 15:30:00,251.23,251.25,251.21,251.23,357644.0
2018-07-12 15:45:00,251.24,251.25,251.24,251.25,295821.0
2018-07-16 09:30:00,248.21,248.22,248.21,248.21,240330.0
2018-07-16 09:45:00,248.2,248.2,248.2,248.2,182493.0
2018-07-16 10:15:00,248.2,248.2,248.2,248.2,136947.0
2018-07-16 10:30:00,248.2,248.21,248.2,248.2,241704.0
2018-07-16 11:00:00,248.19,248.2,248.19,248.2,134365.0
2018-07-16 11:15:00,248.08,248.08,248.07,248.08,236954.0
2018-07-16 11:45:00,248.23,248.24,248.23,248.23,169471.0
2018-07-16 12:00:00,248.22,248.23,248.21,248.23,160998.0
2018-07-16 12:30:00,248.14,248.14,248.13,248.14,146122.0
2018-07-16 12:45:00,248.2,248.2,248.2,248.2,219848.0
2018-07-16 13:00:00,248.21,248.21,248.2,248.21,164739.0
2018-07-16 13:15:00,248.24,248.24,248.24,248.24,225169.0
2018-07-16 13:30:00,248.18,248.19,248.18,248.19,216759.0
2018-07-16 13:45:00,248.2,248.2,248.2,248.2,224814.0
2018-07-16 14:00:00,248.18,248.19,248.17,248.18,239050.0
2018-07-16 14:15:00,248.24,248.25,248.24,248.24,162060.0
2018-07-16 14:30:00,248.16,248.17,248.16,248.17,241756.0
2018-07-16 14:45:00,248.2,248.21,248.2,248.21,210342.0
2018-07-16 15:00:00,248.25,248.27,248.25,248.25,155427.0
2018-07-16 15:15:00,248.31,248.32,248.3,248.32,189419.0
2018-07-16 15:30:00,248.22,248.23,248.21,248.23,204931.0
2018-07-16 15:45:00,248.18,248.19,248.18,248.18,177983.0
2018-07-18 09:30:00,253.36,253.38,253.36,253.36,261461.0
2018-07-18 09:45:00,253.34,253.36,253.34,253.36,303935.0
2018-07-18 10:00:00,253.26,253.27,253.26,253.26,330382.0
2018-07-18 10:15:00,253.25,253.27,253.25,253.25,192550.0
2018-07-18 10:30:00,253.11,253.12,253.11,253.11,305579.0
2018-07-18 10:45:00,252.97,252.99,252.95,252.97,291985.0
2018-07-18 11:00:00,252.98,253.01,252.97,252.98,284153.0
2018-07-18 11:15:00,252.91,252.91,252.91,252.91,208468.0
2018-07-18 11:30:00,252.86,252.87,252.86,252.86,200409.0
2018-07-18 11:45:00,252.79,252.79,252.79,252.79,321754.0
2018-07-18 12:15:00,252.61,252.62,252.61,252.61,224091.0
2018-07-18 12:30:00,252.6,252.63,252.59,252.62,288873.0
2018-07-18 12:45:00,252.36,252.39,252.34,252.36,288961.0
2018-07-18 13:00:00,252.35,252.38,252.34,252.36,274864.0
2018-07-18 13:15:00,252.33,252.35,252.32,252.33,334773.0
2018-07-18 13:30:00,252.18,252.2,252.18,252.19,206967.0
2018-07-18 13:45:00,252.26,252.26,252.26,252.26,312141.0
2018-07-18 14:15:00,252.09,252.1,252.09,252.09,291323.0
2018-07-18 14:30:00,252.06,252.07,252.06,252.06,236169.0
2018-07-18 14:45:00,251.98,251.99,251.98,251.98,259379.0
2018-07-18 15:00:00,251.81,251.82,251.81,251.81,324997.0
2018-07-18 15:15:00,251.82,251.83,251.82,251.83,318214.0
2018-07-18 15:30:00,251.69,251.71,251.69,251.7,308745.0
2018-07-18 15:45:00,251.67,251.67,251.66,251.67,281237.0
2018-07-19 09:30:00,250.91,250.92,250.91,250.91,254589.0
2018-07-19 10:00:00,251.03,251.03,251.03,251.03,179599.0
2018-07-19 10:15:00,251.07,251.07,251.07,251.07,216430.0
2018-07-19 10:30:00,251.13,251.14,251.13,251.13,285293.0
2018-07-19 10:45:00,251.18,251.18,251.18,251.18,216726.0
2018-07-19 11:00:00,251.19,251.2,251.19,251.2,185008.0
2018-07-19 11:15:00,251.24,251.25,251.24,251.25,181207.0
2018-07-19 11:30:00,251.29,251.3,251.28,251.28,240019.0
2018-07-19 11:45:00,251.33,251.34,251.33,251.33,167686.0
2018-07-19 12:15:00,251.45,251.46,251.45,251.45,248446.0
2018-07-19 12:30:00,251.42,251.43,251.42,251.42,286067.0
2018-07-19 12:45:00,251.5,251.51,251.5,251.51,221274.0
2018-07-19 13:15:00,251.61,251.62,251.61,251.62,159926.0
2018-07-19 13:30:00,251.6,251.61,251.6,251.61,241366.0
2018-07-19 14:00:00,251.74,251.76,251.74,251.75,262460.0
2018-07-19 14:15:00,251.78,251.78,251.78,251.78,225389.0
2018-07-19 14:30:00,251.76,251.76,251.75,251.75,205202.0
2018-07-19 14:45:00,251.87,251.88,251.87,251.88,243091.0
2018-07-19 15:00:00,251.86,251.88,251.86,251.86,267509.0
2018-07-19 15:15:00,251.92,251.93,251.92,251.92,198723.0
2018-07-19 15:30:00,251.97,251.98,251.97,251.97,184878.0
2018-07-19 15:45:00,252.12,252.13,252.11,252.13,208765.0
2018-07-23 09:30:00,249.71,249.73,249.7,249.72,249719.0
2018-07-23 09:45:00,249.66,249.69,249.66,249.67,347857.0
2018-07-23 10:15:00,249.69,249.72,249.67,249.69,301562.0
2018-07-23 10:30:00,249.75,249.76,249.74,249.76,346253.0
2018-07-23 10:45:00,249.76,249.78,249.74,249.77,284752.0
2018-07-23 11:00:00,249.74,249.76,249.74,249.75,322899.0
2018-07-23 11:15:00,249.69,249.69,249.69,249.69,330402.0
2018-07-23 11:30:00,249.74,249.75,249.74,249.74,330750.0
2018-07-23 11:45:00,249.75,249.77,249.74,249.76,307900.0
2018-07-23 12:00:00,249.59,249.61,249.59,249.61,348793.0
2018-07-23 12:15:00,249.76,249.8,249.75,249.77,236902.0
2018-07-23 12:30:00,249.64,249.65,249.64,249.64,322585.0
2018-07-23 13:00:00,249.57,249.57,249.56,249.57,250244.0
2018-07-23 13:15:00,249.58,249.59,249.58,249.59,304946.0
2018-07-23 13:30:00,249.5,249.52,249.48,249.5,343989.0
2018-07-23 13:45:00,249.52,249.52,249.52,249.52,352480.0
2018-07-23 14:00:00,249.55,249.56,249.55,249.55,273812.0
2018-07-23 14:15:00,249.55,249.57,249.55,249.56,374866.0
2018-07-23 14:30:00,249.48,249.48,249.48,249.48,283800.0
2018-07-23 14:45:00,249.52,249.53,249.51,249.53,367092.0
2018-07-23 15:00:00,249.36,249.39,249.34,249.38,245253.0
2018-07-23 15:15:00,249.41,249.43,249.41,249.41,222214.0
2018-07-23 15:30:00,249.52,249.53,249.51,249.53,328577.0
2018-07-23 15:45:00,249.51,249.54,249.51,249.54,234966.0
2018-08-01 09:30:00,246.12,246.12,246.12,246.12,236090.0
2018-08-01 09:45:00,246.1,246.11,246.1,246.11,296259.0
2018-08-01 10:00:00,246.11,246.12,246.11,246.12,209422.0
2018-08-01 10:30:00,246.15,246.16,246.15,246.16,225963.0
2018-08-01 10:45:00,246.2,246.21,246.2,246.2,263637.0
2018-08-01 11:00:00,246.19,246.2,246.19,246.19,297649.0
2018-08-01 11:15:00,246.16,246.18,246.16,246.18,287067.0
2018-08-01 11:30:00,246.16,246.16,246.15,246.15,339570.0
2018-08-01 11:45:00,246.26,246.27,246.25,246.27,303478.0
2018-08-01 12:00:00,246.25,246.25,246.24,246.25,198430.0
2018-08-01 12:30:00,246.27,246.29,246.27,246.28,352764.0
2018-08-01 12:45:00,246.3,246.31,246.3,246.31,291509.0
2018-08-01 13:00:00,246.31,246.31,246.31,246.31,292724.0
2018-08-01 13:15:00,246.37,246.38,246.37,246.37,259865.0
2018-08-01 13:45:00,246.34,246.34,246.32,246.33,210160.0
2018-08-01 14:00:00,246.26,246.3,246.26,246.26,250420.0
2018-08-01 14:15:00,246.36,246.37,246.35,246.36,235518.0
2018-08-01 14:30:00,246.44,246.46,246.44,246.46,352282.0
2018-08-01 14:45:00,246.43,246.44,246.43,246.44,302733.0
2018-08-01 15:00:00,246.44,246.45,246.44,246.45,297934.0
2018-08-01 15:15:00,246.47,246.47,246.46,246.46,233499.0
2018-08-01 15:30:00,246.4,246.41,246.4,246.4,200323.0
2018-08-01 15:45:00,246.44,246.45,246.44,246.44,318855.0
2018-08-03 09:30:00,251.6,251.61,251.6,251.61,237730.0
2018-08-03 09:45:00,251.66,251.66,251.66,251.66,161441.0
2018-08-03 10:00:00,251.63,251.64,251.63,251.63,258752.0
2018-08-03 10:15:00,251.75,251.76,251.74,251.75,168754.0
2018-08-03 10:30:00,251.68,251.69,251.68,251.68,151329.0
2018-08-03 10:45:00,251.73,251.74,251.73,251.73,256931.0
2018-08-03 11:15:00,251.75,251.75,251.74,251.75,181304.0
2018-08-03 11:30:00,251.76,251.77,251.76,251.76,169937.0
2018-08-03 12:00:00,251.8,251.8,251.8,251.8,186943.0
2018-08-03 12:15:00,251.82,251.83,251.82,251.82,164345.0
2018-08-03 12:30:00,251.86,251.87,251.86,251.86,207039.0
2018-08-03 12:45:00,251.82,251.83,251.82,251.82,244264.0
2018-08-03 13:15:00,251.88,251.88,251.88,251.88,238370.0
2018-08-03 13:45:00,251.94,251.94,251.94,251.94,230093.0
2018-08-03 14:00:00,251.96,251.97,251.96,251.96,195623.0
2018-08-03 14:15:00,251.96,251.96,251.96,251.96,197216.0
2018-08-03 14:30:00,252.01,252.01,252.01,252.01,167277.0
2018-08-03 14:45:00,252.01,252.01,252.0,252.0,174308.0
2018-08-03 15:00:00,252.04,252.04,252.04,252.04,239439.0
2018-08-03 15:15:00,252.06,252.06,252.06,252.06,217144.0
2018-08-03 15:30:00,252.11,252.12,252.11,252.11,209778.0
2018-08-03 15:45:00,252.12,252.12,252.11,252.12,198355.0
2018-08-07 09:30:00,255.96,255.97,255.96,255.97,245956.0
2018-08-07 09:45:00,256.06,256.07,256.06,256.07,175060.0
2018-08-07 10:00:00,256.1,256.11,256.1,256.1,294976.0
2018-08-07 10:15:00,256.13,256.14,256.13,256.13,242953.0
2018-08-07 10:30:00,256.14,256.15,256.13,256.14,271238.0
2018-08-07 10:45:00,256.2,256.2,256.2,256.2,242093.0
2018-08-07 11:15:00,256.33,256.34,256.32,256.32,319535.0
2018-08-07 11:30:00,256.34,256.36,256.34,256.35,298993.0
2018-08-07 11:45:00,256.36,256.36,256.35,256.36,312785.0
2018-08-07 12:00:00,256.45,256.46,256.44,256.45,305973.0
2018-08-07 12:15:00,256.5,256.52,256.5,256.52,289311.0
2018-08-07 12:30:00,256.45,256.46,256.45,256.46,231488.0
2018-08-07 12:45:00,256.44,256.46,256.43,256.44,300518.0
2018-08-07 13:00:00,256.49,256.49,256.48,256.48,262360.0
2018-08-07 13:15:00,256.57,256.57,256.57,256.57,299893.0
2018-08-07 13:30:00,256.6,256.61,256.6,256.61,247226.0
2018-08-07 13:45:00,256.63,256.64,256.63,256.64,273615.0
2018-08-07 14:00:00,256.68,256.68,256.68,256.68,190593.0
2018-08-07 14:15:00,256.72,256.72,256.72,256.72,176211.0
2018-08-07 14:30:00,256.8,256.81,256.8,256.8,212909.0
2018-08-07 14:45:00,256.79,256.8,256.78,256.8,306081.0
2018-08-07 15:00:00,256.83,256.83,256.83,256.83,256676.0
2018-08-07 15:15:00,256.88,256.88,256.88,256.88,270846.0
2018-08-07 15:30:00,256.91,256.92,256.91,256.91,290795.0
2018-08-07 15:45:00,256.93,256.94,256.93,256.94,209112.0
2018-08-09 09:30:00,259.14,259.15,259.14,259.14,247474.0
2018-08-09 09:45:00,259.06,259.07,259.06,259.07,137937.0
2018-08-09 10:00:00,258.91,258.91,258.9,258.91,156876.0
2018-08-09 10:15:00,258.77,258.78,258.77,258.78,212617.0
2018-08-09 10:30:00,258.73,258.73,258.73,258.73,191864.0
2018-08-09 10:45:00,258.54,258.55,258.53,258.53,191527.0
2018-08-09 11:00:00,258.45,258.47,258.45,258.45,160092.0
2018-08-09 11:15:00,258.34,258.36,258.33,258.33,196761.0
2018-08-09 11:30:00,258.31,258.31,258.3,258.31,186386.0
2018-08-09 11:45:00,258.14,258.14,258.14,258.14,225986.0
2018-08-09 12:00:00,258.05,258.08,258.05,258.07,152305.0
2018-08-09 12:15:00,257.87,257.88,257.86,257.87,186744.0
2018-08-09 12:30:00,257.83,257.83,257.83,257.83,253305.0
2018-08-09 12:45:00,257.74,257.75,257.74,257.74,175080.0
2018-08-09 13:00:00,257.59,257.6,257.59,257.59,204764.0
2018-08-09 13:15:00,257.54,257.55,257.54,257.54,214287.0
2018-08-09 13:30:00,257.41,257.42,257.41,257.42,146267.0
2018-08-09 13:45:00,257.35,257.36,257.35,257.36,195564.0
2018-08-09 14:00:00,257.19,257.19,257.18,257.19,192079.0
2018-08-09 14:15:00,257.09,257.09,257.09,257.09,173028.0
2018-08-09 14:30:00,256.91,256.93,256.9,256.92,243565.0
2018-08-09 14:45:00,256.8,256.81,256.79,256.81,167489.0
2018-08-09 15:00:00,256.75,256.76,256.75,256.75,238959.0
2018-08-09 15:15:00,256.69,256.7,256.68,256.69,233933.0
2018-08-09 15:45:00,256.47,256.47,256.47,256.47,202857.0
2018-08-13 09:30:00,255.07,255.07,255.07,255.07,375183.0
2018-08-13 09:45:00,255.15,255.15,255.15,255.15,323795.0
2018-08-13 10:00:00,255.19,255.2,255.19,255.2,449877.0
2018-08-13 10:15:00,255.25,255.26,255.25,255.26,335186.0
2018-08-13 10:45:00,255.27,255.31,255.27,255.28,434493.0
2018-08-13 11:00:00,255.37,255.37,255.37,255.37,401442.0
2018-08-13 11:15:00,255.42,255.42,255.41,255.42,424801.0
2018-08-13 11:30:00,255.51,255.52,255.51,255.51,287922.0
2018-08-13 11:45:00,255.48,255.5,255.45,255.49,349224.0
2018-08-13 12:00:00,255.52,255.53,255.52,255.53,355776.0
2018-08-13 12:15:00,255.6,255.61,255.6,255.6,303175.0
2018-08-13 12:45:00,255.65,255.65,255.65,255.65,269520.0
2018-08-13 13:00:00,255.68,255.69,255.68,255.69,348400.0
2018-08-13 13:15:00,255.73,255.74,255.73,255.73,316464.0
2018-08-13 13:45:00,255.81,255.82,255.81,255.82,302625.0
2018-08-13 14:00:00,255.92,255.92,255.91,255.92,459921.0
2018-08-13 14:15:00,255.8,255.83,255.79,255.81,463526.0
2018-08-13 14:30:00,255.88,255.88,255.87,255.88,306672.0
2018-08-13 14:45:00,255.93,255.94,255.93,255.94,302590.0
2018-08-13 15:15:00,256.15,256.17,256.14,256.16,371711.0
2018-08-13 15:30:00,256.07,256.09,256.07,256.07,380260.0
2018-08-13 15:45:00,256.17,256.2,256.15,256.16,456123.0
2018-08-29 09:45:00,274.06,274.08,274.05,274.06,505423.0
2018-08-29 10:00:00,274.27,274.28,274.27,274.28,432557.0
2018-08-29 10:15:00,274.36,274.38,274.33,274.35,304075.0
2018-08-29 10:30:00,274.62,274.64,274.61,274.61,334250.0
2018-08-29 11:15:00,275.07,275.09,275.07,275.09,465485.0
2018-08-29 11:30:00,275.34,275.36,275.34,275.35,417216.0
2018-08-29 12:00:00,275.46,275.48,275.45,275.48,481221.0
2018-08-29 12:15:00,275.85,275.87,275.84,275.84,459495.0
2018-08-29 12:30:00,276.11,276.13,276.1,276.12,440720.0
2018-08-29 12:45:00,276.22,276.23,276.22,276.23,383590.0
2018-08-29 13:00:00,276.46,276.47,276.45,276.45,443103.0
2018-08-29 13:15:00,276.68,276.7,276.68,276.68,324207.0
2018-08-29 13:30:00,277.13,277.16,277.11,277.16,384470.0
2018-08-29 13:45:00,277.05,277.07,277.04,277.05,427225.0
2018-08-29 14:00:00,277.29,277.31,277.27,277.3,291890.0
2018-08-29 14:15:00,277.36,277.37,277.36,277.37,472657.0
2018-08-29 14:30:00,277.37,277.39,277.35,277.38,464010.0
2018-08-29 14:45:00,277.74,277.76,277.74,277.75,294273.0
2018-08-29 15:00:00,277.84,277.86,277.84,277.85,320739.0
2018-08-29 15:15:00,278.23,278.24,278.22,278.23,452460.0
2018-08-29 15:30:00,278.13,278.16,278.12,278.14,454494.0
2018-08-29 15:45:00,278.53,278.55,278.52,278.54,339975.0
2018-08-30 09:30:00,277.46,277.48,277.44,277.46,284470.0
2018-08-30 09:45:00,277.22,277.22,277.22,277.22,392753.0
2018-08-30 10:00:00,277.27,277.28,277.27,277.27,237025.0
2018-08-30 10:15:00,277.55,277.57,277.54,277.57,381025.0
2018-08-30 10:30:00,277.12,277.15,277.12,277.12,414433.0
2018-08-30 10:45:00,277.4,277.41,277.4,277.41,404536.0
2018-08-30 11:15:00,277.38,277.39,277.37,277.38,431554.0
2018-08-30 11:30:00,277.37,277.4,277.37,277.38,256846.0
2018-08-30 11:45:00,277.42,277.43,277.42,277.43,375311.0
2018-08-30 12:00:00,277.34,277.36,277.34,277.34,281992.0
2018-08-30 12:15:00,277.49,277.5,277.49,277.49,270085.0
2018-08-30 12:30:00,277.51,277.52,277.51,277.51,345646.0
2018-08-30 12:45:00,277.42,277.45,277.41,277.44,401743.0
2018-08-30 13:00:00,277.55,277.55,277.54,277.55,424369.0
2018-08-30 13:15:00,277.56,277.57,277.56,277.56,279371.0
2018-08-30 13:30:00,277.64,277.65,277.64,277.65,266680.0
2018-08-30 13:45:00,277.48,277.5,277.48,277.48,240567.0
2018-08-30 14:00:00,277.57,277.59,277.57,277.57,350441.0
2018-08-30 14:15:00,277.59,277.6,277.58,277.6,343189.0
2018-08-30 14:30:00,277.77,277.81,277.76,277.79,278554.0
2018-08-30 14:45:00,277.66,277.69,277.64,277.66,355470.0
2018-08-30 15:00:00,277.75,277.77,277.73,277.74,340807.0
2018-08-30 15:30:00,277.91,277.92,277.91,277.92,289160.0
2018-08-30 15:45:00,277.81,277.81,277.81,277.81,414742.0
2018-08-31 09:30:00,276.93,276.94,276.92,276.94,313897.0
2018-08-31 09:45:00,277.15,277.17,277.15,277.16,346775.0
2018-08-31 10:00:00,277.24,277.26,277.24,277.25,229769.0
2018-08-31 10:15:00,277.4,277.41,277.39,277.41,218293.0
2018-08-31 10:45:00,277.71,277.72,277.71,277.72,217248.0
2018-08-31 11:00:00,277.89,277.9,277.89,277.89,262804.0
2018-08-31 11:15:00,278.08,278.1,278.08,278.1,253766.0
2018-08-31 11:30:00,278.19,278.21,278.18,278.18,280340.0
2018-08-31 11:45:00,278.3,278.31,278.3,278.3,369748.0
2018-08-31 12:00:00,278.53,278.54,278.53,278.54,227652.0
2018-08-31 12:15:00,278.61,278.62,278.61,278.61,237071.0
2018-08-31 12:30:00,278.81,278.84,278.79,278.8,217289.0
2018-08-31 12:45:00,278.88,278.89,278.88,278.88,343345.0
2018-08-31 13:00:00,278.95,278.98,278.94,278.95,288101.0
2018-08-31 13:15:00,279.23,279.24,279.23,279.24,258225.0
2018-08-31 13:30:00,279.4,279.4,279.4,279.4,276011.0
2018-08-31 13:45:00,279.4,279.42,279.4,279.41,280062.0
2018-08-31 14:15:00,279.82,279.84,279.82,279.83,353532.0
2018-08-31 14:45:00,280.12,280.15,280.12,280.14,210016.0
2018-08-31 15:00:00,280.14,280.17,280.14,280.14,207801.0
2018-08-31 15:15:00,280.37,280.38,280.36,280.37,381611.0
2018-08-31 15:30:00,280.54,280.55,280.54,280.54,241718.0
2018-08-31 15:45:00,280.67,280.68,280.67,280.68,361890.0
2018-09-06 09:30:00,277.74,277.74,277.73,277.74,241256.0
2018-09-06 09:45:00,277.63,277.63,277.62,277.63,349010.0
2018-09-06 10:00:00,277.32,277.34,277.32,277.32,297036.0
2018-09-06 10:15:00,277.16,277.18,277.16,277.16,312005.0
2018-09-06 10:30:00,276.99,276.99,276.99,276.99,344285.0
2018-09-06 10:45:00,276.75,276.77,276.75,276.76,272922.0
2018-09-06 11:15:00,276.3,276.31,276.3,276.31,228626.0
2018-09-06 11:30:00,276.19,276.23,276.18,276.21,237900.0
2018-09-06 12:00:00,275.75,275.77,275.74,275.75,237591.0
2018-09-06 12:15:00,275.64,275.66,275.62,275.65,330292.0
2018-09-06 12:30:00,275.32,275.34,275.32,275.34,326446.0
2018-09-06 12:45:00,275.14,275.14,275.13,275.14,223293.0
2018-09-06 13:00:00,275.09,275.11,275.08,275.09,281983.0
2018-09-06 13:15:00,274.74,274.74,274.73,274.74,397434.0
2018-09-06 13:30:00,274.47,274.51,274.46,274.48,363900.0
2018-09-06 13:45:00,274.25,274.27,274.25,274.25,367415.0
2018-09-06 14:00:00,274.12,274.12,274.12,274.12,282695.0
2018-09-06 14:15:00,273.91,273.92,273.91,273.91,325207.0
2018-09-06 14:30:00,273.7,273.71,273.69,273.71,335513.0
2018-09-06 14:45:00,273.49,273.51,273.49,273.5,325826.0
2018-09-06 15:00:00,273.3,273.31,273.3,273.31,397067.0
2018-09-06 15:45:00,272.51,272.55,272.48,272.52,320538.0
2018-09-10 09:30:00,272.76,272.76,272.76,272.76,231720.0
2018-09-10 09:45:00,272.75,272.78,272.75,272.75,260013.0
2018-09-10 10:00:00,272.9,272.91,272.9,272.9,192318.0
2018-09-10 10:15:00,272.94,272.95,272.93,272.95,254997.0
2018-09-10 10:45:00,273.16,273.17,273.16,273.17,174011.0
2018-09-10 11:00:00,273.22,273.23,273.22,273.22,245479.0
2018-09-10 11:15:00,273.39,273.4,273.39,273.39,265146.0
2018-09-10 11:30:00,273.43,273.44,273.43,273.44,169007.0
2018-09-10 11:45:00,273.46,273.47,273.46,273.46,261410.0
2018-09-10 12:15:00,273.63,273.64,273.63,273.63,272941.0
2018-09-10 12:30:00,273.73,273.75,273.73,273.75,251906.0
2018-09-10 12:45:00,273.84,273.86,273.84,273.85,172640.0
2018-09-10 13:00:00,273.96,273.97,273.94,273.96,268923.0
2018-09-10 13:15:00,273.77,273.79,273.75,273.77,195630.0
2018-09-10 13:30:00,274.03,274.07,274.02,274.06,191506.0
2018-09-10 13:45:00,273.96,273.97,273.96,273.97,255781.0
2018-09-10 14:30:00,274.37,274.38,274.36,274.37,225926.0
2018-09-10 14:45:00,274.4,274.4,274.4,274.4,211431.0
2018-09-10 15:00:00,274.46,274.48,274.46,274.47,201120.0
2018-09-10 15:15:00,274.56,274.56,274.56,274.56,191509.0
2018-09-10 15:30:00,274.72,274.75,274.71,274.72,226724.0
2018-09-10 15:45:00,274.74,274.75,274.74,274.75,228998.0
2018-09-14 09:30:00,274.86,274.89,274.86,274.86,399878.0
2018-09-14 09:45:00,275.08,275.1,275.06,275.08,360131.0
2018-09-14 10:00:00,274.9,274.92,274.88,274.91,262654.0
2018-09-14 10:15:00,274.98,275.02,274.98,275.0,391560.0
2018-09-14 11:15:00,275.42,275.43,275.42,275.42,355645.0
2018-09-14 11:30:00,275.49,275.51,275.48,275.48,418805.0
2018-09-14 11:45:00,275.51,275.52,275.51,275.52,443639.0
2018-09-14 12:15:00,275.75,275.79,275.75,275.76,410675.0
2018-09-14 12:30:00,275.62,275.64,275.61,275.64,409965.0
2018-09-14 12:45:00,275.62,275.64,275.62,275.64,450420.0
2018-09-14 13:00:00,275.79,275.8,275.79,275.8,434072.0
2018-09-14 13:15:00,275.88,275.88,275.87,275.88,382762.0
2018-09-14 13:30:00,275.86,275.87,275.86,275.87,452478.0
2018-09-14 13:45:00,275.92,275.95,275.92,275.93,424786.0
2018-09-14 14:00:00,276.07,276.09,276.07,276.07,346153.0
2018-09-14 14:15:00,276.04,276.06,276.04,276.05,462050.0
2018-09-14 14:30:00,276.16,276.17,276.16,276.16,374132.0
2018-09-14 14:45:00,276.18,276.19,276.18,276.19,262071.0
2018-09-14 15:00:00,276.21,276.22,276.2,276.21,473282.0
2018-09-14 15:15:00,276.27,276.3,276.26,276.28,395522.0
2018-09-14 15:30:00,276.3,276.31,276.28,276.31,378710.0
2018-09-14 15:45:00,276.44,276.45,276.44,276.44,275668.0
2018-09-17 09:30:00,275.3,275.32,275.28,275.29,224362.0
2018-09-17 09:45:00,275.35,275.36,275.35,275.36,234954.0
2018-09-17 10:00:00,275.3,275.31,275.3,275.31,168906.0
2018-09-17 10:15:00,275.22,275.23,275.22,275.23,150320.0
2018-09-17 10:30:00,275.11,275.13,275.11,275.12,248920.0
2018-09-17 10:45:00,275.13,275.13,275.13,275.13,162862.0
2018-09-17 11:00:00,275.1,275.1,275.1,275.1,182561.0
2018-09-17 11:30:00,274.92,274.92,274.91,274.92,199409.0
2018-09-17 11:45:00,274.88,274.9,274.88,274.88,233623.0
2018-09-17 12:00:00,274.81,274.82,274.81,274.82,186674.0
2018-09-17 12:15:00,274.77,274.77,274.77,274.77,213550.0
2018-09-17 12:30:00,274.69,274.7,274.68,274.69,245189.0
2018-09-17 12:45:00,274.71,274.73,274.7,274.72,168174.0
2018-09-17 13:00:00,274.62,274.63,274.62,274.62,164049.0
2018-09-17 13:30:00,274.45,274.47,274.45,274.46,228828.0
2018-09-17 13:45:00,274.44,274.45,274.44,274.44,182114.0
2018-09-17 14:00:00,274.39,274.39,274.38,274.39,205474.0
2018-09-17 14:15:00,274.32,274.32,274.32,274.32,173550.0
2018-09-17 14:45:00,274.23,274.23,274.21,274.23,193885.0
2018-09-17 15:00:00,274.09,274.1,274.09,274.1,141396.0
2018-09-17 15:15:00,274.1,274.11,274.1,274.1,245529.0
2018-09-17 15:30:00,273.99,274.0,273.99,273.99,225766.0
2018-09-17 15:45:00,273.82,273.83,273.81,273.83,255902.0
2018-09-19 09:30:00,270.38,270.39,270.38,270.39,231560.0
2018-09-19 09:45:00,270.36,270.38,270.36,270.37,217161.0
2018-09-19 10:00:00,270.32,270.34,270.32,270.32,273016.0
2018-09-19 10:15:00,270.45,270.47,270.45,270.46,239796.0
2018-09-19 10:30:00,270.57,270.59,270.57,270.57,235858.0
2018-09-19 10:45:00,270.66,270.66,270.65,270.66,261427.0
2018-09-19 11:00:00,270.69,270.7,270.68,270.69,227356.0
2018-09-19 11:15:00,270.71,270.73,270.71,270.72,193991.0
2018-09-19 11:30:00,270.82,270.82,270.82,270.82,193902.0
2018-09-19 11:45:00,270.91,270.91,270.91,270.91,175616.0
2018-09-19 12:00:00,270.97,270.97,270.97,270.97,236459.0
2018-09-19 12:15:00,271.06,271.07,271.04,271.06,274616.0
2018-09-19 12:30:00,271.07,271.1,271.07,271.08,188452.0
2018-09-19 12:45:00,271.16,271.17,271.16,271.16,183414.0
2018-09-19 13:00:00,271.25,271.27,271.24,271.25,190165.0
2018-09-19 13:15:00,271.3,271.3,271.3,271.3,258547.0
2018-09-19 13:30:00,271.28,271.29,271.27,271.28,162993.0
2018-09-19 13:45:00,271.42,271.43,271.42,271.43,225758.0
2018-09-19 14:00:00,271.47,271.48,271.47,271.47,266793.0
2018-09-19 14:15:00,271.52,271.54,271.51,271.52,190026.0
2018-09-19 14:30:00,271.78,271.8,271.78,271.78,194631.0
2018-09-19 14:45:00,271.72,271.73,271.71,271.73,218603.0
2018-09-19 15:00:00,271.75,271.77,271.75,271.75,177885.0
2018-09-19 15:15:00,271.79,271.8,271.79,271.8,243041.0
2018-09-19 15:30:00,271.92,271.93,271.92,271.93,178684.0
2018-09-25 10:00:00,268.33,268.34,268.33,268.33,310866.0
2018-09-25 10:15:00,268.44,268.45,268.44,268.44,309189.0
2018-09-25 10:30:00,268.45,268.47,268.45,268.47,215940.0
2018-09-25 10:45:00,268.37,268.38,268.37,268.37,247741.0
2018-09-25 11:00:00,268.39,268.39,268.39,268.39,295637.0
2018-09-25 11:15:00,268.53,268.55,268.52,268.54,293664.0
2018-09-25 11:30:00,268.42,268.43,268.41,268.42,253860.0
2018-09-25 11:45:00,268.43,268.45,268.43,268.44,196384.0
2018-09-25 12:00:00,268.45,268.46,268.44,268.46,307975.0
2018-09-25 12:15:00,268.34,268.36,268.32,268.36,320084.0
2018-09-25 12:30:00,268.32,268.32,268.32,268.32,233940.0
2018-09-25 13:00:00,268.4,268.4,268.39,268.4,238033.0
2018-09-25 13:15:00,268.37,268.38,268.37,268.37,295685.0
2018-09-25 13:30:00,268.4,268.41,268.4,268.4,306799.0
2018-09-25 13:45:00,268.33,268.34,268.33,268.34,194712.0
2018-09-25 14:00:00,268.42,268.43,268.41,268.42,203908.0
2018-09-25 14:15:00,268.41,268.43,268.41,268.42,269479.0
2018-09-25 14:45:00,268.49,268.51,268.48,268.5,332388.0
2018-09-25 15:00:00,268.48,268.51,268.47,268.5,280320.0
2018-09-25 15:15:00,268.43,268.44,268.43,268.44,266790.0
2018-09-25 15:30:00,268.41,268.42,268.41,268.41,276429.0
2018-09-25 15:45:00,268.42,268.43,268.42,268.43,348477.0
2018-09-26 09:30:00,268.7,268.72,268.69,268.7,216963.0
2018-09-26 09:45:00,268.58,268.59,268.58,268.59,232561.0
2018-09-26 10:00:00,268.4,268.41,268.4,268.4,221102.0
2018-09-26 10:15:00,268.37,268.38,268.37,268.38,325875.0
2018-09-26 10:45:00,268.27,268.29,268.27,268.28,309036.0
2018-09-26 11:00:00,268.18,268.2,268.17,268.18,253714.0
2018-09-26 11:15:00,268.12,268.13,268.12,268.12,324482.0
2018-09-26 11:30:00,268.06,268.08,268.06,268.07,211847.0
2018-09-26 11:45:00,268.01,268.02,268.01,268.01,238878.0
2018-09-26 12:00:00,267.95,267.96,267.95,267.96,253610.0
2018-09-26 12:15:00,267.9,267.9,267.89,267.9,226892.0
2018-09-26 12:30:00,267.8,267.81,267.8,267.8,200734.0
2018-09-26 12:45:00,267.69,267.71,267.69,267.7,327054.0
2018-09-26 13:00:00,267.69,267.71,267.69,267.69,219427.0
2018-09-26 13:15:00,267.65,267.66,267.64,267.65,189013.0
2018-09-26 13:45:00,267.5,267.52,267.5,267.52,240309.0
2018-09-26 14:00:00,267.43,267.43,267.41,267.42,233876.0
2018-09-26 14:15:00,267.54,267.55,267.54,267.55,282271.0
2018-09-26 14:30:00,267.27,267.28,267.27,267.28,240318.0
2018-09-26 14:45:00,267.31,267.32,267.3,267.32,307292.0
2018-09-26 15:00:00,267.09,267.11,267.09,267.1,261958.0
2018-09-26 15:30:00,267.05,267.07,267.05,267.06,272364.0
2018-09-26 15:45:00,266.96,266.97,266.96,266.96,199968.0
2018-09-27 09:30:00,268.35,268.35,268.35,268.35,155842.0
2018-09-27 09:45:00,268.29,268.3,268.29,268.3,178622.0
2018-09-27 10:00:00,268.26,268.26,268.26,268.26,264528.0
2018-09-27 10:15:00,268.22,268.23,268.22,268.22,145986.0
2018-09-27 10:45:00,268.14,268.15,268.13,268.14,256711.0
2018-09-27 11:00:00,268.11,268.12,268.11,268.12,189704.0
2018-09-27 11:15:00,268.07,268.08,268.06,268.07,266786.0
2018-09-27 11:30:00,268.04,268.05,268.04,268.04,200448.0
2018-09-27 11:45:00,267.96,267.97,267.95,267.96,207021.0
2018-09-27 12:00:00,267.97,267.97,267.97,267.97,164021.0
2018-09-27 12:15:00,267.99,268.01,267.98,268.0,226755.0
2018-09-27 12:30:00,267.95,267.95,267.94,267.95,184267.0
2018-09-27 12:45:00,267.79,267.79,267.78,267.78,250408.0
2018-09-27 13:00:00,267.89,267.91,267.89,267.9,161215.0
2018-09-27 13:30:00,267.74,267.75,267.74,267.75,149308.0
2018-09-27 13:45:00,267.65,267.67,267.65,267.67,255693.0
2018-09-27 14:00:00,267.65,267.66,267.64,267.65,147513.0
2018-09-27 14:15:00,267.58,267.59,267.57,267.58,186979.0
2018-09-27 14:30:00,267.69,267.7,267.69,267.7,212414.0
2018-09-27 14:45:00,267.62,267.63,267.61,267.62,211030.0
2018-09-27 15:00:00,267.52,267.53,267.52,267.52,220787.0
2018-09-27 15:15:00,267.52,267.52,267.51,267.52,179716.0
2018-09-27 15:30:00,267.41,267.42,267.41,267.42,188427.0
2018-09-27 15:45:00,267.42,267.42,267.42,267.42,152361.0
2018-10-01 09:30:00,284.28,284.32,284.24,284.3,512458.0
2018-10-01 09:45:00,284.19,284.21,284.17,284.19,698928.0
2018-10-01 10:00:00,284.53,284.61,284.52,284.56,616428.0
2018-10-01 10:15:00,284.88,284.89,284.88,284.88,496989.0
2018-10-01 10:30:00,284.96,284.97,284.96,284.97,583557.0
2018-10-01 10:45:00,285.12,285.13,285.12,285.12,762759.0
2018-10-01 11:00:00,285.49,285.51,285.49,285.5,540545.0
2018-10-01 11:15:00,285.47,285.51,285.43,285.49,527969.0
2018-10-01 11:30:00,285.9,285.92,285.87,285.9,616473.0
2018-10-01 12:00:00,286.24,286.26,286.24,286.26,437697.0
2018-10-01 12:15:00,286.44,286.45,286.44,286.45,730443.0
2018-10-01 12:30:00,286.66,286.68,286.64,286.66,693385.0
2018-10-01 12:45:00,286.87,286.89,286.87,286.88,491374.0
2018-10-01 13:00:00,287.07,287.08,287.06,287.07,476343.0
2018-10-01 13:15:00,287.33,287.34,287.33,287.33,632820.0
2018-10-01 13:30:00,287.52,287.53,287.51,287.52,602941.0
2018-10-01 14:00:00,287.81,287.85,287.8,287.81,583891.0
2018-10-01 14:45:00,288.47,288.48,288.46,288.47,627025.0
2018-10-01 15:00:00,288.77,288.77,288.76,288.77,506055.0
2018-10-01 15:15:00,288.98,288.99,288.96,288.98,611793.0
2018-10-01 15:30:00,289.17,289.19,289.17,289.17,422890.0
2018-10-01 15:45:00,289.4,289.45,289.39,289.42,755271.0
2018-10-04 09:30:00,285.58,285.6,285.57,285.59,477288.0
2018-10-04 10:00:00,284.69,284.72,284.68,284.7,386243.0
2018-10-04 10:15:00,284.44,284.45,284.44,284.44,372953.0
2018-10-04 10:30:00,284.21,284.25,284.2,284.23,405537.0
2018-10-04 10:45:00,284.15,284.19,284.15,284.17,472472.0
2018-10-04 11:00:00,283.92,283.95,283.9,283.93,463917.0
2018-10-04 11:15:00,283.54,283.59,283.53,283.59,342213.0
2018-10-04 11:30:00,283.34,283.36,283.34,283.35,426109.0
2018-10-04 11:45:00,283.18,283.18,283.16,283.18,266047.0
2018-10-04 12:00:00,282.93,282.95,282.93,282.95,406409.0
2018-10-04 12:15:00,282.54,282.55,282.53,282.55,447153.0
2018-10-04 12:30:00,282.5,282.57,282.49,282.53,488118.0
2018-10-04 12:45:00,281.97,281.98,281.94,281.98,340792.0
2018-10-04 13:00:00,281.87,281.89,281.87,281.88,325943.0
2018-10-04 13:30:00,281.38,281.41,281.37,281.41,294370.0
2018-10-04 14:15:00,280.94,280.97,280.93,280.94,475058.0
2018-10-04 14:30:00,280.54,280.56,280.54,280.55,465018.0
2018-10-04 14:45:00,280.21,280.21,280.21,280.21,285205.0
2018-10-04 15:00:00,279.87,279.9,279.85,279.87,453511.0
2018-10-04 15:15:00,279.67,279.71,279.67,279.68,350930.0
2018-10-04 15:30:00,279.39,279.4,279.37,279.39,300043.0
2018-10-04 15:45:00,279.26,279.28,279.23,279.26,404972.0
2018-10-09 09:30:00,264.95,264.98,264.95,264.96,233880.0
2018-10-09 09:45:00,264.97,264.98,264.97,264.97,265240.0
2018-10-09 10:00:00,264.81,264.82,264.8,264.82,249496.0
2018-10-09 10:15:00,265.03,265.05,265.01,265.05,205648.0
2018-10-09 10:30:00,265.08,265.11,265.06,265.08,336956.0
2018-10-09 10:45:00,265.16,265.17,265.15,265.16,252938.0
2018-10-09 11:00:00,265.09,265.09,265.09,265.09,188989.0
2018-10-09 11:15:00,265.17,265.2,265.16,265.18,303138.0
2018-10-09 11:30:00,265.1,265.11,265.08,265.09,201900.0
2018-10-09 11:45:00,265.27,265.28,265.26,265.28,323126.0
2018-10-09 12:00:00,265.18,265.18,265.18,265.18,293642.0
2018-10-09 12:15:00,265.21,265.21,265.21,265.21,201321.0
2018-10-09 12:30:00,265.06,265.09,265.06,265.07,315134.0
2018-10-09 12:45:00,265.27,265.27,265.26,265.27,332929.0
2018-10-09 13:00:00,265.25,265.28,265.25,265.25,289285.0
2018-10-09 13:15:00,265.37,265.4,265.36,265.39,199860.0
2018-10-09 13:30:00,265.3,265.3,265.3,265.3,202072.0
2018-10-09 13:45:00,265.36,265.36,265.36,265.36,289502.0
2018-10-09 14:15:00,265.41,265.41,265.41,265.41,303342.0
2018-10-09 14:30:00,265.42,265.45,265.41,265.42,318320.0
2018-10-09 14:45:00,265.54,265.58,265.53,265.54,211360.0
2018-10-09 15:00:00,265.49,265.5,265.48,265.49,215809.0
2018-10-09 15:15:00,265.54,265.58,265.54,265.55,236111.0
2018-10-09 15:45:00,265.54,265.54,265.54,265.54,308404.0
2018-10-22 09:30:00,231.26,231.28,231.25,231.28,426163.0
2018-10-22 09:45:00,231.27,231.28,231.25,231.26,254870.0
2018-10-22 10:00:00,231.3,231.3,231.3,231.3,362310.0
2018-10-22 10:15:00,231.16,231.18,231.14,231.16,329406.0
2018-10-22 10:30:00,231.14,231.16,231.14,231.15,291788.0
2018-10-22 10:45:00,231.29,231.29,231.28,231.28,376583.0
2018-10-22 11:00:00,231.28,231.29,231.28,231.28,295923.0
2018-10-22 11:15:00,231.27,231.28,231.27,231.27,359715.0
2018-10-22 11:30:00,231.4,231.44,231.39,231.43,379266.0
2018-10-22 11:45:00,231.24,231.27,231.24,231.25,398069.0
2018-10-22 12:00:00,231.23,231.24,231.23,231.24,459503.0
2018-10-22 12:15:00,231.04,231.07,231.03,231.04,289515.0
2018-10-22 12:30:00,231.18,231.18,231.17,231.18,425258.0
2018-10-22 13:15:00,231.2,231.21,231.19,231.2,335641.0
2018-10-22 13:30:00,231.36,231.39,231.36,231.37,391436.0
2018-10-22 14:00:00,231.21,231.25,231.19,231.22,268144.0
2018-10-22 14:15:00,231.25,231.27,231.24,231.27,305783.0
2018-10-22 14:30:00,231.23,231.23,231.22,231.22,260072.0
2018-10-22 14:45:00,231.17,231.19,231.17,231.18,257566.0
2018-10-22 15:00:00,231.23,231.24,231.23,231.23,426145.0
2018-10-22 15:15:00,230.99,231.04,230.98,231.02,327000.0
2018-10-22 15:30:00,231.13,231.15,231.13,231.13,275858.0
2018-10-22 15:45:00,231.17,231.18,231.16,231.18,357285.0
2018-11-06 09:30:00,211.41,211.42,211.4,211.41,326941.0
2018-11-06 09:45:00,211.45,211.46,211.45,211.46,302263.0
2018-11-06 10:00:00,211.42,211.44,211.4,211.41,303377.0
2018-11-06 10:15:00,211.5,211.52,211.49,211.5,253444.0
2018-11-06 10:30:00,211.42,211.43,211.42,211.42,304466.0
2018-11-06 10:45:00,211.37,211.38,211.37,211.37,362278.0
2018-11-06 11:00:00,211.34,211.34,211.33,211.34,238783.0
2018-11-06 11:15:00,211.31,211.31,211.31,211.31,266380.0
2018-11-06 11:30:00,211.3,211.33,211.3,211.31,359585.0
2018-11-06 11:45:00,211.3,211.31,211.3,211.3,204040.0
2018-11-06 12:00:00,211.27,211.28,211.27,211.28,262505.0
2018-11-06 12:15:00,211.32,211.33,211.31,211.32,309807.0
2018-11-06 12:30:00,211.24,211.25,211.23,211.25,321845.0
2018-11-06 12:45:00,211.21,211.22,211.21,211.22,245087.0
2018-11-06 13:00:00,211.21,211.24,211.19,211.23,235439.0
2018-11-06 13:30:00,211.21,211.23,211.21,211.22,266823.0
2018-11-06 13:45:00,211.16,211.16,211.15,211.16,286889.0
2018-11-06 14:00:00,211.14,211.15,211.13,211.14,367973.0
2018-11-06 14:15:00,211.13,211.13,211.12,211.13,309091.0
2018-11-06 14:30:00,211.13,211.14,211.13,211.13,234471.0
2018-11-06 15:00:00,211.11,211.12,211.1,211.11,259103.0
2018-11-06 15:15:00,211.1,211.1,211.09,211.1,266375.0
2018-11-06 15:45:00,211.13,211.14,211.13,211.13,234329.0
2018-11-07 09:30:00,213.58,213.6,213.56,213.58,546674.0
2018-11-07 09:45:00,213.71,213.72,213.7,213.71,375696.0
2018-11-07 10:00:00,213.76,213.76,213.75,213.76,511789.0
2018-11-07 10:15:00,213.87,213.89,213.86,213.87,578626.0
2018-11-07 10:30:00,213.72,213.73,213.71,213.72,598224.0
2018-11-07 10:45:00,213.73,213.74,213.73,213.74,348280.0
2018-11-07 11:00:00,213.77,213.82,213.76,213.77,374363.0
2018-11-07 11:15:00,213.81,213.82,213.8,213.81,502543.0
2018-11-07 11:30:00,213.78,213.78,213.78,213.78,469152.0
2018-11-07 11:45:00,213.79,213.8,213.79,213.8,342599.0
2018-11-07 12:15:00,213.58,213.61,213.58,213.59,603816.0
2018-11-07 12:45:00,213.8,213.81,213.79,213.8,541521.0
2018-11-07 13:00:00,213.79,213.79,213.77,213.79,539916.0
2018-11-07 13:15:00,213.77,213.79,213.75,213.78,342860.0
2018-11-07 13:30:00,213.72,213.74,213.69,213.71,543284.0
2018-11-07 13:45:00,213.8,213.81,213.8,213.8,572083.0
2018-11-07 14:00:00,213.73,213.74,213.73,213.73,437323.0
2018-11-07 14:15:00,213.74,213.77,213.74,213.76,602197.0
2018-11-07 14:30:00,213.82,213.87,213.82,213.84,457632.0
2018-11-07 14:45:00,213.85,213.86,213.84,213.85,561957.0
2018-11-07 15:00:00,213.71,213.73,213.71,213.72,574448.0
2018-11-07 15:15:00,213.79,213.82,213.79,213.82,486241.0
2018-11-07 15:30:00,213.83,213.85,213.82,213.83,472961.0
2018-11-07 15:45:00,213.8,213.8,213.8,213.8,494801.0
2018-11-09 09:30:00,202.48,202.53,202.47,202.5,466068.0
2018-11-09 09:45:00,202.46,202.47,202.46,202.46,447627.0
2018-11-09 10:00:00,202.61,202.63,202.61,202.63,450175.0
2018-11-09 10:15:00,202.82,202.83,202.82,202.83,458875.0
2018-11-09 10:30:00,203.05,203.08,203.04,203.07,372494.0
2018-11-09 11:00:00,203.11,203.13,203.09,203.13,394033.0
2018-11-09 11:15:00,203.28,203.3,203.27,203.28,488925.0
2018-11-09 11:30:00,203.45,203.45,203.45,203.45,393850.0
2018-11-09 11:45:00,203.72,203.74,203.7,203.74,309234.0
2018-11-09 12:00:00,203.64,203.65,203.64,203.64,346393.0
2018-11-09 12:15:00,203.93,203.95,203.9,203.94,461166.0
2018-11-09 12:45:00,204.22,204.25,204.22,204.24,468899.0
2018-11-09 13:15:00,204.55,204.56,204.52,204.52,385259.0
2018-11-09 13:30:00,204.48,204.49,204.48,204.48,344605.0
2018-11-09 13:45:00,204.64,204.65,204.64,204.65,295031.0
2018-11-09 14:00:00,204.97,205.01,204.96,205.0,296712.0
2018-11-09 14:15:00,204.87,204.9,204.87,204.87,434991.0
2018-11-09 14:30:00,205.02,205.03,205.02,205.03,500257.0
2018-11-09 14:45:00,205.15,205.15,205.14,205.15,280963.0
2018-11-09 15:00:00,205.27,205.27,205.27,205.27,361387.0
2018-11-09 15:15:00,205.27,205.29,205.27,205.28,366053.0
2018-11-09 15:30:00,205.37,205.4,205.36,205.38,326961.0
2018-11-19 09:30:00,161.76,161.8,161.73,161.76,1333759.0
2018-11-19 09:45:00,161.16,161.19,161.15,161.16,1349889.0
2018-11-19 10:00:00,160.44,160.47,160.44,160.45,1657775.0
2018-11-19 10:30:00,158.98,159.01,158.97,159.0,1937792.0
2018-11-19 10:45:00,158.46,158.51,158.46,158.49,1457666.0
2018-11-19 11:00:00,157.72,157.75,157.72,157.74,1693203.0
2018-11-19 11:15:00,157.15,157.21,157.14,157.17,1472338.0
2018-11-19 11:30:00,156.54,156.56,156.52,156.54,1608895.0
2018-11-19 11:45:00,155.52,155.53,155.49,155.51,1321135.0
2018-11-19 12:00:00,155.21,155.32,155.17,155.2,1210043.0
2018-11-19 12:15:00,154.47,154.5,154.42,154.5,1426154.0
2018-11-19 12:30:00,153.58,153.59,153.57,153.58,1896522.0
2018-11-19 12:45:00,152.95,152.97,152.93,152.96,1501928.0
2018-11-19 13:00:00,152.34,152.4,152.3,152.34,2085955.0
2018-11-19 13:15:00,151.58,151.6,151.57,151.6,1698657.0
2018-11-19 13:45:00,150.18,150.2,150.18,150.19,1987404.0
2018-11-19 14:15:00,148.87,148.88,148.87,148.88,1925689.0
2018-11-19 14:30:00,148.31,148.43,148.28,148.35,1706901.0
2018-11-19 15:00:00,146.61,146.71,146.61,146.65,1269823.0
2018-11-19 15:15:00,146.06,146.12,146.06,146.1,1510161.0
2018-11-19 15:30:00,145.67,145.72,145.62,145.69,1612541.0
2018-11-19 15:45:00,144.7,144.71,144.7,144.71,1176414.0
2018-11-27 09:30:00,152.02,152.04,152.01,152.03,621925.0
2018-11-27 09:45:00,152.13,152.16,152.1,152.14,684593.0
2018-11-27 10:00:00,152.1,152.11,152.09,152.1,669640.0
2018-11-27 10:15:00,152.23,152.25,152.22,152.23,884176.0
2018-11-27 10:30:00,152.33,152.35,152.31,152.33,661204.0
2018-11-27 10:45:00,152.23,152.24,152.23,152.24,642481.0
2018-11-27 11:00:00,152.35,152.36,152.34,152.35,817739.0
2018-11-27 11:30:00,152.5,152.54,152.5,152.53,555598.0
2018-11-27 11:45:00,152.23,152.28,152.22,152.25,749886.0
2018-11-27 12:00:00,152.64,152.65,152.64,152.64,533249.0
2018-11-27 12:15:00,152.83,152.85,152.81,152.85,539406.0
2018-11-27 12:45:00,152.79,152.84,152.78,152.82,913071.0
2018-11-27 13:00:00,153.0,153.01,152.99,153.0,609694.0
2018-11-27 13:15:00,152.93,152.97,152.92,152.93,780258.0
2018-11-27 13:30:00,153.02,153.03,153.02,153.03,546863.0
2018-11-27 13:45:00,153.27,153.28,153.26,153.27,855186.0
2018-11-27 14:15:00,153.26,153.27,153.26,153.27,700592.0
2018-11-27 14:30:00,153.27,153.28,153.27,153.28,693039.0
2018-11-27 14:45:00,153.44,153.45,153.44,153.45,715790.0
2018-11-27 15:00:00,153.33,153.35,153.32,153.35,802787.0
2018-11-27 15:15:00,153.72,153.75,153.71,153.74,855043.0
2018-11-27 15:30:00,153.57,153.58,153.55,153.57,824546.0
2018-11-27 15:45:00,153.66,153.68,153.65,153.66,878992.0
2018-11-29 09:30:00,160.02,160.06,160.02,160.03,418047.0
2018-11-29 09:45:00,159.96,159.96,159.96,159.96,670789.0
2018-11-29 10:00:00,159.8,159.81,159.8,159.8,618012.0
2018-11-29 10:15:00,159.67,159.69,159.67,159.68,671915.0
2018-11-29 10:30:00,159.57,159.59,159.56,159.57,645364.0
2018-11-29 10:45:00,159.4,159.41,159.4,159.41,494307.0
2018-11-29 11:00:00,159.55,159.59,159.54,159.56,517568.0
2018-11-29 11:15:00,159.25,159.26,159.25,159.25,440332.0
2018-11-29 11:30:00,159.16,159.17,159.16,159.17,556953.0
2018-11-29 11:45:00,159.04,159.06,159.04,159.06,456428.0
2018-11-29 12:00:00,158.77,158.79,158.76,158.77,432857.0
2018-11-29 12:15:00,158.85,158.86,158.85,158.86,589344.0
2018-11-29 12:30:00,158.75,158.77,158.75,158.76,563099.0
2018-11-29 12:45:00,158.61,158.61,158.61,158.61,614534.0
2018-11-29 13:00:00,158.56,158.59,158.56,158.57,506971.0
2018-11-29 13:15:00,158.44,158.45,158.43,158.44,626083.0
2018-11-29 13:30:00,158.17,158.2,158.15,158.16,684500.0
2018-11-29 14:00:00,157.95,157.98,157.95,157.95,436887.0
2018-11-29 14:15:00,157.97,157.99,157.96,157.98,520481.0
2018-11-29 14:30:00,157.89,157.91,157.89,157.89,627365.0
2018-11-29 14:45:00,157.79,157.8,157.78,157.8,562554.0
2018-11-29 15:00:00,157.65,157.65,157.65,157.65,604031.0
2018-11-29 15:15:00,157.47,157.48,157.47,157.48,469644.0
2018-11-29 15:30:00,157.45,157.46,157.44,157.45,384968.0
2018-11-29 15:45:00,157.45,157.47,157.45,157.47,614679.0
2018-12-13 09:30:00,150.74,150.75,150.73,150.74,361836.0
2018-12-13 09:45:00,150.73,150.74,150.73,150.73,348535.0
2018-12-13 10:00:00,150.63,150.64,150.63,150.64,418713.0
2018-12-13 10:15:00,150.58,150.59,150.58,150.59,398530.0
2018-12-13 10:30:00,150.43,150.46,150.4,150.44,332948.0
2018-12-13 10:45:00,150.58,150.61,150.57,150.59,362944.0
2018-12-13 11:00:00,150.37,150.39,150.37,150.38,444747.0
2018-12-13 11:15:00,150.28,150.29,150.28,150.29,359412.0
2018-12-13 11:30:00,150.13,150.16,150.13,150.14,451666.0
2018-12-13 12:00:00,150.03,150.06,150.02,150.02,454535.0
2018-12-13 12:15:00,149.91,149.92,149.91,149.92,483720.0
2018-12-13 12:30:00,149.85,149.88,149.85,149.87,468081.0
2018-12-13 12:45:00,149.91,149.93,149.91,149.91,414943.0
2018-12-13 13:00:00,149.7,149.72,149.7,149.71,340184.0
2018-12-13 13:15:00,149.55,149.56,149.55,149.56,446454.0
2018-12-13 13:30:00,149.49,149.5,149.49,149.5,546327.0
2018-12-13 14:00:00,149.42,149.43,149.42,149.42,532644.0
2018-12-13 14:15:00,149.41,149.45,149.4,149.43,535440.0
2018-12-13 14:30:00,149.27,149.28,149.26,149.27,320495.0
2018-12-13 14:45:00,149.19,149.19,149.19,149.19,499064.0
2018-12-13 15:00:00,149.08,149.09,149.08,149.08,477735.0
2018-12-13 15:15:00,149.1,149.13,149.09,149.1,348255.0
2018-12-13 15:45:00,148.91,148.94,148.9,148.92,444978.0
2018-12-17 09:30:00,145.24,145.27,145.21,145.23,609046.0
2018-12-17 10:00:00,145.21,145.22,145.2,145.21,593104.0
2018-12-17 10:15:00,145.05,145.05,145.05,145.05,785662.0
2018-12-17 10:30:00,144.97,145.0,144.95,144.98,780499.0
2018-12-17 10:45:00,144.93,144.95,144.92,144.93,627571.0
2018-12-17 11:00:00,144.81,144.82,144.8,144.81,644593.0
2018-12-17 11:15:00,144.65,144.68,144.65,144.65,606965.0
2018-12-17 11:30:00,144.72,144.73,144.71,144.72,733811.0
2018-12-17 12:00:00,144.61,144.63,144.6,144.63,782248.0
2018-12-17 12:15:00,144.55,144.55,144.55,144.55,609568.0
2018-12-17 12:30:00,144.65,144.68,144.64,144.66,458066.0
2018-12-17 12:45:00,144.43,144.44,144.42,144.43,510930.0
2018-12-17 13:00:00,144.3,144.31,144.29,144.3,584931.0
2018-12-17 13:15:00,144.08,144.08,144.07,144.08,459599.0
2018-12-17 13:45:00,144.13,144.13,144.13,144.13,529902.0
2018-12-17 14:00:00,144.04,144.05,144.04,144.04,682943.0
2018-12-17 14:15:00,143.98,143.99,143.97,143.98,469498.0
2018-12-17 14:30:00,143.84,143.84,143.83,143.84,824743.0
2018-12-17 14:45:00,143.81,143.82,143.81,143.82,486634.0
2018-12-17 15:15:00,143.97,143.99,143.94,143.95,641568.0
2018-12-17 15:30:00,143.48,143.52,143.46,143.51,768587.0
2018-12-17 15:45:00,143.6,143.62,143.59,143.61,702770.0
2018-12-18 09:30:00,145.33,145.35,145.32,145.33,500697.0
2018-12-18 09:45:00,145.46,145.48,145.46,145.46,629020.0
2018-12-18 10:00:00,145.48,145.48,145.47,145.48,542033.0
2018-12-18 10:15:00,145.53,145.54,145.52,145.53,549777.0
2018-12-18 10:45:00,145.51,145.52,145.5,145.51,479813.0
2018-12-18 11:00:00,145.68,145.69,145.67,145.68,624084.0
2018-12-18 11:15:00,145.81,145.82,145.81,145.81,569711.0
2018-12-18 11:30:00,145.94,145.94,145.94,145.94,504525.0
2018-12-18 11:45:00,145.85,145.87,145.85,145.86,577917.0
2018-12-18 12:15:00,146.07,146.08,146.07,146.07,702740.0
2018-12-18 12:30:00,146.17,146.18,146.16,146.17,644794.0
2018-12-18 12:45:00,146.21,146.21,146.21,146.21,658785.0
2018-12-18 13:00:00,146.25,146.27,146.25,146.26,600315.0
2018-12-18 13:15:00,146.31,146.32,146.29,146.31,404226.0
2018-12-18 13:30:00,146.38,146.38,146.38,146.38,641111.0
2018-12-18 13:45:00,146.42,146.43,146.42,146.42,622170.0
2018-12-18 14:00:00,146.48,146.5,146.48,146.49,635824.0
2018-12-18 14:15:00,146.54,146.54,146.53,146.54,589985.0
2018-12-18 14:45:00,146.69,146.7,146.68,146.69,442428.0
2018-12-18 15:00:00,146.76,146.77,146.75,146.76,601008.0
2018-12-18 15:15:00,146.77,146.8,146.76,146.77,565588.0
2018-12-18 15:30:00,146.9,146.92,146.89,146.9,583208.0
2018-12-18 15:45:00,146.98,147.0,146.98,146.99,571401.0
2018-12-20 09:30:00,138.32,138.35,138.32,138.33,580802.0
2018-12-20 10:00:00,137.8,137.81,137.79,137.81,602879.0
2018-12-20 10:15:00,137.7,137.7,137.7,137.7,707046.0
2018-12-20 10:30:00,137.43,137.47,137.43,137.46,870398.0
2018-12-20 10:45:00,137.62,137.66,137.61,137.65,871111.0
2018-12-20 11:00:00,137.54,137.56,137.53,137.54,602234.0
2018-12-20 11:15:00,137.18,137.23,137.16,137.19,546812.0
2018-12-20 11:30:00,137.23,137.24,137.22,137.23,761855.0
2018-12-20 11:45:00,137.11,137.12,137.11,137.12,713941.0
2018-12-20 12:00:00,136.96,137.0,136.94,136.94,571574.0
2018-12-20 12:15:00,136.85,136.87,136.85,136.85,508029.0
2018-12-20 12:30:00,136.71,136.73,136.7,136.7,822927.0
2018-12-20 12:45:00,136.79,136.84,136.74,136.8,565464.0
2018-12-20 13:00:00,136.44,136.48,136.43,136.45,743014.0
2018-12-20 13:15:00,136.31,136.32,136.3,136.32,726375.0
2018-12-20 13:30:00,136.13,136.15,136.13,136.15,765742.0
2018-12-20 14:00:00,135.97,135.98,135.97,135.97,843315.0
2018-12-20 14:15:00,135.82,135.84,135.82,135.83,667573.0
2018-12-20 14:30:00,135.74,135.76,135.73,135.75,919112.0
2018-12-20 14:45:00,135.77,135.83,135.77,135.8,684750.0
2018-12-20 15:00:00,135.49,135.5,135.49,135.49,786699.0
2018-12-20 15:15:00,135.33,135.33,135.32,135.33,811666.0
2018-12-20 15:30:00,135.28,135.32,135.27,135.31,819535.0
2018-12-20 15:45:00,135.1,135.1,135.1,135.1,535874.0
2018-12-31 09:30:00,135.38,135.39,135.38,135.38,580612.0
2018-12-31 10:00:00,135.28,135.28,135.27,135.28,455369.0
2018-12-31 10:15:00,135.21,135.22,135.21,135.21,433221.0
2018-12-31 10:30:00,135.11,135.11,135.1,135.11,476935.0
2018-12-31 10:45:00,134.92,134.92,134.92,134.92,481850.0
2018-12-31 11:00:00,134.93,134.94,134.92,134.93,565475.0
2018-12-31 11:15:00,134.93,134.95,134.93,134.95,313723.0
2018-12-31 11:30:00,134.78,134.78,134.78,134.78,544473.0
2018-12-31 11:45:00,134.73,134.74,134.72,134.72,527650.0
2018-12-31 12:00:00,134.6,134.63,134.6,134.61,342890.0
2018-12-31 12:15:00,134.62,134.63,134.62,134.62,539718.0
2018-12-31 12:30:00,134.46,134.47,134.46,134.47,368203.0
2018-12-31 12:45:00,134.46,134.47,134.45,134.47,406436.0
2018-12-31 13:00:00,134.27,134.3,134.27,134.29,380495.0
2018-12-31 13:15:00,134.39,134.42,134.39,134.4,500534.0
2018-12-31 13:30:00,134.22,134.24,134.2,134.22,569370.0
2018-12-31 14:00:00,133.91,133.92,133.91,133.91,534137.0
2018-12-31 14:15:00,133.95,133.95,133.95,133.95,378520.0
2018-12-31 14:30:00,133.91,133.92,133.91,133.91,337499.0
2018-12-31 14:45:00,133.77,133.79,133.77,133.78,330389.0
2018-12-31 15:00:00,133.75,133.77,133.74,133.75,580629.0
2018-12-31 15:15:00,133.65,133.67,133.65,133.66,535926.0
2018-12-31 15:30:00,133.51,133.51,133.5,133.51,419887.0
2018-12-31 15:45:00,133.57,133.6,133.57,133.6,452241.0
2019-01-02 09:30:00,130.63,130.67,130.63,130.66,498201.0
2019-01-02 09:45:00,130.9,130.91,130.88,130.91,529111.0
2019-01-02 10:00:00,131.06,131.07,131.06,131.06,423528.0
2019-01-02 10:15:00,131.27,131.29,131.26,131.28,450455.0
2019-01-02 11:00:00,131.78,131.83,131.77,131.77,496351.0
2019-01-02 11:30:00,132.25,132.27,132.22,132.26,519317.0
2019-01-02 11:45:00,132.63,132.66,132.61,132.65,513692.0
2019-01-02 12:00:00,132.88,132.88,132.87,132.88,537673.0
2019-01-02 12:15:00,132.9,132.91,132.89,132.91,503483.0
2019-01-02 12:30:00,133.08,133.1,133.04,133.09,342951.0
2019-01-02 12:45:00,133.5,133.53,133.48,133.5,457364.0
2019-01-02 13:00:00,133.76,133.76,133.76,133.76,469033.0
2019-01-02 13:15:00,134.09,134.12,134.06,134.1,391267.0
2019-01-02 13:30:00,134.23,134.27,134.2,134.22,485638.0
2019-01-02 13:45:00,134.43,134.44,134.43,134.44,425942.0
2019-01-02 14:00:00,134.66,134.68,134.66,134.66,548768.0
2019-01-02 14:15:00,134.86,134.87,134.86,134.87,524344.0
2019-01-02 14:30:00,135.11,135.12,135.11,135.12,400450.0
2019-01-02 14:45:00,135.32,135.33,135.31,135.32,493593.0
2019-01-02 15:00:00,135.55,135.56,135.55,135.56,416993.0
2019-01-02 15:15:00,135.75,135.75,135.75,135.75,458759.0
2019-01-02 15:30:00,135.82,135.87,135.82,135.82,592040.0
2019-01-02 15:45:00,136.26,136.29,136.25,136.25,409240.0
2019-01-10 09:30:00,141.82,141.84,141.81,141.83,604421.0
2019-01-10 09:45:00,141.95,141.95,141.95,141.95,414517.0
2019-01-10 10:00:00,141.85,141.88,141.85,141.87,606229.0
2019-01-10 10:15:00,142.08,142.11,142.06,142.08,505440.0
2019-01-10 10:30:00,142.53,142.55,142.52,142.52,380831.0
2019-01-10 10:45:00,142.55,142.57,142.55,142.56,634643.0
2019-01-10 11:15:00,142.71,142.72,142.71,142.71,489366.0
2019-01-10 11:30:00,142.8,142.81,142.8,142.8,651448.0
2019-01-10 11:45:00,143.0,143.01,142.99,143.0,646722.0
2019-01-10 12:00:00,143.16,143.17,143.16,143.17,371897.0
2019-01-10 12:30:00,143.4,143.45,143.39,143.43,424736.0
2019-01-10 12:45:00,143.63,143.65,143.62,143.65,483876.0
2019-01-10 13:00:00,143.69,143.71,143.67,143.71,550141.0
2019-01-10 13:15:00,143.86,143.88,143.86,143.87,408948.0
2019-01-10 13:30:00,143.85,143.87,143.85,143.87,531740.0
2019-01-10 13:45:00,144.26,144.3,144.26,144.27,646817.0
2019-01-10 14:00:00,144.28,144.28,144.28,144.28,491895.0
2019-01-10 14:15:00,144.34,144.34,144.32,144.33,443134.0
2019-01-10 14:30:00,144.53,144.54,144.53,144.53,376774.0
2019-01-10 14:45:00,144.68,144.69,144.68,144.69,515497.0
2019-01-10 15:00:00,144.6,144.61,144.59,144.61,411266.0
2019-01-10 15:15:00,145.07,145.09,145.07,145.09,601025.0
2019-01-10 15:30:00,145.31,145.32,145.31,145.32,369305.0
2019-01-10 15:45:00,145.2,145.2,145.2,145.2,610481.0
2019-01-16 09:30:00,150.97,150.97,150.97,150.97,334499.0
2019-01-16 09:45:00,150.95,150.97,150.95,150.96,449058.0
2019-01-16 10:00:00,150.74,150.76,150.74,150.75,429208.0
2019-01-16 10:15:00,150.57,150.59,150.57,150.59,499425.0
2019-01-16 10:30:00,150.67,150.68,150.66,150.66,482530.0
2019-01-16 10:45:00,150.53,150.53,150.53,150.53,531412.0
2019-01-16 11:00:00,150.58,150.59,150.57,150.57,576623.0
2019-01-16 11:15:00,150.38,150.39,150.37,150.38,414222.0
2019-01-16 11:30:00,150.28,150.29,150.28,150.28,530388.0
2019-01-16 11:45:00,150.2,150.2,150.19,150.2,504514.0
2019-01-16 12:00:00,150.09,150.09,150.07,150.09,518788.0
2019-01-16 12:15:00,150.04,150.04,150.04,150.04,391322.0
2019-01-16 12:30:00,149.98,149.98,149.98,149.98,392326.0
2019-01-16 12:45:00,149.88,149.89,149.88,149.89,488245.0
2019-01-16 13:00:00,149.88,149.89,149.87,149.88,506172.0
2019-01-16 13:15:00,149.64,149.65,149.64,149.65,350811.0
2019-01-16 13:30:00,149.58,149.58,149.57,149.58,330055.0
2019-01-16 13:45:00,149.55,149.55,149.54,149.55,364430.0
2019-01-16 14:15:00,149.3,149.31,149.3,149.3,419842.0
2019-01-16 14:30:00,149.3,149.31,149.3,149.3,386321.0
2019-01-16 14:45:00,149.19,149.19,149.19,149.19,454148.0
2019-01-16 15:00:00,149.11,149.12,149.11,149.12,521409.0
2019-01-16 15:15:00,149.02,149.03,149.02,149.02,582168.0
2019-01-16 15:30:00,148.79,148.8,148.79,148.79,575187.0
2019-01-17 09:30:00,147.24,147.26,147.23,147.26,541001.0
2019-01-17 09:45:00,147.69,147.72,147.68,147.7,486103.0
2019-01-17 10:00:00,147.85,147.86,147.84,147.84,543916.0
2019-01-17 10:15:00,147.77,147.81,147.77,147.78,371339.0
2019-01-17 10:30:00,148.18,148.19,148.18,148.18,363680.0
2019-01-17 11:00:00,148.51,148.54,148.5,148.52,555541.0
2019-01-17 11:15:00,148.7,148.71,148.7,148.71,466358.0
2019-01-17 11:30:00,149.04,149.07,149.04,149.05,469959.0
2019-01-17 11:45:00,149.05,149.06,149.05,149.05,466694.0
2019-01-17 12:00:00,149.32,149.33,149.3,149.32,453838.0
2019-01-17 12:15:00,149.25,149.26,149.24,149.26,427561.0
2019-01-17 12:30:00,149.53,149.54,149.52,149.53,539635.0
2019-01-17 12:45:00,149.68,149.69,149.68,149.68,578339.0
2019-01-17 13:00:00,149.82,149.84,149.82,149.83,448425.0
2019-01-17 13:15:00,150.09,150.1,150.08,150.1,564232.0
2019-01-17 13:30:00,150.18,150.2,150.18,150.19,584685.0
2019-01-17 13:45:00,150.41,150.43,150.41,150.43,511030.0
2019-01-17 14:00:00,150.45,150.47,150.45,150.46,430715.0
2019-01-17 14:15:00,150.72,150.73,150.72,150.72,388580.0
2019-01-17 14:30:00,150.86,150.9,150.86,150.87,438074.0
2019-01-17 14:45:00,151.0,151.03,151.0,151.02,400490.0
2019-01-17 15:30:00,151.44,151.46,151.42,151.43,373641.0
2019-01-17 15:45:00,151.57,151.6,151.57,151.58,475715.0
2019-01-24 09:30:00,152.66,152.66,152.66,152.66,641802.0
2019-01-24 09:45:00,152.73,152.76,152.71,152.75,676156.0
2019-01-24 10:00:00,153.08,153.11,153.08,153.09,777298.0
2019-01-24 10:15:00,153.25,153.26,153.25,153.25,701812.0
2019-01-24 10:30:00,153.5,153.52,153.49,153.5,701563.0
2019-01-24 10:45:00,153.73,153.73,153.72,153.73,580769.0
2019-01-24 11:00:00,153.98,153.99,153.98,153.98,885738.0
2019-01-24 11:30:00,154.36,154.38,154.35,154.37,589386.0
2019-01-24 11:45:00,154.53,154.54,154.53,154.54,559790.0
2019-01-24 12:00:00,154.74,154.75,154.74,154.74,595533.0
2019-01-24 12:15:00,155.01,155.03,155.01,155.02,622830.0
2019-01-24 12:30:00,155.1,155.11,155.1,155.11,701823.0
2019-01-24 12:45:00,155.38,155.41,155.37,155.39,562685.0
2019-01-24 13:00:00,155.61,155.62,155.6,155.61,864849.0
2019-01-24 13:15:00,155.8,155.81,155.8,155.81,535567.0
2019-01-24 13:30:00,155.68,155.7,155.68,155.68,697574.0
2019-01-24 14:15:00,156.61,156.63,156.61,156.62,486331.0
2019-01-24 14:30:00,156.84,156.87,156.83,156.85,486394.0
2019-01-24 14:45:00,157.01,157.02,157.01,157.01,731184.0
2019-01-24 15:15:00,157.4,157.42,157.4,157.42,571370.0
2019-01-24 15:30:00,157.68,157.71,157.68,157.71,511769.0
2019-01-24 15:45:00,157.83,157.83,157.83,157.83,603800.0
2019-01-30 09:45:00,134.71,134.75,134.71,134.73,772470.0
2019-01-30 10:15:00,135.01,135.02,135.01,135.01,1033622.0
2019-01-30 10:30:00,135.08,135.1,135.08,135.08,973012.0
2019-01-30 10:45:00,135.2,135.21,135.2,135.21,914819.0
2019-01-30 11:00:00,135.29,135.35,135.29,135.32,674266.0
2019-01-30 11:15:00,135.36,135.37,135.35,135.37,861165.0
2019-01-30 11:30:00,135.52,135.53,135.52,135.53,885737.0
2019-01-30 11:45:00,135.6,135.62,135.6,135.6,754053.0
2019-01-30 12:00:00,135.72,135.76,135.71,135.73,1168184.0
2019-01-30 12:15:00,135.72,135.75,135.71,135.71,793586.0
2019-01-30 12:30:00,135.97,135.98,135.96,135.98,798844.0
2019-01-30 12:45:00,136.06,136.08,136.06,136.07,712031.0
2019-01-30 13:00:00,136.14,136.18,136.13,136.15,1113765.0
2019-01-30 13:15:00,136.26,136.27,136.26,136.27,833840.0
2019-01-30 13:30:00,136.42,136.44,136.42,136.44,1086783.0
2019-01-30 13:45:00,136.49,136.5,136.49,136.5,1166241.0
2019-01-30 14:15:00,136.82,136.85,136.79,136.82,675859.0
2019-01-30 14:30:00,136.78,136.79,136.78,136.78,996423.0
2019-01-30 14:45:00,136.9,136.92,136.9,136.91,1104072.0
2019-01-30 15:00:00,137.06,137.06,137.05,137.06,959766.0
2019-01-30 15:15:00,137.24,137.25,137.23,137.24,978726.0
2019-01-30 15:30:00,137.29,137.3,137.29,137.29,1005166.0
2019-01-30 15:45:00,137.4,137.4,137.4,137.4,932171.0
2019-02-01 09:45:00,144.47,144.48,144.46,144.48,584914.0
2019-02-01 10:00:00,144.52,144.53,144.52,144.53,590313.0
2019-02-01 10:15:00,144.5,144.51,144.5,144.5,559118.0
2019-02-01 10:30:00,144.53,144.53,144.53,144.53,496552.0
2019-02-01 10:45:00,144.45,144.47,144.44,144.46,672345.0
2019-02-01 11:00:00,144.58,144.59,144.58,144.58,521429.0
2019-02-01 11:15:00,144.54,144.54,144.53,144.54,434529.0
2019-02-01 11:45:00,144.53,144.54,144.53,144.54,671562.0
2019-02-01 12:00:00,144.63,144.64,144.63,144.63,463500.0
2019-02-01 12:15:00,144.58,144.59,144.58,144.58,494357.0
2019-02-01 12:30:00,144.58,144.6,144.57,144.59,494976.0
2019-02-01 12:45:00,144.62,144.63,144.62,144.62,682730.0
2019-02-01 13:00:00,144.59,144.6,144.58,144.59,436800.0
2019-02-01 13:15:00,144.65,144.65,144.65,144.65,624359.0
2019-02-01 13:30:00,144.58,144.59,144.57,144.58,557753.0
2019-02-01 13:45:00,144.63,144.65,144.63,144.64,539300.0
2019-02-01 14:00:00,144.66,144.68,144.66,144.66,718493.0
2019-02-01 14:15:00,144.73,144.74,144.73,144.74,507002.0
2019-02-01 14:30:00,144.68,144.68,144.68,144.68,636975.0
2019-02-01 14:45:00,144.66,144.67,144.66,144.66,615341.0
2019-02-01 15:00:00,144.69,144.7,144.69,144.69,571664.0
2019-02-01 15:15:00,144.67,144.68,144.67,144.67,689092.0
2019-02-01 15:30:00,144.73,144.74,144.73,144.73,743979.0
2019-02-01 15:45:00,144.66,144.67,144.66,144.67,428704.0
2019-02-05 09:30:00,149.65,149.65,149.65,149.65,658140.0
2019-02-05 09:45:00,149.66,149.67,149.66,149.66,614548.0
2019-02-05 10:00:00,149.66,149.66,149.66,149.66,409258.0
2019-02-05 10:15:00,149.63,149.65,149.63,149.64,642858.0
2019-02-05 10:45:00,149.78,149.79,149.77,149.79,411806.0
2019-02-05 11:00:00,149.71,149.71,149.71,149.71,647817.0
2019-02-05 11:15:00,149.75,149.75,149.75,149.75,476923.0
2019-02-05 11:30:00,149.84,149.86,149.84,149.85,633535.0
2019-02-05 11:45:00,149.8,149.81,149.8,149.8,585462.0
2019-02-05 12:00:00,149.78,149.79,149.78,149.79,640875.0
2019-02-05 12:15:00,149.81,149.82,149.81,149.82,577356.0
2019-02-05 12:45:00,149.8,149.81,149.8,149.8,439182.0
2019-02-05 13:00:00,149.82,149.83,149.82,149.83,370444.0
2019-02-05 13:30:00,149.84,149.84,149.84,149.84,648352.0
2019-02-05 13:45:00,149.83,149.85,149.82,149.84,556969.0
2019-02-05 14:00:00,149.88,149.89,149.88,149.89,404603.0
2019-02-05 14:15:00,149.88,149.88,149.87,149.88,532837.0
2019-02-05 14:30:00,149.9,149.92,149.9,149.91,513071.0
2019-02-05 14:45:00,149.86,149.88,149.86,149.87,389009.0
2019-02-05 15:00:00,149.9,149.91,149.89,149.9,650631.0
2019-02-05 15:30:00,149.95,149.96,149.94,149.95,371463.0
2019-02-05 15:45:00,149.85,149.86,149.85,149.85,564258.0
2019-02-06 09:30:00,151.28,151.28,151.28,151.28,510761.0
2019-02-06 09:45:00,151.42,151.44,151.42,151.43,531678.0
2019-02-06 10:15:00,151.5,151.52,151.5,151.51,556686.0
2019-02-06 10:30:00,151.51,151.52,151.51,151.51,828397.0
2019-02-06 10:45:00,151.73,151.75,151.73,151.73,845799.0
2019-02-06 11:00:00,151.72,151.72,151.72,151.72,586332.0
2019-02-06 11:15:00,151.57,151.6,151.57,151.58,818940.0
2019-02-06 11:45:00,151.95,151.96,151.94,151.95,816713.0
2019-02-06 12:00:00,152.04,152.05,152.03,152.04,500431.0
2019-02-06 12:15:00,152.01,152.02,152.01,152.02,769155.0
2019-02-06 12:30:00,152.09,152.09,152.08,152.09,683759.0
2019-02-06 12:45:00,152.15,152.16,152.15,152.16,792167.0
2019-02-06 13:00:00,152.21,152.22,152.2,152.22,861288.0
2019-02-06 13:15:00,152.23,152.26,152.23,152.24,585365.0
2019-02-06 13:30:00,152.42,152.44,152.42,152.42,479731.0
2019-02-06 14:00:00,152.51,152.51,152.51,152.51,673588.0
2019-02-06 14:15:00,152.59,152.6,152.59,152.59,796879.0
2019-02-06 14:30:00,152.5,152.51,152.49,152.51,673972.0
2019-02-06 14:45:00,152.74,152.74,152.73,152.74,787978.0
2019-02-06 15:00:00,152.78,152.78,152.78,152.78,652656.0
2019-02-06 15:15:00,152.83,152.84,152.83,152.83,586650.0
2019-02-06 15:30:00,153.02,153.03,153.0,153.02,612791.0
2019-02-06 15:45:00,152.95,152.96,152.95,152.95,513482.0
2019-02-07 09:30:00,151.18,151.21,151.18,151.2,565727.0
2019-02-07 10:00:00,150.95,150.96,150.93,150.95,513356.0
2019-02-07 10:15:00,150.66,150.68,150.65,150.67,438624.0
2019-02-07 10:30:00,150.51,150.52,150.51,150.52,476737.0
2019-02-07 10:45:00,150.34,150.36,150.34,150.35,582417.0
2019-02-07 11:00:00,150.27,150.27,150.26,150.27,492023.0
2019-02-07 11:15:00,150.14,150.15,150.14,150.15,683415.0
2019-02-07 11:30:00,149.92,149.94,149.91,149.93,537122.0
2019-02-07 11:45:00,149.89,149.93,149.88,149.9,664282.0
2019-02-07 12:00:00,149.67,149.68,149.67,149.68,702476.0
2019-02-07 12:15:00,149.56,149.57,149.56,149.57,583005.0
2019-02-07 12:30:00,149.26,149.27,149.25,149.27,490695.0
2019-02-07 12:45:00,149.06,149.09,149.06,149.07,579489.0
2019-02-07 13:00:00,149.09,149.09,149.09,149.09,621374.0
2019-02-07 13:15:00,148.92,148.93,148.92,148.93,465556.0
2019-02-07 13:30:00,148.64,148.67,148.64,148.66,593703.0
2019-02-07 13:45:00,148.63,148.64,148.63,148.64,662755.0
2019-02-07 14:00:00,148.44,148.44,148.43,148.43,460965.0
2019-02-07 14:15:00,148.34,148.35,148.34,148.34,614443.0
2019-02-07 14:30:00,148.09,148.11,148.09,148.1,559515.0
2019-02-07 14:45:00,148.16,148.16,148.14,148.16,564706.0
2019-02-07 15:15:00,147.73,147.74,147.72,147.73,656092.0
2019-02-07 15:30:00,147.58,147.59,147.58,147.59,574301.0
2019-02-07 15:45:00,147.36,147.39,147.34,147.39,565302.0
2019-02-11 09:30:00,146.38,146.39,146.38,146.38,402621.0
2019-02-11 10:00:00,146.39,146.4,146.39,146.39,362093.0
2019-02-11 10:15:00,146.36,146.37,146.36,146.37,398736.0
2019-02-11 10:30:00,146.22,146.24,146.22,146.23,468503.0
2019-02-11 10:45:00,146.3,146.31,146.29,146.29,431520.0
2019-02-11 11:00:00,146.46,146.47,146.45,146.46,413717.0
2019-02-11 11:15:00,146.36,146.37,146.36,146.36,395796.0
2019-02-11 11:30:00,146.41,146.42,146.41,146.41,502006.0
2019-02-11 11:45:00,146.46,146.47,146.46,146.47,367506.0
2019-02-11 12:15:00,146.42,146.42,146.41,146.42,417695.0
2019-02-11 12:30:00,146.45,146.47,146.44,146.45,591572.0
2019-02-11 12:45:00,146.4,146.4,146.4,146.4,497018.0
2019-02-11 13:00:00,146.45,146.46,146.45,146.46,366147.0
2019-02-11 13:15:00,146.45,146.45,146.44,146.44,466254.0
2019-02-11 13:30:00,146.48,146.5,146.47,146.48,470459.0
2019-02-11 13:45:00,146.48,146.49,146.48,146.48,603053.0
2019-02-11 14:00:00,146.43,146.44,146.43,146.44,354674.0
2019-02-11 14:15:00,146.44,146.47,146.43,146.46,528591.0
2019-02-11 14:30:00,146.43,146.44,146.43,146.43,516104.0
2019-02-11 14:45:00,146.4,146.41,146.4,146.4,485726.0
2019-02-11 15:15:00,146.42,146.43,146.41,146.43,596265.0
2019-02-11 15:30:00,146.4,146.41,146.39,146.4,528623.0
2019-02-11 15:45:00,146.45,146.47,146.45,146.46,617405.0
2019-02-13 09:45:00,152.38,152.38,152.38,152.38,408295.0
2019-02-13 10:00:00,152.38,152.4,152.38,152.38,656425.0
2019-02-13 10:15:00,152.49,152.51,152.49,152.49,504492.0
2019-02-13 10:30:00,152.38,152.4,152.38,152.39,701701.0
2019-02-13 11:00:00,152.5,152.5,152.5,152.5,741574.0
2019-02-13 11:15:00,152.6,152.63,152.59,152.61,593333.0
2019-02-13 11:30:00,152.49,152.53,152.48,152.51,755979.0
2019-02-13 11:45:00,152.49,152.51,152.49,152.51,495516.0
2019-02-13 12:00:00,152.54,152.55,152.54,152.54,647901.0
2019-02-13 12:30:00,152.6,152.6,152.6,152.6,650555.0
2019-02-13 12:45:00,152.75,152.76,152.75,152.76,597374.0
2019-02-13 13:00:00,152.59,152.6,152.59,152.6,746919.0
2019-02-13 13:15:00,152.66,152.69,152.66,152.67,557881.0
2019-02-13 13:30:00,152.7,152.72,152.7,152.71,520504.0
2019-02-13 13:45:00,152.66,152.68,152.66,152.68,623009.0
2019-02-13 14:00:00,152.67,152.69,152.67,152.69,619458.0
2019-02-13 14:15:00,152.66,152.68,152.65,152.66,557385.0
2019-02-13 14:30:00,152.78,152.78,152.78,152.78,493722.0
2019-02-13 14:45:00,152.8,152.82,152.79,152.81,665452.0
2019-02-13 15:00:00,152.84,152.85,152.83,152.84,482620.0
2019-02-13 15:30:00,152.89,152.9,152.89,152.89,666750.0
2019-02-13 15:45:00,152.95,152.96,152.94,152.95,633790.0
2019-02-14 09:45:00,152.89,152.9,152.88,152.89,932645.0
2019-02-14 10:00:00,152.94,152.95,152.94,152.94,876097.0
2019-02-14 10:15:00,152.98,152.99,152.97,152.99,632123.0
2019-02-14 10:30:00,153.19,153.21,153.19,153.2,810146.0
2019-02-14 10:45:00,153.06,153.07,153.05,153.07,645807.0
2019-02-14 11:00:00,153.27,153.29,153.26,153.28,926328.0
2019-02-14 11:15:00,153.22,153.23,153.22,153.23,937755.0
2019-02-14 11:30:00,153.41,153.43,153.41,153.42,663975.0
2019-02-14 11:45:00,153.42,153.44,153.42,153.42,733056.0
2019-02-14 12:00:00,153.55,153.55,153.55,153.55,565029.0
2019-02-14 12:30:00,153.65,153.66,153.64,153.66,678877.0
2019-02-14 12:45:00,153.62,153.65,153.62,153.64,690287.0
2019-02-14 13:00:00,153.69,153.7,153.69,153.7,744887.0
2019-02-14 13:15:00,153.92,153.94,153.92,153.92,1022148.0
2019-02-14 13:30:00,153.93,153.93,153.93,153.93,963460.0
2019-02-14 13:45:00,154.05,154.05,154.04,154.05,623612.0
2019-02-14 14:00:00,154.06,154.06,154.06,154.06,921161.0
2019-02-14 14:15:00,154.1,154.11,154.1,154.1,635123.0
2019-02-14 14:30:00,154.23,154.24,154.21,154.23,721273.0
2019-02-14 14:45:00,154.24,154.25,154.24,154.24,953650.0
2019-02-14 15:00:00,154.31,154.35,154.31,154.33,759311.0
2019-02-14 15:15:00,154.36,154.37,154.36,154.37,879951.0
2019-02-14 15:30:00,154.47,154.47,154.47,154.47,697875.0
2019-02-14 15:45:00,154.51,154.52,154.51,154.51,660362.0
2019-02-19 09:30:00,156.9,156.91,156.89,156.91,520056.0
2019-02-19 09:45:00,156.91,156.92,156.91,156.92,396372.0
2019-02-19 10:00:00,156.9,156.91,156.9,156.91,478170.0
2019-02-19 10:15:00,156.82,156.84,156.82,156.83,496159.0
2019-02-19 10:30:00,156.85,156.86,156.85,156.86,597420.0
2019-02-19 10:45:00,156.75,156.76,156.74,156.76,544490.0
2019-02-19 11:00:00,156.88,156.89,156.88,156.89,613108.0
2019-02-19 11:15:00,156.84,156.85,156.84,156.84,636000.0
2019-02-19 11:30:00,156.83,156.84,156.83,156.83,483950.0
2019-02-19 11:45:00,156.84,156.84,156.84,156.84,413306.0
2019-02-19 12:00:00,156.78,156.79,156.78,156.79,451101.0
2019-02-19 12:45:00,156.78,156.79,156.78,156.78,642646.0
2019-02-19 13:00:00,156.82,156.83,156.81,156.82,482109.0
2019-02-19 13:15:00,156.82,156.84,156.82,156.83,373608.0
2019-02-19 13:30:00,156.74,156.77,156.74,156.76,619892.0
2019-02-19 14:00:00,156.72,156.73,156.72,156.72,476870.0
2019-02-19 14:15:00,156.68,156.71,156.68,156.68,483786.0
2019-02-19 14:45:00,156.7,156.71,156.69,156.7,547473.0
2019-02-19 15:00:00,156.66,156.66,156.66,156.66,528558.0
2019-02-19 15:15:00,156.66,156.66,156.66,156.66,652414.0
2019-02-19 15:30:00,156.64,156.65,156.64,156.65,506781.0
2019-02-19 15:45:00,156.62,156.63,156.62,156.63,573596.0
2019-02-20 09:30:00,157.76,157.78,157.76,157.76,386979.0
2019-02-20 10:00:00,157.83,157.83,157.83,157.83,418834.0
2019-02-20 10:15:00,157.95,157.96,157.95,157.95,449122.0
2019-02-20 10:30:00,157.99,158.02,157.99,158.0,491306.0
2019-02-20 10:45:00,157.98,157.99,157.97,157.99,418705.0
2019-02-20 11:15:00,158.01,158.02,158.01,158.01,558392.0
2019-02-20 11:30:00,158.04,158.06,158.04,158.05,408050.0
2019-02-20 11:45:00,158.01,158.02,158.01,158.01,462980.0
2019-02-20 12:00:00,158.15,158.16,158.15,158.16,462533.0
2019-02-20 12:15:00,158.16,158.17,158.16,158.17,666357.0
2019-02-20 12:30:00,158.2,158.22,158.19,158.21,403789.0
2019-02-20 12:45:00,158.23,158.23,158.22,158.23,576692.0
2019-02-20 13:00:00,158.23,158.24,158.22,158.23,380366.0
2019-02-20 13:15:00,158.33,158.34,158.33,158.34,435433.0
2019-02-20 13:30:00,158.25,158.27,158.24,158.26,476906.0
2019-02-20 13:45:00,158.29,158.3,158.28,158.3,456232.0
2019-02-20 14:00:00,158.41,158.43,158.41,158.42,673790.0
2019-02-20 14:15:00,158.41,158.42,158.4,158.42,483332.0
2019-02-20 14:30:00,158.35,158.37,158.35,158.35,554309.0
2019-02-20 14:45:00,158.35,158.36,158.34,158.35,380714.0
2019-02-20 15:00:00,158.45,158.46,158.45,158.46,451392.0
2019-02-20 15:15:00,158.44,158.44,158.43,158.44,544832.0
2019-02-20 15:30:00,158.45,158.46,158.44,158.44,569931.0
2019-02-20 15:45:00,158.58,158.59,158.58,158.58,553895.0
2019-02-21 09:30:00,159.03,159.04,159.03,159.03,556525.0
2019-02-21 10:00:00,158.89,158.9,158.88,158.9,502111.0
2019-02-21 10:30:00,158.53,158.53,158.52,158.53,489910.0
2019-02-21 11:00:00,158.27,158.28,158.26,158.27,459350.0
2019-02-21 11:15:00,158.2,158.23,158.19,158.22,315450.0
2019-02-21 11:30:00,157.96,157.97,157.95,157.97,473768.0
2019-02-21 11:45:00,157.9,157.91,157.9,157.9,493630.0
2019-02-21 12:00:00,157.74,157.75,157.73,157.75,558431.0
2019-02-21 12:30:00,157.48,157.49,157.48,157.48,420422.0
2019-02-21 12:45:00,157.31,157.33,157.31,157.33,416091.0
2019-02-21 13:00:00,157.21,157.23,157.21,157.23,325841.0
2019-02-21 13:15:00,156.99,157.0,156.99,157.0,409698.0
2019-02-21 13:30:00,156.89,156.9,156.89,156.9,384324.0
2019-02-21 13:45:00,156.69,156.72,156.69,156.7,424473.0
2019-02-21 14:00:00,156.64,156.66,156.64,156.65,528542.0
2019-02-21 14:15:00,156.56,156.56,156.56,156.56,428821.0
2019-02-21 14:30:00,156.36,156.38,156.35,156.37,434818.0
2019-02-21 14:45:00,156.27,156.29,156.27,156.27,534636.0
2019-02-21 15:00:00,156.08,156.09,156.08,156.08,424340.0
2019-02-21 15:15:00,155.96,155.99,155.96,155.97,472829.0
2019-02-21 15:30:00,155.91,155.91,155.91,155.91,519109.0
2019-02-21 15:45:00,155.7,155.71,155.7,155.71,552211.0
2019-02-22 09:30:00,157.86,157.86,157.86,157.86,467505.0
2019-02-22 09:45:00,157.9,157.91,157.9,157.9,439311.0
2019-02-22 10:00:00,157.98,157.99,157.98,157.99,477173.0
2019-02-22 10:15:00,158.06,158.07,158.06,158.07,344081.0
2019-02-22 10:30:00,158.08,158.09,158.07,158.09,433580.0
2019-02-22 10:45:00,158.07,158.07,158.07,158.07,363718.0
2019-02-22 11:00:00,158.21,158.21,158.21,158.21,413783.0
2019-02-22 11:15:00,158.26,158.26,158.26,158.26,294421.0
2019-02-22 11:30:00,158.31,158.31,158.31,158.31,423542.0
2019-02-22 11:45:00,158.34,158.34,158.34,158.34,411391.0
2019-02-22 12:00:00,158.39,158.4,158.39,158.39,299446.0
2019-02-22 12:15:00,158.42,158.43,158.42,158.43,455467.0
2019-02-22 12:30:00,158.52,158.52,158.52,158.52,405682.0
2019-02-22 13:00:00,158.6,158.61,158.6,158.61,384767.0
2019-02-22 13:15:00,158.65,158.66,158.65,158.66,409509.0
2019-02-22 13:30:00,158.72,158.72,158.72,158.72,477565.0
2019-02-22 13:45:00,158.76,158.77,158.76,158.76,364296.0
2019-02-22 14:00:00,158.86,158.87,158.86,158.87,411084.0
2019-02-22 14:15:00,158.88,158.88,158.88,158.88,338594.0
2019-02-22 14:30:00,158.93,158.94,158.93,158.93,407054.0
2019-02-22 14:45:00,158.99,159.0,158.99,158.99,310659.0
2019-02-22 15:00:00,159.05,159.06,159.05,159.05,316501.0
2019-02-22 15:15:00,159.07,159.07,159.07,159.07,490939.0
2019-02-22 15:30:00,159.17,159.18,159.17,159.17,333042.0
2019-02-22 15:45:00,159.14,159.14,159.13,159.14,485292.0
2019-02-27 09:30:00,156.42,156.43,156.42,156.42,389126.0
2019-02-27 09:45:00,156.53,156.56,156.52,156.54,434760.0
2019-02-27 10:15:00,156.4,156.42,156.4,156.4,531774.0
2019-02-27 10:30:00,156.3,156.31,156.3,156.31,573450.0
2019-02-27 10:45:00,156.32,156.33,156.31,156.32,464127.0
2019-02-27 11:00:00,156.34,156.36,156.34,156.35,478758.0
2019-02-27 11:15:00,156.14,156.17,156.13,156.15,522880.0
2019-02-27 11:30:00,156.13,156.13,156.12,156.13,393800.0
2019-02-27 11:45:00,156.11,156.12,156.11,156.11,420887.0
2019-02-27 12:00:00,156.04,156.05,156.04,156.05,461043.0
2019-02-27 12:15:00,156.07,156.09,156.07,156.07,497389.0
2019-02-27 12:30:00,156.03,156.04,156.02,156.04,508683.0
2019-02-27 12:45:00,155.97,156.0,155.96,155.97,395430.0
2019-02-27 13:00:00,155.82,155.84,155.81,155.82,374178.0
2019-02-27 13:15:00,155.92,155.93,155.9,155.92,419371.0
2019-02-27 13:30:00,155.8,155.8,155.8,155.8,362435.0
2019-02-27 13:45:00,155.77,155.79,155.77,155.78,465001.0
2019-02-27 14:00:00,155.69,155.7,155.67,155.69,393485.0
2019-02-27 14:15:00,155.51,155.52,155.5,155.52,613927.0
2019-02-27 14:45:00,155.55,155.56,155.54,155.55,450518.0
2019-02-27 15:00:00,155.57,155.58,155.56,155.57,620309.0
2019-02-27 15:15:00,155.49,155.49,155.49,155.49,346119.0
2019-02-27 15:45:00,155.42,155.44,155.42,155.43,578478.0
2019-02-28 09:30:00,155.02,155.04,155.02,155.02,250155.0
2019-02-28 09:45:00,154.97,154.97,154.97,154.97,265258.0
2019-02-28 10:00:00,154.95,154.96,154.95,154.96,404449.0
2019-02-28 10:15:00,154.9,154.91,154.9,154.9,317719.0
2019-02-28 10:30:00,154.87,154.88,154.87,154.87,397561.0
2019-02-28 11:00:00,154.82,154.82,154.82,154.82,311880.0
2019-02-28 11:15:00,154.77,154.78,154.77,154.78,242592.0
2019-02-28 11:30:00,154.68,154.69,154.67,154.68,316349.0
2019-02-28 11:45:00,154.82,154.84,154.82,154.83,388002.0
2019-02-28 12:00:00,154.65,154.67,154.65,154.65,272501.0
2019-02-28 12:15:00,154.67,154.68,154.67,154.68,225881.0
2019-02-28 12:45:00,154.62,154.62,154.61,154.62,375344.0
2019-02-28 13:00:00,154.59,154.59,154.59,154.59,328258.0
2019-02-28 13:15:00,154.55,154.56,154.55,154.55,283584.0
2019-02-28 13:30:00,154.51,154.51,154.51,154.51,230869.0
2019-02-28 13:45:00,154.5,154.5,154.5,154.5,272458.0
2019-02-28 14:00:00,154.52,154.52,154.51,154.52,284153.0
2019-02-28 14:15:00,154.46,154.47,154.46,154.47,236686.0
2019-02-28 14:30:00,154.41,154.42,154.41,154.41,390317.0
2019-02-28 15:00:00,154.34,154.34,154.34,154.34,328123.0
2019-02-28 15:15:00,154.32,154.33,154.32,154.32,306817.0
2019-02-28 15:30:00,154.3,154.31,154.3,154.31,355672.0
2019-02-28 15:45:00,154.21,154.22,154.21,154.21,286994.0
2019-03-01 09:30:00,156.25,156.28,156.25,156.26,365226.0
2019-03-01 09:45:00,156.27,156.27,156.27,156.27,240559.0
2019-03-01 10:00:00,156.26,156.27,156.26,156.26,268714.0
2019-03-01 10:15:00,156.34,156.35,156.34,156.35,298663.0
2019-03-01 10:30:00,156.29,156.29,156.27,156.28,348805.0
2019-03-01 10:45:00,156.3,156.3,156.29,156.3,370264.0
2019-03-01 11:15:00,156.32,156.33,156.32,156.33,346957.0
2019-03-01 11:45:00,156.38,156.39,156.38,156.39,364860.0
2019-03-01 12:00:00,156.47,156.48,156.46,156.47,268006.0
2019-03-01 12:15:00,156.44,156.45,156.43,156.44,279266.0
2019-03-01 12:30:00,156.31,156.32,156.31,156.31,308106.0
2019-03-01 12:45:00,156.36,156.37,156.36,156.37,302634.0
2019-03-01 13:00:00,156.49,156.5,156.48,156.49,313771.0
2019-03-01 13:15:00,156.52,156.55,156.51,156.53,433740.0
2019-03-01 13:30:00,156.52,156.54,156.5,156.52,245064.0
2019-03-01 13:45:00,156.42,156.43,156.41,156.42,355115.0
2019-03-01 14:00:00,156.4,156.41,156.39,156.39,293098.0
2019-03-01 14:15:00,156.42,156.43,156.42,156.42,281005.0
2019-03-01 14:30:00,156.42,156.44,156.42,156.43,420297.0
2019-03-01 14:45:00,156.45,156.47,156.44,156.46,366847.0
2019-03-01 15:00:00,156.43,156.44,156.43,156.43,419573.0
2019-03-01 15:30:00,156.56,156.59,156.55,156.59,284204.0
2019-03-01 15:45:00,156.38,156.39,156.38,156.38,363132.0
2019-03-04 09:30:00,157.98,157.98,157.98,157.98,374513.0
2019-03-04 09:45:00,157.95,157.95,157.95,157.95,338916.0
2019-03-04 10:00:00,157.86,157.87,157.85,157.86,476385.0
2019-03-04 10:15:00,157.89,157.9,157.89,157.89,500561.0
2019-03-04 10:45:00,157.82,157.83,157.8,157.82,314024.0
2019-03-04 11:00:00,157.68,157.7,157.68,157.68,400551.0
2019-03-04 11:30:00,157.63,157.65,157.63,157.64,340582.0
2019-03-04 11:45:00,157.54,157.55,157.54,157.54,280349.0
2019-03-04 12:00:00,157.51,157.52,157.51,157.51,421240.0
2019-03-04 12:15:00,157.47,157.48,157.46,157.47,399115.0
2019-03-04 12:30:00,157.44,157.44,157.44,157.44,456149.0
2019-03-04 12:45:00,157.36,157.37,157.36,157.36,416075.0
2019-03-04 13:00:00,157.35,157.35,157.34,157.34,364994.0
2019-03-04 13:15:00,157.33,157.36,157.33,157.35,460387.0
2019-03-04 13:45:00,157.17,157.17,157.17,157.17,341865.0
2019-03-04 14:00:00,157.06,157.06,157.05,157.06,339084.0
2019-03-04 14:15:00,157.19,157.2,157.19,157.2,286947.0
2019-03-04 14:30:00,157.04,157.07,157.03,157.05,394307.0
2019-03-04 14:45:00,156.85,156.86,156.85,156.85,311146.0
2019-03-04 15:00:00,156.92,156.92,156.91,156.92,314911.0
2019-03-04 15:15:00,156.9,156.91,156.89,156.9,340965.0
2019-03-04 15:30:00,156.78,156.8,156.78,156.8,484504.0
2019-03-04 15:45:00,156.74,156.75,156.73,156.73,494927.0
2019-03-05 09:45:00,156.2,156.2,156.2,156.2,344466.0
2019-03-05 10:15:00,156.19,156.2,156.18,156.19,317000.0
2019-03-05 10:30:00,156.15,156.16,156.15,156.15,397995.0
2019-03-05 11:00:00,156.23,156.24,156.23,156.24,294664.0
2019-03-05 11:15:00,156.25,156.25,156.25,156.25,418670.0
2019-03-05 11:30:00,156.31,156.33,156.31,156.32,360761.0
2019-03-05 11:45:00,156.27,156.27,156.27,156.27,330208.0
2019-03-05 12:00:00,156.31,156.32,156.31,156.32,334893.0
2019-03-05 12:15:00,156.37,156.38,156.36,156.37,283576.0
2019-03-05 12:30:00,156.37,156.37,156.36,156.37,417119.0
2019-03-05 13:00:00,156.35,156.36,156.35,156.35,381361.0
2019-03-05 13:15:00,156.41,156.41,156.4,156.41,269924.0
2019-03-05 13:30:00,156.42,156.42,156.42,156.42,371312.0
2019-03-05 13:45:00,156.37,156.38,156.37,156.38,358284.0
2019-03-05 14:00:00,156.42,156.43,156.42,156.43,252337.0
2019-03-05 14:15:00,156.41,156.43,156.4,156.41,391827.0
2019-03-05 14:30:00,156.47,156.48,156.47,156.47,278734.0
2019-03-05 14:45:00,156.43,156.44,156.42,156.43,268817.0
2019-03-05 15:00:00,156.49,156.5,156.49,156.49,424006.0
2019-03-05 15:15:00,156.5,156.51,156.5,156.5,327415.0
2019-03-05 15:30:00,156.51,156.52,156.5,156.51,379837.0
2019-03-05 15:45:00,156.42,156.43,156.41,156.43,391167.0
2019-03-06 09:30:00,156.18,156.18,156.18,156.18,393522.0
2019-03-06 10:00:00,155.81,155.82,155.81,155.82,482935.0
2019-03-06 10:15:00,155.53,155.54,155.52,155.54,380714.0
2019-03-06 10:30:00,155.61,155.63,155.6,155.63,374331.0
2019-03-06 10:45:00,155.29,155.3,155.28,155.29,442745.0
2019-03-06 11:00:00,155.2,155.21,155.2,155.2,400567.0
2019-03-06 11:15:00,155.03,155.03,155.02,155.03,470240.0
2019-03-06 11:30:00,154.85,154.87,154.85,154.86,487704.0
2019-03-06 11:45:00,154.75,154.77,154.75,154.75,355312.0
2019-03-06 12:00:00,154.54,154.56,154.54,154.54,385566.0
2019-03-06 12:15:00,154.36,154.37,154.36,154.37,444311.0
2019-03-06 12:30:00,154.15,154.15,154.14,154.15,418422.0
2019-03-06 13:00:00,153.83,153.86,153.83,153.83,370478.0
2019-03-06 13:15:00,153.65,153.67,153.64,153.66,349734.0
2019-03-06 13:30:00,153.5,153.5,153.5,153.5,286682.0
2019-03-06 13:45:00,153.31,153.33,153.31,153.31,280049.0
2019-03-06 14:00:00,153.23,153.24,153.23,153.23,398860.0
2019-03-06 14:15:00,153.11,153.12,153.1,153.12,437399.0
2019-03-06 14:30:00,152.85,152.86,152.85,152.85,451952.0
2019-03-06 14:45:00,152.74,152.76,152.74,152.74,300893.0
2019-03-06 15:00:00,152.51,152.52,152.5,152.51,458455.0
2019-03-06 15:15:00,152.35,152.37,152.35,152.36,500653.0
2019-03-06 15:30:00,152.17,152.19,152.17,152.17,360116.0
2019-03-08 09:30:00,145.65,145.66,145.65,145.65,503424.0
2019-03-08 09:45:00,145.88,145.9,145.87,145.89,502420.0
2019-03-08 10:00:00,146.08,146.09,146.08,146.08,298479.0
2019-03-08 10:15:00,146.15,146.16,146.14,146.15,509903.0
2019-03-08 10:30:00,146.58,146.62,146.57,146.57,477580.0
2019-03-08 10:45:00,146.56,146.6,146.55,146.58,319723.0
2019-03-08 11:00:00,146.86,146.86,146.85,146.86,325185.0
2019-03-08 11:15:00,147.05,147.06,147.05,147.06,421725.0
2019-03-08 11:30:00,147.26,147.28,147.25,147.26,425121.0
2019-03-08 11:45:00,147.48,147.48,147.48,147.48,418477.0
2019-03-08 12:00:00,147.62,147.64,147.62,147.63,327690.0
2019-03-08 12:15:00,147.87,147.88,147.86,147.87,524970.0
2019-03-08 12:30:00,148.02,148.03,148.0,148.02,350930.0
2019-03-08 12:45:00,148.22,148.23,148.21,148.23,341047.0
2019-03-08 13:00:00,148.46,148.47,148.44,148.45,393393.0
2019-03-08 13:15:00,148.67,148.7,148.66,148.69,430177.0
2019-03-08 13:45:00,148.9,148.91,148.89,148.91,347941.0
2019-03-08 14:00:00,149.19,149.2,149.18,149.2,501472.0
2019-03-08 14:15:00,149.41,149.41,149.41,149.41,474180.0
2019-03-08 14:30:00,149.69,149.72,149.68,149.69,455543.0
2019-03-08 14:45:00,149.86,149.9,149.86,149.88,323901.0
2019-03-08 15:00:00,150.08,150.11,150.08,150.08,495092.0
2019-03-08 15:15:00,150.24,150.25,150.24,150.24,310914.0
2019-03-08 15:30:00,150.46,150.46,150.44,150.45,445516.0
2019-03-08 15:45:00,150.6,150.61,150.6,150.6,497008.0
2019-03-18 09:30:00,171.12,171.13,171.12,171.13,596495.0
2019-03-18 09:45:00,170.97,170.98,170.97,170.97,400898.0
2019-03-18 10:00:00,170.83,170.85,170.82,170.84,541486.0
2019-03-18 10:30:00,170.75,170.76,170.75,170.75,511791.0
2019-03-18 10:45:00,170.58,170.6,170.58,170.59,564653.0
2019-03-18 11:00:00,170.57,170.58,170.56,170.57,395564.0
2019-03-18 11:30:00,170.41,170.41,170.4,170.41,338781.0
2019-03-18 11:45:00,170.28,170.29,170.28,170.28,574319.0
2019-03-18 12:00:00,170.17,170.19,170.17,170.18,396402.0
2019-03-18 12:15:00,170.11,170.13,170.11,170.12,456410.0
2019-03-18 12:45:00,169.95,169.95,169.95,169.95,573090.0
2019-03-18 13:15:00,169.75,169.76,169.75,169.76,501643.0
2019-03-18 13:30:00,169.65,169.66,169.65,169.65,581716.0
2019-03-18 13:45:00,169.63,169.63,169.63,169.63,426272.0
2019-03-18 14:00:00,169.55,169.55,169.55,169.55,488839.0
2019-03-18 14:15:00,169.67,169.69,169.66,169.67,421076.0
2019-03-18 14:30:00,169.36,169.38,169.36,169.37,373726.0
2019-03-18 14:45:00,169.32,169.33,169.32,169.33,432474.0
2019-03-18 15:00:00,169.16,169.16,169.16,169.16,378339.0
2019-03-18 15:15:00,169.11,169.12,169.11,169.12,476924.0
2019-03-18 15:30:00,169.09,169.1,169.08,169.1,446087.0
2019-03-18 15:45:00,168.92,168.93,168.92,168.92,354984.0
2019-03-21 09:30:00,175.41,175.47,175.38,175.42,661156.0
2019-03-21 09:45:00,175.63,175.64,175.62,175.62,915898.0
2019-03-21 10:00:00,175.98,175.98,175.97,175.98,572985.0
2019-03-21 10:45:00,177.1,177.1,177.1,177.1,872764.0
2019-03-21 11:00:00,177.46,177.47,177.45,177.46,603320.0
2019-03-21 11:15:00,177.68,177.71,177.67,177.69,903583.0
2019-03-21 11:30:00,178.28,178.34,178.25,178.28,742455.0
2019-03-21 11:45:00,178.19,178.22,178.18,178.2,722738.0
2019-03-21 12:00:00,178.82,178.83,178.82,178.83,825562.0
2019-03-21 12:15:00,179.16,179.19,179.12,179.18,777636.0
2019-03-21 12:30:00,179.52,179.55,179.52,179.54,848551.0
2019-03-21 12:45:00,179.85,179.89,179.84,179.86,633412.0
2019-03-21 13:00:00,180.15,180.16,180.15,180.16,915546.0
2019-03-21 13:15:00,180.68,180.69,180.67,180.68,980306.0
2019-03-21 13:30:00,180.74,180.78,180.73,180.75,1027947.0
2019-03-21 13:45:00,181.19,181.19,181.16,181.19,650479.0
2019-03-21 14:15:00,182.05,182.09,182.04,182.08,940935.0
2019-03-21 14:30:00,182.12,182.14,182.11,182.11,978492.0
2019-03-21 14:45:00,182.55,182.56,182.55,182.55,845695.0
2019-03-21 15:00:00,182.96,182.97,182.95,182.96,998168.0
2019-03-21 15:15:00,183.33,183.34,183.33,183.34,685607.0
2019-03-21 15:30:00,183.64,183.66,183.63,183.64,849652.0
2019-03-21 15:45:00,183.96,183.97,183.95,183.97,928588.0
2019-03-22 09:30:00,182.67,182.71,182.65,182.68,814178.0
2019-03-22 09:45:00,182.66,182.67,182.65,182.67,509987.0
2019-03-22 10:00:00,182.22,182.27,182.2,182.23,560997.0
2019-03-22 10:15:00,182.18,182.21,182.16,182.19,636045.0
2019-03-22 10:30:00,181.94,181.97,181.94,181.95,570010.0
2019-03-22 10:45:00,181.74,181.76,181.73,181.74,592314.0
2019-03-22 11:00:00,181.49,181.51,181.49,181.49,866675.0
2019-03-22 11:15:00,181.35,181.36,181.35,181.36,731034.0
2019-03-22 11:30:00,181.21,181.21,181.19,181.21,923326.0
2019-03-22 11:45:00,180.87,180.89,180.86,180.88,706153.0
2019-03-22 12:00:00,180.84,180.86,180.84,180.86,506056.0
2019-03-22 12:15:00,180.48,180.49,180.48,180.49,859869.0
2019-03-22 13:15:00,179.69,179.72,179.67,179.71,568941.0
2019-03-22 13:30:00,179.51,179.51,179.51,179.51,708086.0
2019-03-22 13:45:00,179.18,179.18,179.18,179.18,747122.0
2019-03-22 14:00:00,179.0,179.01,179.0,179.0,895480.0
2019-03-22 14:15:00,178.81,178.82,178.8,178.81,599818.0
2019-03-22 14:30:00,178.51,178.54,178.5,178.52,698865.0
2019-03-22 14:45:00,178.32,178.32,178.32,178.32,719166.0
2019-03-22 15:00:00,178.0,178.04,178.0,178.0,690026.0
2019-03-22 15:15:00,177.97,177.98,177.94,177.95,843775.0
2019-03-22 15:30:00,177.75,177.76,177.75,177.75,800072.0
2019-03-22 15:45:00,177.47,177.52,177.47,177.48,699231.0
2019-03-27 09:30:00,177.83,177.84,177.82,177.83,468650.0
2019-03-27 09:45:00,177.87,177.89,177.87,177.87,379631.0
2019-03-27 10:00:00,177.68,177.7,177.68,177.68,461655.0
2019-03-27 10:15:00,177.91,177.93,177.9,177.91,430859.0
2019-03-27 10:45:00,177.62,177.65,177.62,177.63,536425.0
2019-03-27 11:00:00,177.57,177.58,177.57,177.57,411761.0
2019-03-27 11:15:00,177.54,177.55,177.54,177.55,536222.0
2019-03-27 12:00:00,177.26,177.27,177.26,177.26,560955.0
2019-03-27 12:15:00,177.14,177.16,177.14,177.15,477632.0
2019-03-27 12:45:00,177.08,177.12,177.07,177.1,429089.0
2019-03-27 13:00:00,177.13,177.14,177.12,177.13,419841.0
2019-03-27 13:15:00,177.03,177.05,177.02,177.03,489921.0
2019-03-27 13:30:00,176.96,176.96,176.96,176.96,577860.0
2019-03-27 13:45:00,176.87,176.88,176.87,176.88,520517.0
2019-03-27 14:00:00,176.97,177.0,176.96,176.96,491371.0
2019-03-27 14:15:00,176.95,176.96,176.94,176.96,428155.0
2019-03-27 14:30:00,176.73,176.74,176.72,176.73,579612.0
2019-03-27 14:45:00,176.76,176.76,176.76,176.76,503160.0
2019-03-27 15:00:00,176.67,176.68,176.67,176.68,515300.0
2019-03-27 15:15:00,176.61,176.61,176.61,176.61,319834.0
2019-03-27 15:30:00,176.58,176.6,176.58,176.59,375873.0
2019-03-27 15:45:00,176.52,176.53,176.52,176.53,389370.0
2019-03-28 09:30:00,177.54,177.55,177.54,177.54,560425.0
2019-03-28 09:45:00,177.56,177.56,177.56,177.56,485864.0
2019-03-28 10:00:00,177.59,177.6,177.59,177.59,463392.0
2019-03-28 10:30:00,177.49,177.5,177.49,177.49,433707.0
2019-03-28 10:45:00,177.47,177.47,177.47,177.47,457666.0
2019-03-28 11:00:00,177.42,177.44,177.42,177.42,398696.0
2019-03-28 11:30:00,177.56,177.57,177.55,177.57,403663.0
2019-03-28 11:45:00,177.33,177.34,177.32,177.34,572922.0
2019-03-28 12:00:00,177.5,177.52,177.48,177.51,329633.0
2019-03-28 12:15:00,177.42,177.43,177.42,177.43,499330.0
2019-03-28 12:30:00,177.41,177.41,177.41,177.41,438833.0
2019-03-28 12:45:00,177.36,177.36,177.36,177.36,483687.0
2019-03-28 13:00:00,177.39,177.4,177.38,177.39,367991.0
2019-03-28 13:15:00,177.39,177.41,177.39,177.39,479956.0
2019-03-28 13:45:00,177.36,177.37,177.36,177.37,510107.0
2019-03-28 14:00:00,177.28,177.31,177.27,177.29,521622.0
2019-03-28 14:15:00,177.34,177.35,177.32,177.34,550730.0
2019-03-28 14:30:00,177.35,177.36,177.34,177.36,348057.0
2019-03-28 14:45:00,177.28,177.29,177.28,177.28,523395.0
2019-03-28 15:00:00,177.28,177.3,177.27,177.28,456710.0
2019-03-28 15:15:00,177.3,177.3,177.3,177.3,473168.0
2019-03-28 15:30:00,177.15,177.16,177.15,177.16,323334.0
2019-03-29 09:30:00,180.0,180.0,179.99,180.0,372067.0
2019-03-29 09:45:00,179.95,179.96,179.95,179.95,506098.0
2019-03-29 10:15:00,179.92,179.93,179.91,179.92,563589.0
2019-03-29 10:30:00,179.88,179.88,179.88,179.88,555144.0
2019-03-29 10:45:00,179.85,179.85,179.85,179.85,426551.0
2019-03-29 11:30:00,179.8,179.81,179.8,179.81,354347.0
2019-03-29 11:45:00,179.8,179.8,179.8,179.8,373649.0
2019-03-29 12:00:00,179.8,179.8,179.8,179.8,310191.0
2019-03-29 12:15:00,179.76,179.76,179.75,179.76,506661.0
2019-03-29 12:30:00,179.76,179.78,179.76,179.77,356974.0
2019-03-29 12:45:00,179.74,179.75,179.74,179.74,378307.0
2019-03-29 13:00:00,179.72,179.72,179.72,179.72,525837.0
2019-03-29 13:15:00,179.67,179.68,179.67,179.68,513551.0
2019-03-29 13:30:00,179.71,179.71,179.71,179.71,474914.0
2019-03-29 13:45:00,179.68,179.69,179.68,179.69,443840.0
2019-03-29 14:00:00,179.65,179.65,179.64,179.65,307603.0
2019-03-29 14:15:00,179.69,179.69,179.68,179.69,353860.0
2019-03-29 14:30:00,179.64,179.64,179.63,179.64,450455.0
2019-03-29 14:45:00,179.6,179.61,179.6,179.61,418406.0
2019-03-29 15:00:00,179.56,179.57,179.55,179.56,475416.0
2019-03-29 15:15:00,179.59,179.59,179.59,179.59,537621.0
2019-03-29 15:30:00,179.59,179.6,179.58,179.58,519036.0
2019-03-29 15:45:00,179.61,179.62,179.61,179.61,467463.0
2019-04-01 09:30:00,183.26,183.26,183.26,183.26,387018.0
2019-04-01 09:45:00,183.21,183.22,183.2,183.21,392950.0
2019-04-01 10:00:00,183.17,183.17,183.17,183.17,373373.0
2019-04-01 10:15:00,183.16,183.17,183.16,183.16,358904.0
2019-04-01 10:30:00,183.12,183.12,183.11,183.12,447243.0
2019-04-01 11:00:00,183.01,183.02,183.0,183.01,431208.0
2019-04-01 11:15:00,182.94,182.94,182.94,182.94,371793.0
2019-04-01 11:30:00,182.96,182.96,182.95,182.96,571107.0
2019-04-01 11:45:00,182.9,182.9,182.9,182.9,548284.0
2019-04-01 12:00:00,182.88,182.89,182.88,182.89,557982.0
2019-04-01 12:15:00,182.94,182.95,182.93,182.94,569205.0
2019-04-01 12:30:00,182.81,182.82,182.81,182.81,455328.0
2019-04-01 12:45:00,182.73,182.73,182.73,182.73,563993.0
2019-04-01 13:00:00,182.79,182.8,182.78,182.79,600624.0
2019-04-01 13:30:00,182.63,182.63,182.63,182.63,497224.0
2019-04-01 13:45:00,182.47,182.48,182.47,182.48,443780.0
2019-04-01 14:15:00,182.51,182.51,182.51,182.51,465862.0
2019-04-01 14:30:00,182.49,182.51,182.49,182.5,482417.0
2019-04-01 14:45:00,182.53,182.53,182.53,182.53,392669.0
2019-04-01 15:15:00,182.31,182.32,182.3,182.31,451101.0
2019-04-01 15:30:00,182.26,182.26,182.25,182.26,495961.0
2019-04-01 15:45:00,182.28,182.28,182.28,182.28,330277.0
2019-04-02 09:30:00,183.27,183.28,183.27,183.28,410539.0
2019-04-02 09:45:00,183.21,183.21,183.21,183.21,394442.0
2019-04-02 10:15:00,183.21,183.21,183.21,183.21,470546.0
2019-04-02 10:30:00,183.19,183.2,183.19,183.19,499717.0
2019-04-02 11:00:00,183.14,183.16,183.14,183.15,547990.0
2019-04-02 11:15:00,183.19,183.19,183.19,183.19,473936.0
2019-04-02 11:30:00,183.2,183.22,183.2,183.2,520448.0
2019-04-02 12:00:00,183.19,183.19,183.18,183.18,485598.0
2019-04-02 12:15:00,183.17,183.17,183.17,183.17,395636.0
2019-04-02 12:30:00,183.15,183.15,183.14,183.14,484400.0
2019-04-02 12:45:00,182.99,183.0,182.98,182.99,486104.0
2019-04-02 13:00:00,183.14,183.14,183.13,183.14,342622.0
2019-04-02 13:15:00,183.1,183.1,183.1,183.1,454736.0
2019-04-02 13:45:00,183.07,183.09,183.07,183.08,508313.0
2019-04-02 14:00:00,183.12,183.13,183.12,183.13,371109.0
2019-04-02 14:15:00,183.08,183.08,183.07,183.08,424804.0
2019-04-02 14:30:00,183.04,183.05,183.04,183.04,396380.0
2019-04-02 14:45:00,183.07,183.08,183.07,183.07,433045.0
2019-04-02 15:00:00,183.0,183.01,182.99,183.0,298383.0
2019-04-02 15:15:00,183.02,183.02,183.02,183.02,357662.0
2019-04-02 15:30:00,182.99,183.0,182.99,182.99,544124.0
2019-04-02 15:45:00,183.02,183.04,183.02,183.03,459648.0
2019-04-05 09:30:00,189.99,190.0,189.98,189.99,375439.0
2019-04-05 09:45:00,190.02,190.02,190.01,190.02,358249.0
2019-04-05 10:00:00,190.08,190.08,190.08,190.08,398593.0
2019-04-05 10:15:00,190.12,190.12,190.12,190.12,328032.0
2019-04-05 10:30:00,190.02,190.05,190.01,190.04,432989.0
2019-04-05 10:45:00,190.19,190.19,190.19,190.19,501675.0
2019-04-05 11:00:00,190.29,190.3,190.28,190.28,416517.0
2019-04-05 11:15:00,190.26,190.27,190.26,190.27,451903.0
2019-04-05 11:30:00,190.32,190.33,190.32,190.33,375560.0
2019-04-05 11:45:00,190.34,190.34,190.33,190.34,419395.0
2019-04-05 12:00:00,190.37,190.39,190.37,190.37,531471.0
2019-04-05 12:15:00,190.41,190.42,190.41,190.41,575878.0
2019-04-05 12:30:00,190.44,190.45,190.44,190.45,413260.0
2019-04-05 12:45:00,190.51,190.52,190.5,190.52,452256.0
2019-04-05 13:00:00,190.54,190.55,190.54,190.55,435898.0
2019-04-05 13:15:00,190.58,190.59,190.58,190.58,565672.0
2019-04-05 13:30:00,190.6,190.6,190.6,190.6,521196.0
2019-04-05 13:45:00,190.76,190.77,190.75,190.76,526228.0
2019-04-05 14:00:00,190.7,190.71,190.7,190.71,405826.0
2019-04-05 14:15:00,190.73,190.74,190.73,190.74,507591.0
2019-04-05 14:30:00,190.82,190.83,190.82,190.83,356888.0
2019-04-05 14:45:00,190.76,190.77,190.76,190.77,447228.0
2019-04-05 15:00:00,190.85,190.85,190.85,190.85,489936.0
2019-04-05 15:30:00,190.95,190.96,190.95,190.95,369095.0
2019-04-08 09:45:00,189.81,189.82,189.8,189.81,294893.0
2019-04-08 10:00:00,189.89,189.9,189.89,189.89,313341.0
2019-04-08 10:15:00,189.96,189.97,189.96,189.97,382922.0
2019-04-08 10:30:00,190.05,190.05,190.05,190.05,425549.0
2019-04-08 10:45:00,190.19,190.21,190.18,190.19,427956.0
2019-04-08 11:00:00,190.31,190.33,190.3,190.32,473906.0
2019-04-08 11:15:00,190.29,190.3,190.29,190.3,446673.0
2019-04-08 11:30:00,190.37,190.38,190.37,190.37,380707.0
2019-04-08 11:45:00,190.49,190.51,190.48,190.49,476083.0
2019-04-08 12:00:00,190.53,190.53,190.53,190.53,358599.0
2019-04-08 12:15:00,190.72,190.73,190.72,190.73,329801.0
2019-04-08 12:30:00,190.72,190.73,190.72,190.73,427559.0
2019-04-08 12:45:00,190.8,190.81,190.79,190.8,332619.0
2019-04-08 13:00:00,190.89,190.9,190.89,190.9,461967.0
2019-04-08 13:15:00,190.94,190.94,190.93,190.94,307688.0
2019-04-08 13:30:00,191.03,191.03,191.02,191.03,504774.0
2019-04-08 14:00:00,191.23,191.23,191.23,191.23,311701.0
2019-04-08 14:45:00,191.44,191.46,191.43,191.45,369819.0
2019-04-08 15:00:00,191.53,191.54,191.52,191.53,417882.0
2019-04-08 15:15:00,191.56,191.58,191.55,191.57,417514.0
2019-04-08 15:30:00,191.7,191.71,191.7,191.71,310083.0
2019-04-08 15:45:00,191.83,191.83,191.82,191.83,342778.0
2019-04-09 09:30:00,190.47,190.48,190.47,190.47,302669.0
2019-04-09 09:45:00,190.47,190.47,190.46,190.47,391448.0
2019-04-09 10:00:00,190.37,190.38,190.37,190.37,473029.0
2019-04-09 10:15:00,190.29,190.31,190.29,190.3,437875.0
2019-04-09 10:30:00,190.23,190.24,190.22,190.23,521991.0
2019-04-09 11:15:00,190.17,190.19,190.17,190.17,426445.0
2019-04-09 11:30:00,190.05,190.06,190.05,190.05,345167.0
2019-04-09 11:45:00,190.04,190.04,190.04,190.04,406854.0
2019-04-09 12:00:00,189.98,189.98,189.97,189.98,394505.0
2019-04-09 12:15:00,190.0,190.0,189.98,190.0,528796.0
2019-04-09 12:30:00,189.88,189.9,189.87,189.88,335356.0
2019-04-09 12:45:00,189.89,189.9,189.89,189.89,345374.0
2019-04-09 13:00:00,189.79,189.79,189.78,189.79,443518.0
2019-04-09 13:15:00,189.7,189.71,189.69,189.7,505621.0
2019-04-09 13:30:00,189.6,189.62,189.59,189.6,466311.0
2019-04-09 13:45:00,189.63,189.64,189.63,189.64,547669.0
2019-04-09 14:00:00,189.6,189.61,189.6,189.6,545316.0
2019-04-09 14:15:00,189.55,189.56,189.54,189.55,402391.0
2019-04-09 14:30:00,189.51,189.51,189.5,189.51,313399.0
2019-04-09 14:45:00,189.44,189.44,189.43,189.44,481571.0
2019-04-09 15:15:00,189.36,189.38,189.35,189.37,499190.0
2019-04-09 15:45:00,189.21,189.22,189.2,189.21,309639.0
2019-04-18 09:30:00,187.57,187.58,187.57,187.57,387543.0
2019-04-18 09:45:00,187.51,187.52,187.51,187.52,383380.0
2019-04-18 10:15:00,187.42,187.42,187.41,187.42,436792.0
2019-04-18 10:30:00,187.43,187.44,187.42,187.42,448946.0
2019-04-18 10:45:00,187.31,187.33,187.3,187.31,263492.0
2019-04-18 11:00:00,187.19,187.21,187.19,187.2,444604.0
2019-04-18 11:15:00,187.2,187.2,187.2,187.2,326700.0
2019-04-18 11:45:00,187.08,187.09,187.08,187.08,465817.0
2019-04-18 12:00:00,187.06,187.06,187.06,187.06,313755.0
2019-04-18 12:15:00,187.0,187.01,187.0,187.01,273887.0
2019-04-18 12:30:00,186.9,186.91,186.9,186.91,457864.0
2019-04-18 12:45:00,186.95,186.97,186.94,186.95,308887.0
2019-04-18 13:00:00,186.87,186.88,186.86,186.88,459260.0
2019-04-18 13:15:00,186.76,186.77,186.76,186.77,350718.0
2019-04-18 13:30:00,186.76,186.76,186.76,186.76,462521.0
2019-04-18 13:45:00,186.66,186.68,186.66,186.68,438274.0
2019-04-18 14:00:00,186.67,186.68,186.67,186.67,459458.0
2019-04-18 14:15:00,186.59,186.6,186.59,186.6,263777.0
2019-04-18 15:00:00,186.47,186.48,186.47,186.47,265761.0
2019-04-18 15:15:00,186.46,186.47,186.46,186.46,360154.0
2019-04-18 15:30:00,186.39,186.4,186.39,186.39,374489.0
2019-04-18 15:45:00,186.41,186.42,186.4,186.42,264967.0
2019-04-23 09:30:00,189.01,189.02,189.01,189.01,372736.0
2019-04-23 09:45:00,189.06,189.08,189.06,189.07,382594.0
2019-04-23 10:00:00,189.15,189.17,189.14,189.17,310258.0
2019-04-23 10:15:00,189.22,189.22,189.22,189.22,259126.0
2019-04-23 10:30:00,189.26,189.27,189.25,189.26,311097.0
2019-04-23 10:45:00,189.34,189.34,189.34,189.34,423105.0
2019-04-23 11:00:00,189.41,189.42,189.41,189.41,416564.0
2019-04-23 11:15:00,189.38,189.4,189.38,189.39,289012.0
2019-04-23 11:30:00,189.56,189.57,189.56,189.56,265439.0
2019-04-23 11:45:00,189.62,189.63,189.62,189.63,272853.0
2019-04-23 12:00:00,189.6,189.61,189.59,189.6,343131.0
2019-04-23 12:15:00,189.72,189.73,189.72,189.72,344771.0
2019-04-23 12:30:00,189.8,189.82,189.8,189.8,335303.0
2019-04-23 12:45:00,189.85,189.85,189.84,189.84,383701.0
2019-04-23 13:00:00,189.96,189.97,189.96,189.96,253496.0
2019-04-23 13:15:00,189.99,190.01,189.98,190.0,304777.0
2019-04-23 13:30:00,190.05,190.07,190.05,190.05,348304.0
2019-04-23 13:45:00,190.07,190.08,190.06,190.06,255237.0
2019-04-23 14:00:00,190.16,190.17,190.15,190.17,236427.0
2019-04-23 14:30:00,190.22,190.23,190.21,190.22,263841.0
2019-04-23 14:45:00,190.36,190.36,190.36,190.36,432582.0
2019-04-23 15:00:00,190.47,190.47,190.47,190.47,336252.0
2019-04-23 15:15:00,190.52,190.52,190.52,190.52,323059.0
2019-04-23 15:30:00,190.51,190.52,190.51,190.52,261200.0
2019-04-23 15:45:00,190.65,190.65,190.65,190.65,356767.0
2019-04-29 09:30:00,178.42,178.43,178.42,178.42,298805.0
2019-04-29 09:45:00,178.57,178.6,178.57,178.57,265162.0
2019-04-29 10:00:00,178.35,178.37,178.35,178.36,405402.0
2019-04-29 10:30:00,178.6,178.62,178.59,178.6,324399.0
2019-04-29 10:45:00,178.5,178.53,178.5,178.53,285312.0
2019-04-29 11:00:00,178.72,178.75,178.71,178.73,397028.0
2019-04-29 11:15:00,178.7,178.73,178.69,178.71,409527.0
2019-04-29 11:30:00,178.72,178.73,178.71,178.72,274695.0
2019-04-29 11:45:00,178.65,178.65,178.63,178.65,304190.0
2019-04-29 12:00:00,178.89,178.91,178.88,178.89,389893.0
2019-04-29 12:15:00,178.85,178.87,178.83,178.85,385626.0
2019-04-29 12:30:00,178.79,178.8,178.79,178.8,317696.0
2019-04-29 12:45:00,178.92,178.93,178.92,178.92,485985.0
2019-04-29 13:00:00,178.82,178.85,178.82,178.83,452663.0
2019-04-29 13:15:00,178.98,178.98,178.98,178.98,484519.0
2019-04-29 13:30:00,179.02,179.03,179.02,179.03,459158.0
2019-04-29 13:45:00,179.01,179.04,179.01,179.01,307823.0
2019-04-29 14:00:00,179.1,179.11,179.09,179.1,292386.0
2019-04-29 14:15:00,179.2,179.21,179.2,179.21,460156.0
2019-04-29 14:45:00,179.14,179.16,179.13,179.15,316276.0
2019-04-29 15:15:00,179.27,179.27,179.25,179.26,304972.0
2019-04-29 15:30:00,179.33,179.33,179.32,179.33,299251.0
2019-04-29 15:45:00,179.3,179.31,179.29,179.3,444086.0
2019-05-01 09:30:00,183.11,183.12,183.11,183.11,381694.0
2019-05-01 09:45:00,183.03,183.04,183.03,183.03,274402.0
2019-05-01 10:30:00,182.72,182.75,182.71,182.73,436744.0
2019-05-01 10:45:00,182.53,182.53,182.53,182.53,255623.0
2019-05-01 11:15:00,182.33,182.34,182.32,182.33,438969.0
2019-05-01 11:30:00,182.28,182.29,182.28,182.29,334278.0
2019-05-01 11:45:00,182.07,182.09,182.07,182.08,378731.0
2019-05-01 12:00:00,182.04,182.06,182.04,182.06,422141.0
2019-05-01 12:15:00,181.92,181.93,181.92,181.92,264859.0
2019-05-01 12:30:00,181.81,181.82,181.81,181.81,421198.0
2019-05-01 12:45:00,181.72,181.72,181.71,181.72,337340.0
2019-05-01 13:00:00,181.63,181.63,181.63,181.63,374853.0
2019-05-01 13:15:00,181.45,181.46,181.43,181.46,423022.0
2019-05-01 13:30:00,181.42,181.43,181.42,181.42,358356.0
2019-05-01 13:45:00,181.25,181.26,181.24,181.26,238681.0
2019-05-01 14:00:00,181.24,181.25,181.24,181.24,311806.0
2019-05-01 14:15:00,181.13,181.14,181.13,181.14,342061.0
2019-05-01 14:30:00,181.05,181.07,181.05,181.06,375135.0
2019-05-01 14:45:00,180.88,180.88,180.87,180.88,300228.0
2019-05-01 15:00:00,180.79,180.82,180.78,180.8,364255.0
2019-05-01 15:15:00,180.69,180.7,180.69,180.69,384218.0
2019-05-01 15:30:00,180.61,180.64,180.6,180.61,338829.0
2019-05-01 15:45:00,180.47,180.47,180.47,180.47,431048.0
2019-05-02 09:30:00,180.83,180.84,180.82,180.84,380322.0
2019-05-02 09:45:00,180.94,180.97,180.93,180.94,488293.0
2019-05-02 10:00:00,181.11,181.14,181.11,181.13,472263.0
2019-05-02 10:15:00,181.15,181.16,181.15,181.15,484821.0
2019-05-02 10:30:00,181.21,181.23,181.21,181.22,400125.0
2019-05-02 10:45:00,181.38,181.39,181.38,181.39,362731.0
2019-05-02 11:15:00,181.51,181.52,181.5,181.5,369119.0
2019-05-02 11:30:00,181.59,181.6,181.59,181.59,361565.0
2019-05-02 11:45:00,181.7,181.71,181.7,181.7,292603.0
2019-05-02 12:15:00,181.93,181.96,181.93,181.94,447629.0
2019-05-02 12:30:00,181.99,181.99,181.99,181.99,468756.0
2019-05-02 12:45:00,182.07,182.08,182.07,182.07,312613.0
2019-05-02 13:00:00,182.1,182.11,182.09,182.1,300002.0
2019-05-02 13:30:00,182.31,182.32,182.31,182.32,377661.0
2019-05-02 14:00:00,182.51,182.52,182.51,182.51,339818.0
2019-05-02 14:15:00,182.62,182.64,182.62,182.63,326799.0
2019-05-02 14:30:00,182.71,182.71,182.7,182.71,386033.0
2019-05-02 14:45:00,182.91,182.93,182.91,182.93,362405.0
2019-05-02 15:00:00,182.94,182.97,182.93,182.94,453604.0
2019-05-02 15:15:00,183.07,183.08,183.06,183.08,487258.0
2019-05-02 15:30:00,182.93,182.95,182.93,182.94,482588.0
2019-05-02 15:45:00,183.22,183.24,183.22,183.23,408181.0
2019-05-03 09:30:00,183.53,183.53,183.52,183.53,324968.0
2019-05-03 09:45:00,183.39,183.39,183.38,183.39,318367.0
2019-05-03 10:00:00,183.55,183.56,183.55,183.56,399714.0
2019-05-03 10:15:00,183.51,183.51,183.5,183.51,273104.0
2019-05-03 10:30:00,183.39,183.41,183.39,183.4,359870.0
2019-05-03 10:45:00,183.44,183.45,183.44,183.45,278699.0
2019-05-03 11:00:00,183.42,183.43,183.42,183.42,302972.0
2019-05-03 11:15:00,183.36,183.37,183.36,183.36,258662.0
2019-05-03 11:30:00,183.35,183.36,183.34,183.36,350399.0
2019-05-03 11:45:00,183.31,183.32,183.3,183.31,273344.0
2019-05-03 12:00:00,183.28,183.3,183.28,183.29,397493.0
2019-05-03 12:15:00,183.15,183.16,183.14,183.15,377890.0
2019-05-03 12:30:00,183.23,183.25,183.23,183.23,386941.0
2019-05-03 12:45:00,183.27,183.28,183.27,183.28,263245.0
2019-05-03 13:00:00,183.2,183.2,183.2,183.2,383048.0
2019-05-03 13:15:00,183.24,183.25,183.24,183.25,411718.0
2019-05-03 13:30:00,183.18,183.18,183.18,183.18,282281.0
2019-05-03 13:45:00,183.18,183.18,183.18,183.18,316874.0
2019-05-03 14:00:00,183.14,183.15,183.14,183.15,345142.0
2019-05-03 14:15:00,183.11,183.12,183.11,183.11,234084.0
2019-05-03 14:30:00,183.11,183.12,183.11,183.11,316637.0
2019-05-03 14:45:00,183.07,183.08,183.07,183.07,365268.0
2019-05-03 15:00:00,183.07,183.07,183.07,183.07,413982.0
2019-05-03 15:15:00,183.05,183.05,183.04,183.05,276326.0
2019-05-03 15:30:00,183.05,183.06,183.05,183.05,266120.0
2019-05-03 15:45:00,183.01,183.02,183.01,183.01,263739.0
2019-05-10 09:30:00,168.92,168.95,168.92,168.95,505584.0
2019-05-10 09:45:00,169.12,169.14,169.11,169.13,541955.0
2019-05-10 10:00:00,168.92,168.93,168.92,168.92,491635.0
2019-05-10 10:15:00,168.89,168.91,168.89,168.91,615091.0
2019-05-10 10:30:00,168.95,168.96,168.95,168.95,500675.0
2019-05-10 10:45:00,169.23,169.28,169.23,169.25,420586.0
2019-05-10 11:00:00,169.03,169.05,169.01,169.04,707035.0
2019-05-10 11:15:00,168.84,168.86,168.83,168.86,671879.0
2019-05-10 11:30:00,168.91,168.92,168.9,168.92,659881.0
2019-05-10 11:45:00,168.93,168.95,168.91,168.94,682203.0
2019-05-10 12:00:00,168.93,168.95,168.93,168.94,609867.0
2019-05-10 12:30:00,168.86,168.87,168.86,168.86,421138.0
2019-05-10 13:00:00,168.88,168.89,168.88,168.88,500952.0
2019-05-10 13:15:00,168.76,168.77,168.76,168.77,678465.0
2019-05-10 13:30:00,168.81,168.82,168.81,168.82,559053.0
2019-05-10 13:45:00,168.87,168.88,168.87,168.87,567942.0
2019-05-10 14:00:00,168.96,168.99,168.94,168.95,438512.0
2019-05-10 14:15:00,168.87,168.87,168.87,168.87,651161.0
2019-05-10 14:30:00,168.78,168.81,168.77,168.79,420278.0
2019-05-10 15:00:00,168.78,168.8,168.78,168.79,402255.0
2019-05-10 15:15:00,168.83,168.84,168.83,168.84,599651.0
2019-05-10 15:45:00,168.79,168.82,168.78,168.78,487671.0
2019-05-14 09:30:00,160.04,160.05,160.04,160.04,604214.0
2019-05-14 09:45:00,160.11,160.14,160.1,160.12,599991.0
2019-05-14 10:00:00,160.16,160.18,160.15,160.16,619762.0
2019-05-14 10:15:00,160.29,160.3,160.29,160.3,618977.0
2019-05-14 10:30:00,160.35,160.36,160.34,160.35,441249.0
2019-05-14 10:45:00,160.56,160.56,160.55,160.56,599716.0
2019-05-14 11:00:00,160.61,160.62,160.6,160.62,615751.0
2019-05-14 11:15:00,160.59,160.6,160.59,160.59,386340.0
2019-05-14 11:30:00,160.68,160.68,160.68,160.68,645986.0
2019-05-14 11:45:00,160.77,160.77,160.77,160.77,419111.0
2019-05-14 12:00:00,160.81,160.83,160.8,160.82,578647.0
2019-05-14 12:15:00,160.93,160.93,160.92,160.93,530066.0
2019-05-14 12:30:00,160.99,161.0,160.99,160.99,616385.0
2019-05-14 12:45:00,161.1,161.12,161.1,161.11,490694.0
2019-05-14 13:00:00,161.23,161.23,161.22,161.23,508545.0
2019-05-14 13:15:00,161.21,161.23,161.21,161.22,355648.0
2019-05-14 13:30:00,161.33,161.36,161.32,161.34,524421.0
2019-05-14 13:45:00,161.39,161.41,161.38,161.4,412036.0
2019-05-14 14:00:00,161.43,161.43,161.42,161.43,500903.0
2019-05-14 14:15:00,161.59,161.59,161.59,161.59,362754.0
2019-05-14 14:30:00,161.6,161.61,161.58,161.61,512286.0
2019-05-14 15:00:00,161.77,161.8,161.76,161.77,424912.0
2019-05-14 15:15:00,161.92,161.93,161.92,161.93,569075.0
2019-05-14 15:30:00,161.97,161.99,161.97,161.98,500907.0
2019-05-14 15:45:00,162.05,162.06,162.05,162.05,523074.0
2019-05-15 09:30:00,159.76,159.78,159.76,159.77,504404.0
2019-05-15 09:45:00,159.8,159.82,159.8,159.8,461340.0
2019-05-15 10:00:00,159.74,159.75,159.73,159.74,374948.0
2019-05-15 10:15:00,159.75,159.76,159.74,159.75,502593.0
2019-05-15 10:30:00,159.76,159.77,159.76,159.77,568264.0
2019-05-15 10:45:00,159.8,159.8,159.8,159.8,593132.0
2019-05-15 11:00:00,159.73,159.74,159.73,159.74,614797.0
2019-05-15 11:15:00,159.66,159.68,159.65,159.67,401638.0
2019-05-15 11:30:00,159.74,159.74,159.74,159.74,495169.0
2019-05-15 11:45:00,159.69,159.7,159.69,159.69,593089.0
2019-05-15 12:00:00,159.66,159.66,159.65,159.66,439785.0
2019-05-15 12:30:00,159.69,159.69,159.69,159.69,603700.0
2019-05-15 12:45:00,159.6,159.62,159.6,159.6,579190.0
2019-05-15 13:00:00,159.71,159.71,159.71,159.71,566265.0
2019-05-15 13:15:00,159.67,159.67,159.66,159.67,563549.0
2019-05-15 13:30:00,159.68,159.69,159.68,159.69,609797.0
2019-05-15 13:45:00,159.63,159.64,159.62,159.64,599070.0
2019-05-15 14:00:00,159.65,159.66,159.65,159.65,472089.0
2019-05-15 14:15:00,159.64,159.65,159.63,159.64,373464.0
2019-05-15 14:30:00,159.63,159.64,159.63,159.64,412425.0
2019-05-15 15:00:00,159.61,159.61,159.6,159.6,366609.0
2019-05-15 15:15:00,159.59,159.59,159.59,159.59,503499.0
2019-05-15 15:30:00,159.58,159.59,159.58,159.59,467432.0
2019-05-15 15:45:00,159.54,159.55,159.54,159.55,358104.0
2019-05-16 09:30:00,159.38,159.38,159.38,159.38,700829.0
2019-05-16 09:45:00,159.39,159.4,159.39,159.39,831166.0
2019-05-16 10:00:00,159.46,159.46,159.45,159.46,671105.0
2019-05-16 10:15:00,159.53,159.54,159.52,159.53,667309.0
2019-05-16 10:30:00,159.48,159.5,159.47,159.49,705575.0
2019-05-16 10:45:00,159.51,159.52,159.51,159.51,559886.0
2019-05-16 11:00:00,159.45,159.46,159.44,159.44,554985.0
2019-05-16 11:15:00,159.51,159.52,159.51,159.52,715403.0
2019-05-16 11:30:00,159.63,159.64,159.63,159.64,765337.0
2019-05-16 11:45:00,159.59,159.6,159.59,159.6,975127.0
2019-05-16 12:15:00,159.69,159.7,159.69,159.7,936099.0
2019-05-16 12:30:00,159.81,159.82,159.8,159.81,957118.0
2019-05-16 12:45:00,159.83,159.85,159.82,159.83,692699.0
2019-05-16 13:00:00,159.83,159.84,159.82,159.84,761498.0
2019-05-16 13:30:00,160.05,160.06,160.04,160.06,841503.0
2019-05-16 13:45:00,159.91,159.92,159.9,159.91,763306.0
2019-05-16 14:00:00,159.94,159.96,159.93,159.95,703006.0
2019-05-16 14:15:00,160.08,160.1,160.07,160.08,669203.0
2019-05-16 14:30:00,160.07,160.08,160.07,160.07,836763.0
2019-05-16 15:00:00,159.92,159.94,159.92,159.93,609277.0
2019-05-16 15:30:00,160.12,160.14,160.12,160.14,680975.0
2019-05-16 15:45:00,160.18,160.18,160.18,160.18,675077.0
2019-05-21 09:45:00,154.26,154.27,154.26,154.27,274151.0
2019-05-21 10:00:00,154.28,154.29,154.28,154.29,363714.0
2019-05-21 10:15:00,154.27,154.27,154.27,154.27,329123.0
2019-05-21 10:30:00,154.29,154.31,154.29,154.3,419759.0
2019-05-21 10:45:00,154.4,154.42,154.39,154.41,423261.0
2019-05-21 11:00:00,154.45,154.45,154.44,154.45,281330.0
2019-05-21 11:15:00,154.42,154.42,154.42,154.42,253303.0
2019-05-21 11:30:00,154.49,154.5,154.48,154.49,335956.0
2019-05-21 11:45:00,154.5,154.5,154.5,154.5,446486.0
2019-05-21 12:00:00,154.55,154.55,154.55,154.55,264969.0
2019-05-21 12:15:00,154.58,154.59,154.58,154.59,329496.0
2019-05-21 12:30:00,154.61,154.62,154.61,154.62,416501.0
2019-05-21 12:45:00,154.69,154.7,154.69,154.69,337255.0
2019-05-21 13:15:00,154.68,154.7,154.68,154.69,266509.0
2019-05-21 13:30:00,154.7,154.71,154.7,154.71,354636.0
2019-05-21 13:45:00,154.77,154.78,154.77,154.78,349457.0
2019-05-21 14:15:00,154.8,154.81,154.8,154.8,350395.0
2019-05-21 14:30:00,154.88,154.88,154.88,154.88,399792.0
2019-05-21 14:45:00,154.92,154.93,154.92,154.92,269330.0
2019-05-21 15:00:00,154.9,154.91,154.9,154.91,300429.0
2019-05-21 15:15:00,154.98,154.99,154.98,154.98,416910.0
2019-05-21 15:30:00,155.02,155.03,155.02,155.02,401482.0
2019-05-21 15:45:00,155.06,155.06,155.05,155.06,349116.0
2019-05-22 09:30:00,153.5,153.51,153.5,153.51,370626.0
2019-05-22 09:45:00,153.43,153.44,153.43,153.43,384059.0
2019-05-22 10:00:00,153.39,153.39,153.39,153.39,243568.0
2019-05-22 10:15:00,153.35,153.35,153.35,153.35,287772.0
2019-05-22 10:30:00,153.29,153.3,153.29,153.3,305858.0
2019-05-22 11:00:00,153.22,153.23,153.21,153.22,300743.0
2019-05-22 11:15:00,153.16,153.17,153.16,153.16,266769.0
2019-05-22 11:30:00,153.1,153.11,153.09,153.11,404609.0
2019-05-22 11:45:00,153.01,153.01,153.01,153.01,241395.0
2019-05-22 12:00:00,152.96,152.97,152.96,152.96,222511.0
2019-05-22 12:15:00,152.94,152.95,152.94,152.94,371237.0
2019-05-22 12:30:00,152.89,152.89,152.88,152.89,386233.0
2019-05-22 12:45:00,152.85,152.87,152.85,152.85,311040.0
2019-05-22 13:00:00,152.73,152.73,152.73,152.73,297704.0
2019-05-22 13:15:00,152.68,152.68,152.68,152.68,236475.0
2019-05-22 13:30:00,152.67,152.68,152.67,152.67,286465.0
2019-05-22 13:45:00,152.61,152.61,152.61,152.61,228641.0
2019-05-22 14:00:00,152.54,152.54,152.54,152.54,397106.0
2019-05-22 14:45:00,152.3,152.32,152.29,152.3,406783.0
2019-05-22 15:00:00,152.37,152.38,152.37,152.37,314530.0
2019-05-22 15:15:00,152.29,152.3,152.29,152.29,286611.0
2019-05-22 15:30:00,152.23,152.23,152.23,152.23,403460.0
2019-05-22 15:45:00,152.18,152.19,152.18,152.18,238518.0
2019-05-23 09:30:00,149.69,149.69,149.69,149.69,534889.0
2019-05-23 09:45:00,149.59,149.59,149.58,149.59,657872.0
2019-05-23 10:00:00,149.42,149.46,149.42,149.46,398651.0
2019-05-23 10:15:00,149.39,149.4,149.39,149.4,689563.0
2019-05-23 10:30:00,149.21,149.22,149.21,149.22,435140.0
2019-05-23 11:00:00,149.1,149.11,149.1,149.1,507401.0
2019-05-23 11:15:00,149.0,149.0,149.0,149.0,540059.0
2019-05-23 11:30:00,148.95,148.96,148.95,148.96,692142.0
2019-05-23 11:45:00,148.79,148.8,148.77,148.79,422361.0
2019-05-23 12:00:00,148.73,148.73,148.73,148.73,708258.0
2019-05-23 12:15:00,148.62,148.63,148.61,148.61,735193.0
2019-05-23 12:30:00,148.6,148.62,148.6,148.6,657992.0
2019-05-23 12:45:00,148.52,148.52,148.51,148.52,459151.0
2019-05-23 13:00:00,148.35,148.36,148.35,148.35,526340.0
2019-05-23 13:15:00,148.26,148.26,148.26,148.26,667760.0
2019-05-23 13:30:00,148.02,148.03,148.01,148.01,637108.0
2019-05-23 13:45:00,148.1,148.12,148.09,148.1,526055.0
2019-05-23 14:00:00,148.0,148.01,148.0,148.0,678713.0
2019-05-23 14:15:00,147.88,147.89,147.88,147.88,446452.0
2019-05-23 14:30:00,147.8,147.82,147.78,147.81,723345.0
2019-05-23 14:45:00,147.68,147.68,147.67,147.67,483242.0
2019-05-23 15:00:00,147.63,147.64,147.63,147.63,503433.0
2019-05-23 15:15:00,147.51,147.52,147.51,147.52,587041.0
2019-05-23 15:30:00,147.4,147.41,147.4,147.41,513320.0
2019-05-23 15:45:00,147.25,147.27,147.25,147.25,574084.0
2019-05-28 09:30:00,145.82,145.86,145.82,145.84,376858.0
2019-05-28 09:45:00,145.8,145.81,145.79,145.8,531738.0
2019-05-28 10:00:00,145.65,145.66,145.65,145.65,453598.0
2019-05-28 10:15:00,145.52,145.53,145.52,145.52,299172.0
2019-05-28 10:30:00,145.47,145.49,145.46,145.49,421777.0
2019-05-28 10:45:00,145.35,145.36,145.35,145.36,489939.0
2019-05-28 11:00:00,145.21,145.23,145.2,145.22,395456.0
2019-05-28 11:15:00,145.14,145.14,145.14,145.14,489976.0
2019-05-28 11:30:00,144.94,144.95,144.93,144.95,302839.0
2019-05-28 11:45:00,145.04,145.06,145.04,145.05,327608.0
2019-05-28 12:00:00,144.89,144.91,144.88,144.9,297654.0
2019-05-28 12:15:00,144.71,144.72,144.71,144.71,482213.0
2019-05-28 12:30:00,144.69,144.71,144.68,144.7,446389.0
2019-05-28 12:45:00,144.56,144.57,144.56,144.56,446923.0
2019-05-28 13:00:00,144.42,144.43,144.42,144.43,314409.0
2019-05-28 13:15:00,144.33,144.34,144.33,144.33,372512.0
2019-05-28 13:30:00,144.3,144.3,144.3,144.3,351550.0
2019-05-28 13:45:00,144.1,144.11,144.1,144.1,494792.0
2019-05-28 14:00:00,144.04,144.05,144.04,144.05,298370.0
2019-05-28 14:15:00,143.91,143.91,143.9,143.91,349281.0
2019-05-28 14:30:00,143.84,143.87,143.84,143.86,475275.0
2019-05-28 14:45:00,143.61,143.63,143.61,143.61,403838.0
2019-05-28 15:30:00,143.43,143.44,143.43,143.43,422356.0
2019-05-28 15:45:00,143.39,143.42,143.39,143.41,349148.0
2019-05-29 09:30:00,141.42,141.42,141.42,141.42,444628.0
2019-05-29 09:45:00,141.31,141.32,141.3,141.32,445535.0
2019-05-29 10:00:00,141.21,141.23,141.21,141.22,432760.0
2019-05-29 10:15:00,141.29,141.29,141.28,141.29,403618.0
2019-05-29 10:30:00,141.23,141.25,141.23,141.24,418371.0
2019-05-29 10:45:00,140.97,140.99,140.97,140.98,688092.0
2019-05-29 11:00:00,141.23,141.24,141.23,141.24,464613.0
2019-05-29 11:15:00,141.19,141.2,141.18,141.19,641472.0
2019-05-29 11:30:00,141.01,141.02,141.01,141.01,440444.0
2019-05-29 11:45:00,140.98,140.99,140.98,140.99,657685.0
2019-05-29 12:00:00,140.82,140.84,140.81,140.82,605753.0
2019-05-29 12:15:00,140.93,140.94,140.93,140.93,434270.0
2019-05-29 12:30:00,140.91,140.91,140.91,140.91,598050.0
2019-05-29 12:45:00,140.79,140.8,140.79,140.8,646728.0
2019-05-29 13:00:00,140.82,140.82,140.82,140.82,675468.0
2019-05-29 13:30:00,140.69,140.7,140.69,140.7,617222.0
2019-05-29 13:45:00,140.57,140.6,140.57,140.57,554552.0
2019-05-29 14:00:00,140.63,140.64,140.63,140.64,575565.0
2019-05-29 14:15:00,140.58,140.59,140.58,140.59,443430.0
2019-05-29 14:30:00,140.52,140.55,140.51,140.53,605162.0
2019-05-29 14:45:00,140.58,140.59,140.57,140.58,684837.0
2019-05-29 15:15:00,140.57,140.59,140.57,140.57,442436.0
2019-05-29 15:30:00,140.35,140.37,140.35,140.36,687732.0
2019-05-29 15:45:00,140.43,140.44,140.43,140.43,406586.0
2019-05-30 09:30:00,140.22,140.23,140.22,140.22,422118.0
2019-05-30 09:45:00,140.23,140.26,140.23,140.25,310039.0
2019-05-30 10:00:00,140.09,140.11,140.08,140.09,359923.0
2019-05-30 10:15:00,140.2,140.22,140.2,140.22,278501.0
2019-05-30 10:30:00,139.99,140.01,139.99,139.99,438065.0
2019-05-30 10:45:00,140.16,140.18,140.16,140.17,347069.0
2019-05-30 11:00:00,140.0,140.02,140.0,140.01,420776.0
2019-05-30 11:15:00,139.95,139.97,139.94,139.95,382603.0
2019-05-30 11:45:00,139.81,139.82,139.81,139.82,266876.0
2019-05-30 12:15:00,139.74,139.77,139.74,139.75,452461.0
2019-05-30 12:30:00,139.71,139.72,139.71,139.71,370191.0
2019-05-30 12:45:00,139.69,139.7,139.68,139.69,366884.0
2019-05-30 13:00:00,139.68,139.68,139.67,139.68,281280.0
2019-05-30 13:15:00,139.63,139.64,139.63,139.63,363551.0
2019-05-30 13:30:00,139.67,139.71,139.67,139.69,458858.0
2019-05-30 14:00:00,139.46,139.47,139.46,139.47,383126.0
2019-05-30 14:15:00,139.34,139.36,139.33,139.35,425909.0
2019-05-30 14:45:00,139.28,139.28,139.27,139.28,473037.0
2019-05-30 15:00:00,139.2,139.22,139.2,139.21,445730.0
2019-05-30 15:15:00,139.2,139.21,139.2,139.2,464253.0
2019-05-30 15:30:00,139.14,139.15,139.14,139.14,408679.0
2019-05-30 15:45:00,139.09,139.09,139.09,139.09,406660.0
2019-05-31 09:30:00,137.08,137.11,137.08,137.1,339817.0
2019-05-31 09:45:00,137.12,137.14,137.11,137.13,286812.0
2019-05-31 10:00:00,136.99,137.0,136.98,136.99,281635.0
2019-05-31 10:15:00,136.96,136.97,136.96,136.96,469583.0
2019-05-31 10:30:00,136.86,136.87,136.86,136.86,455294.0
2019-05-31 10:45:00,136.83,136.84,136.83,136.83,297862.0
2019-05-31 11:00:00,136.81,136.81,136.8,136.81,273511.0
2019-05-31 11:15:00,136.68,136.68,136.68,136.68,449930.0
2019-05-31 11:30:00,136.62,136.62,136.62,136.62,435388.0
2019-05-31 11:45:00,136.56,136.6,136.56,136.57,354328.0
2019-05-31 12:00:00,136.54,136.55,136.54,136.54,308926.0
2019-05-31 12:15:00,136.38,136.38,136.37,136.38,315145.0
2019-05-31 12:30:00,136.28,136.3,136.27,136.29,327108.0
2019-05-31 12:45:00,136.11,136.14,136.1,136.12,400623.0
2019-05-31 13:00:00,136.21,136.21,136.2,136.21,461459.0
2019-05-31 13:15:00,136.14,136.14,136.13,136.14,458951.0
2019-05-31 13:30:00,136.09,136.1,136.08,136.09,318906.0
2019-05-31 13:45:00,136.04,136.05,136.04,136.04,462208.0
2019-05-31 14:00:00,135.93,135.95,135.92,135.93,369326.0
2019-05-31 14:15:00,135.9,135.91,135.89,135.9,431350.0
2019-05-31 14:30:00,135.81,135.83,135.8,135.81,311770.0
2019-05-31 14:45:00,135.78,135.79,135.78,135.79,400281.0
2019-05-31 15:00:00,135.63,135.65,135.63,135.64,413180.0
2019-05-31 15:15:00,135.59,135.61,135.57,135.59,389869.0
2019-05-31 15:30:00,135.54,135.55,135.54,135.54,269392.0
2019-06-03 09:30:00,135.94,135.96,135.94,135.95,551110.0
2019-06-03 09:45:00,135.88,135.89,135.88,135.88,472985.0
2019-06-03 10:00:00,135.75,135.75,135.73,135.75,436841.0
2019-06-03 10:15:00,135.63,135.66,135.63,135.63,442718.0
2019-06-03 10:30:00,135.53,135.53,135.53,135.53,383036.0
2019-06-03 10:45:00,135.49,135.5,135.49,135.5,352145.0
2019-06-03 11:00:00,135.41,135.41,135.4,135.41,522839.0
2019-06-03 11:15:00,135.32,135.33,135.31,135.33,496685.0
2019-06-03 11:30:00,135.3,135.31,135.3,135.3,366200.0
2019-06-03 12:00:00,135.03,135.05,135.03,135.04,441166.0
2019-06-03 12:15:00,135.0,135.02,135.0,135.01,352315.0
2019-06-03 12:30:00,134.98,135.0,134.97,134.97,395882.0
2019-06-03 12:45:00,134.79,134.81,134.78,134.8,574568.0
2019-06-03 13:15:00,134.64,134.65,134.64,134.64,387126.0
2019-06-03 13:30:00,134.54,134.54,134.54,134.54,331908.0
2019-06-03 13:45:00,134.44,134.45,134.44,134.45,439276.0
2019-06-03 14:30:00,134.2,134.2,134.19,134.2,399908.0
2019-06-03 14:45:00,134.11,134.12,134.11,134.12,385426.0
2019-06-03 15:00:00,134.09,134.11,134.09,134.11,494170.0
2019-06-03 15:15:00,133.98,133.98,133.98,133.98,590305.0
2019-06-03 15:30:00,133.86,133.88,133.84,133.85,396306.0
2019-06-03 15:45:00,133.85,133.88,133.84,133.86,416485.0
2019-06-10 09:30:00,147.8,147.81,147.78,147.8,374831.0
2019-06-10 09:45:00,147.76,147.76,147.76,147.76,413228.0
2019-06-10 10:00:00,147.86,147.86,147.85,147.86,297463.0
2019-06-10 10:15:00,147.84,147.84,147.84,147.84,290061.0
2019-06-10 10:30:00,147.8,147.82,147.8,147.81,345448.0
2019-06-10 10:45:00,147.95,147.97,147.95,147.96,399059.0
2019-06-10 11:00:00,147.88,147.9,147.87,147.88,346117.0
2019-06-10 11:15:00,147.9,147.91,147.89,147.9,422826.0
2019-06-10 11:30:00,148.02,148.03,148.01,148.03,388292.0
2019-06-10 11:45:00,148.04,148.04,148.03,148.04,396749.0
2019-06-10 12:00:00,148.09,148.1,148.09,148.1,457435.0
2019-06-10 12:15:00,148.05,148.05,148.05,148.05,379045.0
2019-06-10 12:30:00,148.03,148.04,148.02,148.03,294982.0
2019-06-10 12:45:00,148.11,148.12,148.11,148.12,328560.0
2019-06-10 13:00:00,148.13,148.13,148.13,148.13,408567.0
2019-06-10 13:15:00,148.17,148.17,148.17,148.17,280424.0
2019-06-10 13:30:00,148.19,148.19,148.19,148.19,489754.0
2019-06-10 13:45:00,148.25,148.26,148.25,148.26,280800.0
2019-06-10 14:00:00,148.24,148.25,148.23,148.24,354412.0
2019-06-10 14:30:00,148.3,148.3,148.3,148.3,350609.0
2019-06-10 14:45:00,148.31,148.32,148.31,148.32,388697.0
2019-06-10 15:00:00,148.42,148.45,148.42,148.43,405804.0
2019-06-10 15:15:00,148.36,148.37,148.36,148.36,359306.0
2019-06-10 15:30:00,148.46,148.48,148.45,148.48,286239.0
2019-06-10 15:45:00,148.47,148.48,148.47,148.48,447364.0
2019-06-11 09:30:00,150.83,150.83,150.83,150.83,392313.0
2019-06-11 09:45:00,150.82,150.82,150.82,150.82,275939.0
2019-06-11 10:00:00,150.88,150.88,150.88,150.88,410575.0
2019-06-11 10:15:00,150.84,150.84,150.84,150.84,378914.0
2019-06-11 10:30:00,150.83,150.84,150.82,150.84,277817.0
2019-06-11 10:45:00,150.84,150.85,150.84,150.84,387631.0
2019-06-11 11:00:00,150.8,150.81,150.8,150.8,309461.0
2019-06-11 11:15:00,150.85,150.86,150.84,150.85,331250.0
2019-06-11 11:30:00,150.78,150.79,150.78,150.78,331146.0
2019-06-11 11:45:00,150.81,150.81,150.8,150.81,421626.0
2019-06-11 12:00:00,150.77,150.78,150.77,150.78,465751.0
2019-06-11 12:15:00,150.81,150.82,150.81,150.82,353366.0
2019-06-11 12:30:00,150.81,150.82,150.81,150.82,469830.0
2019-06-11 12:45:00,150.79,150.8,150.79,150.79,399160.0
2019-06-11 13:00:00,150.81,150.82,150.81,150.81,394129.0
2019-06-11 13:15:00,150.82,150.83,150.82,150.82,476955.0
2019-06-11 13:30:00,150.71,150.72,150.71,150.71,393784.0
2019-06-11 13:45:00,150.76,150.77,150.76,150.76,385559.0
2019-06-11 14:15:00,150.76,150.76,150.75,150.76,448793.0
2019-06-11 14:30:00,150.75,150.75,150.75,150.75,327119.0
2019-06-11 14:45:00,150.77,150.77,150.77,150.77,473486.0
2019-06-11 15:00:00,150.81,150.81,150.81,150.81,471108.0
2019-06-11 15:15:00,150.76,150.76,150.76,150.76,313530.0
2019-06-11 15:30:00,150.75,150.75,150.75,150.75,407204.0
2019-06-11 15:45:00,150.75,150.77,150.75,150.77,449115.0
2019-06-13 09:30:00,147.1,147.11,147.1,147.11,383056.0
2019-06-13 09:45:00,147.12,147.13,147.12,147.13,254082.0
2019-06-13 10:00:00,147.19,147.21,147.19,147.2,315470.0
2019-06-13 10:15:00,147.23,147.23,147.23,147.23,382553.0
2019-06-13 10:30:00,147.25,147.26,147.25,147.25,290213.0
2019-06-13 10:45:00,147.32,147.32,147.32,147.32,212989.0
2019-06-13 11:15:00,147.47,147.48,147.46,147.46,212095.0
2019-06-13 11:30:00,147.4,147.41,147.39,147.4,289269.0
2019-06-13 11:45:00,147.51,147.52,147.51,147.51,294493.0
2019-06-13 12:00:00,147.55,147.55,147.55,147.55,350487.0
2019-06-13 12:30:00,147.68,147.7,147.67,147.68,279775.0
2019-06-13 12:45:00,147.71,147.71,147.71,147.71,316362.0
2019-06-13 13:00:00,147.72,147.72,147.72,147.72,341981.0
2019-06-13 13:15:00,147.81,147.82,147.81,147.81,240613.0
2019-06-13 13:30:00,147.82,147.83,147.82,147.82,221981.0
2019-06-13 13:45:00,147.9,147.9,147.9,147.9,334039.0
2019-06-13 14:00:00,147.99,147.99,147.98,147.99,262628.0
2019-06-13 14:15:00,147.98,147.98,147.97,147.98,262200.0
2019-06-13 14:30:00,148.03,148.04,148.03,148.04,244355.0
2019-06-13 14:45:00,148.08,148.08,148.08,148.08,383139.0
2019-06-13 15:00:00,148.08,148.09,148.08,148.08,321271.0
2019-06-13 15:15:00,148.17,148.17,148.17,148.17,288049.0
2019-06-13 15:45:00,148.3,148.32,148.3,148.3,262891.0
2019-06-14 09:45:00,144.51,144.51,144.51,144.51,320369.0
2019-06-14 10:00:00,144.51,144.52,144.51,144.51,350679.0
2019-06-14 10:15:00,144.4,144.41,144.4,144.4,482981.0
2019-06-14 10:30:00,144.5,144.5,144.5,144.5,475357.0
2019-06-14 10:45:00,144.55,144.55,144.55,144.55,273019.0
2019-06-14 11:00:00,144.55,144.55,144.54,144.55,435819.0
2019-06-14 11:15:00,144.57,144.58,144.57,144.58,331781.0
2019-06-14 11:30:00,144.54,144.55,144.54,144.54,416621.0
2019-06-14 11:45:00,144.56,144.57,144.56,144.56,370098.0
2019-06-14 12:00:00,144.56,144.57,144.56,144.56,332506.0
2019-06-14 12:15:00,144.55,144.55,144.55,144.55,377287.0
2019-06-14 12:30:00,144.57,144.57,144.57,144.57,281599.0
2019-06-14 12:45:00,144.55,144.56,144.54,144.56,451111.0
2019-06-14 13:00:00,144.58,144.59,144.58,144.58,302829.0
2019-06-14 13:15:00,144.61,144.62,144.6,144.62,274077.0
2019-06-14 13:30:00,144.61,144.63,144.61,144.62,491623.0
2019-06-14 13:45:00,144.58,144.58,144.57,144.58,469859.0
2019-06-14 14:15:00,144.61,144.61,144.61,144.61,273780.0
2019-06-14 14:45:00,144.62,144.62,144.61,144.62,280040.0
2019-06-14 15:15:00,144.65,144.65,144.64,144.65,469199.0
2019-06-14 15:30:00,144.6,144.61,144.6,144.6,327955.0
2019-06-14 15:45:00,144.61,144.62,144.61,144.61,342272.0
2019-06-17 09:30:00,144.58,144.59,144.57,144.58,223485.0
2019-06-17 09:45:00,144.58,144.58,144.57,144.58,214475.0
2019-06-17 10:00:00,144.58,144.59,144.58,144.58,228824.0
2019-06-17 10:15:00,144.63,144.63,144.63,144.63,317901.0
2019-06-17 10:30:00,144.59,144.6,144.58,144.59,227241.0
2019-06-17 10:45:00,144.65,144.67,144.65,144.66,306512.0
2019-06-17 11:00:00,144.67,144.68,144.67,144.68,237789.0
2019-06-17 11:15:00,144.71,144.71,144.71,144.71,277113.0
2019-06-17 11:45:00,144.76,144.77,144.76,144.77,208094.0
2019-06-17 12:00:00,144.78,144.79,144.78,144.78,193879.0
2019-06-17 12:15:00,144.74,144.75,144.74,144.75,285364.0
2019-06-17 12:30:00,144.84,144.86,144.83,144.85,267210.0
2019-06-17 12:45:00,144.81,144.81,144.81,144.81,252622.0
2019-06-17 13:00:00,144.86,144.87,144.85,144.87,221153.0
2019-06-17 13:15:00,144.85,144.87,144.85,144.87,331345.0
2019-06-17 13:30:00,144.87,144.88,144.87,144.87,334282.0
2019-06-17 14:00:00,144.89,144.89,144.88,144.89,276921.0
2019-06-17 14:15:00,144.92,144.93,144.91,144.92,284616.0
2019-06-17 14:30:00,144.94,144.94,144.94,144.94,304095.0
2019-06-17 15:00:00,144.97,144.97,144.97,144.97,195635.0
2019-06-17 15:15:00,145.01,145.02,145.0,145.01,221051.0
2019-06-17 15:30:00,144.96,144.98,144.96,144.97,278634.0
2019-06-17 15:45:00,145.05,145.05,145.05,145.05,316431.0
2019-06-19 09:30:00,154.29,154.3,154.29,154.3,275685.0
2019-06-19 09:45:00,154.25,154.25,154.25,154.25,269676.0
2019-06-19 10:00:00,154.22,154.22,154.21,154.22,239940.0
2019-06-19 10:15:00,154.13,154.13,154.13,154.13,292619.0
2019-06-19 10:30:00,154.06,154.06,154.05,154.05,359692.0
2019-06-19 11:00:00,153.98,153.99,153.97,153.99,377174.0
2019-06-19 11:15:00,154.0,154.01,154.0,154.01,377014.0
2019-06-19 11:30:00,153.94,153.95,153.94,153.95,354000.0
2019-06-19 11:45:00,153.88,153.88,153.88,153.88,398360.0
2019-06-19 12:00:00,153.82,153.82,153.82,153.82,306378.0
2019-06-19 12:15:00,153.71,153.72,153.71,153.72,329949.0
2019-06-19 12:30:00,153.71,153.71,153.7,153.7,319325.0
2019-06-19 12:45:00,153.7,153.7,153.69,153.7,358580.0
2019-06-19 13:00:00,153.63,153.65,153.62,153.64,315692.0
2019-06-19 13:15:00,153.62,153.62,153.61,153.62,317994.0
2019-06-19 13:45:00,153.45,153.47,153.45,153.46,307565.0
2019-06-19 14:15:00,153.4,153.4,153.4,153.4,243242.0
2019-06-19 14:30:00,153.35,153.35,153.35,153.35,311179.0
2019-06-19 14:45:00,153.29,153.29,153.29,153.29,318282.0
2019-06-19 15:00:00,153.31,153.33,153.31,153.32,263344.0
2019-06-19 15:15:00,153.15,153.16,153.14,153.15,410617.0
2019-06-19 15:30:00,153.19,153.21,153.19,153.2,307506.0
2019-06-19 15:45:00,153.17,153.19,153.17,153.17,292564.0
2019-06-24 09:30:00,152.72,152.74,152.72,152.72,347692.0
2019-06-24 09:45:00,152.58,152.59,152.58,152.59,223259.0
2019-06-24 10:00:00,152.6,152.6,152.6,152.6,237642.0
2019-06-24 10:15:00,152.61,152.62,152.61,152.61,206480.0
2019-06-24 10:30:00,152.64,152.65,152.64,152.64,309520.0
2019-06-24 10:45:00,152.61,152.62,152.61,152.62,217602.0
2019-06-24 11:00:00,152.62,152.63,152.61,152.62,254613.0
2019-06-24 11:15:00,152.67,152.69,152.67,152.67,320538.0
2019-06-24 11:30:00,152.6,152.61,152.6,152.61,327252.0
2019-06-24 11:45:00,152.62,152.62,152.62,152.62,291594.0
2019-06-24 12:00:00,152.71,152.72,152.71,152.72,296081.0
2019-06-24 12:15:00,152.62,152.62,152.62,152.62,296341.0
2019-06-24 12:30:00,152.7,152.71,152.69,152.7,330544.0
2019-06-24 13:00:00,152.61,152.62,152.61,152.62,264866.0
2019-06-24 13:15:00,152.68,152.69,152.68,152.69,207504.0
2019-06-24 13:30:00,152.65,152.65,152.65,152.65,315995.0
2019-06-24 13:45:00,152.59,152.6,152.59,152.6,323384.0
2019-06-24 14:00:00,152.65,152.67,152.64,152.66,263437.0
2019-06-24 14:15:00,152.61,152.62,152.61,152.61,286270.0
2019-06-24 14:30:00,152.62,152.63,152.62,152.63,295212.0
2019-06-24 14:45:00,152.62,152.63,152.62,152.63,308243.0
2019-06-24 15:00:00,152.66,152.67,152.66,152.66,320357.0
2019-06-24 15:15:00,152.63,152.63,152.62,152.63,326988.0
2019-06-24 15:30:00,152.75,152.76,152.74,152.74,285082.0
2019-06-24 15:45:00,152.66,152.66,152.66,152.66,204320.0
2019-06-27 09:45:00,162.7,162.7,162.69,162.7,484905.0
2019-06-27 10:00:00,162.73,162.74,162.72,162.74,497984.0
2019-06-27 10:15:00,162.76,162.77,162.76,162.76,336778.0
2019-06-27 10:30:00,162.87,162.88,162.87,162.87,465555.0
2019-06-27 10:45:00,162.8,162.8,162.79,162.8,494732.0
2019-06-27 11:00:00,162.81,162.82,162.81,162.81,389981.0
2019-06-27 11:15:00,162.87,162.87,162.86,162.87,304153.0
2019-06-27 11:30:00,162.89,162.89,162.88,162.88,364286.0
2019-06-27 11:45:00,162.82,162.84,162.81,162.84,342839.0
2019-06-27 12:00:00,162.94,162.95,162.94,162.95,512818.0
2019-06-27 12:15:00,162.85,162.86,162.85,162.85,420928.0
2019-06-27 12:30:00,162.96,162.96,162.96,162.96,308516.0
2019-06-27 12:45:00,162.91,162.92,162.91,162.91,546828.0
2019-06-27 13:00:00,163.01,163.01,163.0,163.01,506014.0
2019-06-27 13:15:00,163.03,163.03,163.03,163.03,406618.0
2019-06-27 13:30:00,163.06,163.07,163.06,163.06,468369.0
2019-06-27 13:45:00,163.04,163.05,163.04,163.05,449695.0
2019-06-27 14:00:00,163.07,163.08,163.07,163.07,421517.0
2019-06-27 14:15:00,163.11,163.11,163.1,163.11,368985.0
2019-06-27 14:30:00,163.13,163.13,163.13,163.13,326392.0
2019-06-27 14:45:00,163.17,163.18,163.17,163.17,501733.0
2019-06-27 15:15:00,163.2,163.2,163.2,163.2,497549.0
2019-06-27 15:30:00,163.18,163.19,163.18,163.19,556092.0
2019-06-27 15:45:00,163.27,163.28,163.27,163.27,462923.0
2019-06-28 09:30:00,164.91,164.94,164.91,164.92,425503.0
2019-06-28 09:45:00,164.96,164.96,164.96,164.96,453990.0
2019-06-28 10:00:00,164.94,164.95,164.94,164.95,332867.0
2019-06-28 10:30:00,164.88,164.88,164.88,164.88,346077.0
2019-06-28 10:45:00,164.81,164.83,164.81,164.82,358733.0
2019-06-28 11:00:00,164.91,164.93,164.91,164.91,428871.0
2019-06-28 11:15:00,164.84,164.85,164.84,164.84,433804.0
2019-06-28 11:30:00,164.72,164.73,164.72,164.73,279462.0
2019-06-28 11:45:00,164.74,164.76,164.74,164.75,388801.0
2019-06-28 12:00:00,164.71,164.71,164.71,164.71,389559.0
2019-06-28 12:30:00,164.62,164.63,164.62,164.63,416056.0
2019-06-28 12:45:00,164.61,164.62,164.61,164.61,274585.0
2019-06-28 13:00:00,164.52,164.53,164.52,164.53,386164.0
2019-06-28 13:15:00,164.5,164.5,164.5,164.5,403558.0
2019-06-28 13:30:00,164.5,164.51,164.5,164.51,485846.0
2019-06-28 13:45:00,164.46,164.47,164.46,164.46,345726.0
2019-06-28 14:00:00,164.47,164.47,164.46,164.47,474186.0
2019-06-28 14:15:00,164.43,164.43,164.43,164.43,481019.0
2019-06-28 14:30:00,164.45,164.45,164.45,164.45,360483.0
2019-06-28 14:45:00,164.37,164.38,164.37,164.38,414223.0
2019-06-28 15:00:00,164.36,164.36,164.35,164.36,308043.0
2019-06-28 15:15:00,164.31,164.32,164.3,164.31,397982.0
2019-06-28 15:30:00,164.27,164.28,164.27,164.27,272382.0
2019-06-28 15:45:00,164.24,164.24,164.23,164.24,394218.0
2019-07-02 09:30:00,165.49,165.5,165.49,165.5,330619.0
2019-07-02 09:45:00,165.4,165.41,165.4,165.4,440987.0
2019-07-02 10:00:00,165.24,165.24,165.24,165.24,459778.0
2019-07-02 10:15:00,165.11,165.11,165.11,165.11,441781.0
2019-07-02 10:30:00,164.86,164.89,164.86,164.86,402335.0
2019-07-02 10:45:00,164.8,164.82,164.79,164.81,486176.0
2019-07-02 11:00:00,164.75,164.76,164.75,164.76,445187.0
2019-07-02 11:45:00,164.27,164.28,164.27,164.28,390194.0
2019-07-02 12:00:00,164.18,164.19,164.18,164.19,481803.0
2019-07-02 12:15:00,164.05,164.07,164.05,164.06,452176.0
2019-07-02 12:30:00,163.97,163.99,163.96,163.98,390795.0
2019-07-02 12:45:00,163.68,163.7,163.68,163.68,310535.0
2019-07-02 13:00:00,163.67,163.67,163.66,163.67,428277.0
2019-07-02 13:15:00,163.65,163.67,163.65,163.66,416957.0
2019-07-02 13:30:00,163.36,163.38,163.35,163.35,470569.0
2019-07-02 13:45:00,163.37,163.39,163.36,163.38,487817.0
2019-07-02 14:00:00,163.18,163.18,163.17,163.18,358424.0
2019-07-02 14:15:00,163.03,163.04,163.03,163.04,284977.0
2019-07-02 14:30:00,162.93,162.94,162.93,162.93,354081.0
2019-07-02 14:45:00,162.74,162.75,162.74,162.74,342393.0
2019-07-02 15:00:00,162.61,162.62,162.61,162.61,462055.0
2019-07-02 15:30:00,162.33,162.34,162.32,162.33,285983.0
2019-07-02 15:45:00,162.19,162.2,162.19,162.2,467155.0
2019-07-05 09:30:00,160.38,160.39,160.38,160.39,375170.0
2019-07-05 09:45:00,160.38,160.38,160.38,160.38,380656.0
2019-07-05 10:00:00,160.39,160.4,160.39,160.4,281271.0
2019-07-05 10:15:00,160.39,160.41,160.39,160.4,406320.0
2019-07-05 10:30:00,160.37,160.37,160.36,160.37,381364.0
2019-07-05 11:00:00,160.36,160.36,160.36,160.36,309340.0
2019-07-05 11:15:00,160.36,160.38,160.36,160.37,377007.0
2019-07-05 11:30:00,160.31,160.32,160.31,160.31,492944.0
2019-07-05 11:45:00,160.23,160.24,160.22,160.23,495292.0
2019-07-05 12:00:00,160.36,160.36,160.36,160.36,347476.0
2019-07-05 12:15:00,160.26,160.27,160.26,160.27,373271.0
2019-07-05 12:30:00,160.3,160.3,160.3,160.3,340285.0
2019-07-05 12:45:00,160.22,160.23,160.22,160.22,296263.0
2019-07-05 13:15:00,160.3,160.31,160.3,160.31,328989.0
2019-07-05 13:30:00,160.38,160.4,160.37,160.38,378305.0
2019-07-05 13:45:00,160.22,160.23,160.21,160.22,304396.0
2019-07-05 14:00:00,160.27,160.28,160.27,160.27,353019.0
2019-07-05 14:15:00,160.26,160.26,160.26,160.26,337922.0
2019-07-05 14:30:00,160.2,160.21,160.2,160.21,421901.0
2019-07-05 15:00:00,160.23,160.24,160.23,160.24,392116.0
2019-07-05 15:15:00,160.27,160.27,160.27,160.27,389925.0
2019-07-05 15:30:00,160.22,160.23,160.22,160.22,450723.0
2019-07-05 15:45:00,160.24,160.24,160.24,160.24,342652.0
2019-07-08 09:30:00,157.85,157.85,157.85,157.85,273801.0
2019-07-08 09:45:00,157.81,157.82,157.81,157.81,309993.0
2019-07-08 10:00:00,157.79,157.79,157.79,157.79,321497.0
2019-07-08 10:15:00,157.78,157.79,157.78,157.78,223635.0
2019-07-08 10:30:00,157.73,157.74,157.73,157.73,355378.0
2019-07-08 10:45:00,157.8,157.82,157.79,157.81,367496.0
2019-07-08 11:00:00,157.68,157.68,157.68,157.68,279340.0
2019-07-08 11:15:00,157.65,157.65,157.65,157.65,336125.0
2019-07-08 11:30:00,157.61,157.62,157.6,157.62,222840.0
2019-07-08 11:45:00,157.62,157.63,157.62,157.62,289441.0
2019-07-08 12:15:00,157.55,157.55,157.55,157.55,257270.0
2019-07-08 12:30:00,157.54,157.54,157.54,157.54,331851.0
2019-07-08 12:45:00,157.5,157.5,157.49,157.49,351653.0
2019-07-08 13:00:00,157.49,157.5,157.49,157.49,243388.0
2019-07-08 13:15:00,157.5,157.5,157.49,157.49,386896.0
2019-07-08 13:30:00,157.41,157.42,157.41,157.41,359367.0
2019-07-08 13:45:00,157.44,157.45,157.44,157.44,353479.0
2019-07-08 14:00:00,157.4,157.4,157.4,157.4,386164.0
2019-07-08 14:15:00,157.42,157.43,157.42,157.42,241336.0
2019-07-08 14:30:00,157.38,157.39,157.38,157.39,254410.0
2019-07-08 14:45:00,157.37,157.38,157.37,157.37,390661.0
2019-07-08 15:00:00,157.37,157.38,157.36,157.36,252284.0
2019-07-08 15:15:00,157.27,157.28,157.26,157.28,344720.0
2019-07-09 09:30:00,155.43,155.45,155.43,155.43,317410.0
2019-07-09 10:00:00,155.63,155.64,155.62,155.63,403688.0
2019-07-09 10:15:00,155.73,155.74,155.73,155.74,308391.0
2019-07-09 10:30:00,155.83,155.84,155.83,155.84,395388.0
2019-07-09 10:45:00,155.82,155.84,155.82,155.82,355477.0
2019-07-09 11:00:00,155.9,155.91,155.9,155.91,286684.0
2019-07-09 11:30:00,156.1,156.12,156.1,156.1,409542.0
2019-07-09 11:45:00,156.06,156.07,156.05,156.07,357943.0
2019-07-09 12:00:00,156.21,156.21,156.2,156.21,401641.0
2019-07-09 12:15:00,156.32,156.33,156.31,156.32,251000.0
2019-07-09 12:30:00,156.34,156.35,156.34,156.34,259817.0
2019-07-09 12:45:00,156.44,156.45,156.44,156.44,359587.0
2019-07-09 13:15:00,156.69,156.7,156.68,156.69,384858.0
2019-07-09 13:30:00,156.68,156.68,156.68,156.68,309884.0
2019-07-09 13:45:00,156.71,156.71,156.7,156.71,285230.0
2019-07-09 14:00:00,156.8,156.82,156.79,156.81,273548.0
2019-07-09 14:15:00,156.89,156.9,156.89,156.9,310130.0
2019-07-09 14:30:00,156.98,156.98,156.96,156.98,258139.0
2019-07-09 14:45:00,157.09,157.11,157.08,157.09,250413.0
2019-07-09 15:00:00,157.1,157.11,157.1,157.11,396490.0
2019-07-09 15:15:00,157.19,157.2,157.19,157.19,294770.0
2019-07-09 15:30:00,157.22,157.23,157.22,157.22,265356.0
2019-07-09 15:45:00,157.3,157.31,157.3,157.3,240624.0
2019-07-12 09:30:00,167.41,167.42,167.4,167.41,423656.0
2019-07-12 09:45:00,167.43,167.45,167.43,167.43,398107.0
2019-07-12 10:00:00,167.42,167.43,167.42,167.43,436506.0
2019-07-12 10:45:00,167.54,167.56,167.54,167.55,554139.0
2019-07-12 11:00:00,167.45,167.46,167.45,167.45,430573.0
2019-07-12 11:15:00,167.46,167.46,167.45,167.46,428601.0
2019-07-12 11:30:00,167.49,167.51,167.49,167.5,556117.0
2019-07-12 11:45:00,167.45,167.47,167.45,167.46,398610.0
2019-07-12 12:00:00,167.47,167.48,167.47,167.48,483443.0
2019-07-12 12:15:00,167.49,167.5,167.49,167.49,416038.0
2019-07-12 12:30:00,167.5,167.51,167.5,167.51,520418.0
2019-07-12 12:45:00,167.52,167.52,167.51,167.52,384277.0
2019-07-12 13:00:00,167.55,167.56,167.55,167.56,526574.0
2019-07-12 13:15:00,167.58,167.6,167.58,167.59,581426.0
2019-07-12 13:30:00,167.56,167.56,167.56,167.56,424116.0
2019-07-12 13:45:00,167.54,167.55,167.54,167.54,466830.0
2019-07-12 14:00:00,167.55,167.56,167.53,167.55,551714.0
2019-07-12 14:15:00,167.55,167.55,167.55,167.55,416440.0
2019-07-12 14:30:00,167.61,167.62,167.61,167.62,600416.0
2019-07-12 14:45:00,167.62,167.63,167.62,167.63,480053.0
2019-07-12 15:15:00,167.61,167.61,167.61,167.61,616916.0
2019-07-12 15:30:00,167.61,167.61,167.61,167.61,568135.0
2019-07-12 15:45:00,167.6,167.6,167.6,167.6,421856.0
2019-07-15 09:30:00,168.48,168.48,168.48,168.48,233594.0
2019-07-15 09:45:00,168.38,168.38,168.37,168.37,204350.0
2019-07-15 10:00:00,168.36,168.37,168.36,168.37,338010.0
2019-07-15 10:15:00,168.36,168.37,168.36,168.36,272138.0
2019-07-15 10:30:00,168.27,168.27,168.27,168.27,346149.0
2019-07-15 10:45:00,168.22,168.22,168.21,168.22,217899.0
2019-07-15 11:00:00,168.19,168.21,168.18,168.19,352627.0
2019-07-15 11:15:00,168.09,168.1,168.09,168.1,283127.0
2019-07-15 11:30:00,168.09,168.1,168.09,168.09,353317.0
2019-07-15 11:45:00,168.04,168.05,168.04,168.05,214550.0
2019-07-15 12:00:00,167.91,167.91,167.91,167.91,257907.0
2019-07-15 12:15:00,167.96,167.97,167.96,167.96,357498.0
2019-07-15 12:30:00,167.86,167.87,167.85,167.86,239309.0
2019-07-15 12:45:00,167.82,167.84,167.82,167.82,358752.0
2019-07-15 13:00:00,167.77,167.78,167.77,167.78,297431.0
2019-07-15 13:15:00,167.73,167.74,167.73,167.73,301329.0
2019-07-15 13:30:00,167.74,167.76,167.74,167.75,344279.0
2019-07-15 14:00:00,167.61,167.62,167.61,167.62,299326.0
2019-07-15 14:15:00,167.6,167.6,167.6,167.6,207847.0
2019-07-15 14:30:00,167.52,167.54,167.52,167.53,343032.0
2019-07-15 14:45:00,167.42,167.44,167.42,167.43,328157.0
2019-07-15 15:15:00,167.37,167.37,167.36,167.36,279488.0
2019-07-15 15:30:00,167.34,167.34,167.33,167.34,280531.0
2019-07-16 09:30:00,166.67,166.67,166.67,166.67,361286.0
2019-07-16 09:45:00,166.61,166.64,166.6,166.6,239679.0
2019-07-16 10:00:00,166.71,166.73,166.71,166.72,380279.0
2019-07-16 10:15:00,166.7,166.71,166.69,166.7,373564.0
2019-07-16 10:30:00,166.73,166.73,166.73,166.73,404645.0
2019-07-16 10:45:00,166.74,166.76,166.74,166.75,367730.0
2019-07-16 11:00:00,166.67,166.69,166.67,166.67,319476.0
2019-07-16 11:15:00,166.78,166.78,166.78,166.78,382379.0
2019-07-16 11:30:00,166.75,166.76,166.75,166.75,380218.0
2019-07-16 12:00:00,166.84,166.84,166.84,166.84,277996.0
2019-07-16 12:15:00,166.78,166.8,166.78,166.79,374824.0
2019-07-16 12:45:00,166.8,166.81,166.8,166.81,247925.0
2019-07-16 13:00:00,166.9,166.91,166.9,166.9,288958.0
2019-07-16 13:15:00,166.9,166.92,166.89,166.91,268588.0
2019-07-16 13:45:00,166.94,166.94,166.94,166.94,348026.0
2019-07-16 14:00:00,166.97,166.98,166.97,166.98,286743.0
2019-07-16 14:15:00,167.01,167.02,167.01,167.02,280056.0
2019-07-16 14:45:00,166.95,166.97,166.95,166.96,368129.0
2019-07-16 15:00:00,166.96,166.97,166.95,166.96,353891.0
2019-07-16 15:15:00,167.05,167.05,167.04,167.05,420256.0
2019-07-16 15:30:00,167.09,167.1,167.09,167.09,332191.0
2019-07-16 15:45:00,167.1,167.11,167.09,167.11,351491.0
2019-07-17 09:30:00,167.18,167.19,167.18,167.19,368968.0
2019-07-17 09:45:00,167.26,167.27,167.25,167.26,402524.0
2019-07-17 10:00:00,167.37,167.37,167.36,167.37,421549.0
2019-07-17 10:30:00,167.56,167.56,167.55,167.56,294672.0
2019-07-17 10:45:00,167.67,167.69,167.66,167.67,334730.0
2019-07-17 11:00:00,167.83,167.84,167.82,167.83,241149.0
2019-07-17 11:15:00,167.81,167.81,167.8,167.81,290005.0
2019-07-17 11:45:00,168.07,168.08,168.07,168.08,334491.0
2019-07-17 12:00:00,168.16,168.17,168.16,168.17,255184.0
2019-07-17 12:15:00,168.26,168.26,168.26,168.26,351325.0
2019-07-17 12:30:00,168.41,168.43,168.4,168.41,387788.0
2019-07-17 12:45:00,168.43,168.45,168.43,168.43,307734.0
2019-07-17 13:00:00,168.59,168.6,168.59,168.59,425990.0
2019-07-17 13:15:00,168.69,168.7,168.69,168.69,394366.0
2019-07-17 13:30:00,168.86,168.87,168.85,168.87,265431.0
2019-07-17 13:45:00,168.92,168.93,168.91,168.92,430536.0
2019-07-17 14:15:00,169.09,169.09,169.07,169.09,434968.0
2019-07-17 14:30:00,169.25,169.27,169.24,169.26,264429.0
2019-07-17 14:45:00,169.29,169.29,169.28,169.29,390224.0
2019-07-17 15:00:00,169.29,169.31,169.28,169.29,353195.0
2019-07-17 15:15:00,169.53,169.54,169.53,169.53,339696.0
2019-07-17 15:30:00,169.6,169.6,169.6,169.6,397517.0
2019-07-17 15:45:00,169.71,169.72,169.71,169.71,376598.0
2019-07-18 09:45:00,170.15,170.16,170.14,170.15,504235.0
2019-07-18 10:00:00,170.16,170.16,170.16,170.16,516037.0
2019-07-18 10:15:00,170.14,170.14,170.14,170.14,397749.0
2019-07-18 10:30:00,170.09,170.11,170.09,170.1,440884.0
2019-07-18 10:45:00,170.08,170.09,170.08,170.08,408745.0
2019-07-18 11:00:00,170.14,170.15,170.14,170.14,386726.0
2019-07-18 11:15:00,170.03,170.04,170.03,170.03,304327.0
2019-07-18 11:30:00,170.15,170.16,170.14,170.15,346850.0
2019-07-18 12:00:00,170.11,170.11,170.09,170.09,374435.0
2019-07-18 12:15:00,170.13,170.15,170.13,170.14,349540.0
2019-07-18 12:30:00,170.14,170.16,170.13,170.14,369745.0
2019-07-18 12:45:00,170.1,170.14,170.1,170.12,310302.0
2019-07-18 13:00:00,170.21,170.21,170.2,170.21,325801.0
2019-07-18 13:15:00,170.1,170.12,170.1,170.11,344772.0
2019-07-18 13:30:00,170.14,170.15,170.14,170.15,378820.0
2019-07-18 13:45:00,170.17,170.17,170.17,170.17,354040.0
2019-07-18 14:15:00,170.19,170.2,170.19,170.2,454607.0
2019-07-18 14:30:00,170.18,170.18,170.17,170.18,360993.0
2019-07-18 14:45:00,170.06,170.07,170.05,170.07,345569.0
2019-07-18 15:00:00,170.21,170.23,170.2,170.22,379117.0
2019-07-18 15:15:00,170.12,170.13,170.12,170.12,305061.0
2019-07-18 15:30:00,170.19,170.19,170.17,170.19,451688.0
2019-07-18 15:45:00,170.2,170.2,170.2,170.2,474145.0
2019-07-19 09:30:00,171.76,171.76,171.76,171.76,301289.0
2019-07-19 09:45:00,171.56,171.56,171.55,171.56,412687.0
2019-07-19 10:00:00,171.51,171.52,171.5,171.51,400864.0
2019-07-19 10:15:00,171.33,171.33,171.33,171.33,400754.0
2019-07-19 10:30:00,171.19,171.19,171.19,171.19,272748.0
2019-07-19 10:45:00,171.19,171.2,171.19,171.19,311660.0
2019-07-19 11:00:00,170.93,170.93,170.93,170.93,288542.0
2019-07-19 11:15:00,170.79,170.8,170.79,170.79,255078.0
2019-07-19 11:30:00,170.57,170.58,170.57,170.57,407669.0
2019-07-19 11:45:00,170.5,170.52,170.5,170.51,260290.0
2019-07-19 12:00:00,170.43,170.45,170.43,170.44,323390.0
2019-07-19 12:15:00,170.25,170.25,170.24,170.25,238780.0
2019-07-19 12:30:00,170.18,170.19,170.18,170.18,260347.0
2019-07-19 12:45:00,170.03,170.03,170.03,170.03,278849.0
2019-07-19 13:00:00,169.9,169.91,169.9,169.9,360328.0
2019-07-19 13:15:00,169.77,169.77,169.77,169.77,253870.0
2019-07-19 13:30:00,169.54,169.54,169.54,169.54,303391.0
2019-07-19 13:45:00,169.5,169.5,169.5,169.5,273888.0
2019-07-19 14:00:00,169.44,169.45,169.42,169.43,396971.0
2019-07-19 14:30:00,169.1,169.12,169.1,169.1,287712.0
2019-07-19 14:45:00,168.98,168.98,168.98,168.98,264351.0
2019-07-19 15:00:00,168.86,168.88,168.86,168.87,282383.0
2019-07-19 15:15:00,168.76,168.77,168.76,168.76,401349.0
2019-07-19 15:30:00,168.6,168.61,168.59,168.59,399170.0
2019-07-19 15:45:00,168.41,168.42,168.4,168.42,384269.0
2019-07-22 09:30:00,169.33,169.35,169.33,169.34,332041.0
2019-07-22 09:45:00,169.37,169.37,169.37,169.37,360626.0
2019-07-22 10:00:00,169.46,169.47,169.46,169.46,263396.0
2019-07-22 10:15:00,169.54,169.54,169.53,169.54,362290.0
2019-07-22 10:30:00,169.63,169.63,169.63,169.63,378150.0
2019-07-22 10:45:00,169.72,169.72,169.71,169.72,253714.0
2019-07-22 11:00:00,169.79,169.8,169.79,169.8,360601.0
2019-07-22 11:15:00,169.87,169.88,169.87,169.87,263833.0
2019-07-22 11:30:00,169.92,169.94,169.92,169.94,311804.0
2019-07-22 11:45:00,170.01,170.01,170.01,170.01,378642.0
2019-07-22 12:15:00,170.19,170.19,170.19,170.19,222743.0
2019-07-22 12:30:00,170.24,170.24,170.23,170.24,266832.0
2019-07-22 12:45:00,170.38,170.4,170.38,170.38,284902.0
2019-07-22 13:00:00,170.44,170.45,170.44,170.45,364532.0
2019-07-22 13:15:00,170.44,170.45,170.43,170.44,393498.0
2019-07-22 13:30:00,170.51,170.51,170.5,170.51,238056.0
2019-07-22 13:45:00,170.67,170.67,170.67,170.67,283009.0
2019-07-22 14:00:00,170.73,170.74,170.73,170.74,292572.0
2019-07-22 14:15:00,170.83,170.84,170.82,170.83,379745.0
2019-07-22 14:45:00,170.99,171.0,170.99,170.99,239926.0
2019-07-22 15:00:00,171.11,171.12,171.11,171.11,346613.0
2019-07-22 15:15:00,171.17,171.19,171.17,171.18,342309.0
2019-07-22 15:30:00,171.28,171.29,171.28,171.29,290400.0
2019-07-22 15:45:00,171.33,171.33,171.33,171.33,380378.0
2019-07-25 09:30:00,176.99,177.01,176.97,177.0,344399.0
2019-07-25 09:45:00,176.89,176.9,176.89,176.9,415484.0
2019-07-25 10:15:00,176.58,176.58,176.57,176.58,436883.0
2019-07-25 10:30:00,176.36,176.38,176.36,176.38,322714.0
2019-07-25 10:45:00,176.27,176.28,176.27,176.27,319786.0
2019-07-25 11:00:00,176.15,176.17,176.15,176.16,395047.0
2019-07-25 11:15:00,175.78,175.79,175.77,175.77,301248.0
2019-07-25 11:30:00,175.78,175.8,175.76,175.8,403519.0
2019-07-25 12:00:00,175.49,175.5,175.48,175.49,286667.0
2019-07-25 12:15:00,175.38,175.4,175.38,175.39,391865.0
2019-07-25 12:30:00,175.34,175.35,175.33,175.34,288864.0
2019-07-25 12:45:00,175.09,175.12,175.08,175.08,373195.0
2019-07-25 13:15:00,174.82,174.83,174.82,174.82,435888.0
2019-07-25 13:30:00,174.62,174.64,174.62,174.62,477042.0
2019-07-25 13:45:00,174.58,174.58,174.58,174.58,468675.0
2019-07-25 14:00:00,174.37,174.38,174.37,174.37,367983.0
2019-07-25 14:15:00,174.31,174.32,174.28,174.31,324592.0
2019-07-25 14:30:00,174.0,174.02,174.0,174.01,320025.0
2019-07-25 14:45:00,173.9,173.92,173.89,173.9,317282.0
2019-07-25 15:00:00,173.78,173.78,173.76,173.78,282592.0
2019-07-25 15:15:00,173.64,173.65,173.64,173.64,393574.0
2019-07-25 15:30:00,173.52,173.54,173.52,173.54,429854.0
2019-07-26 09:30:00,174.47,174.47,174.47,174.47,297912.0
2019-07-26 09:45:00,174.5,174.51,174.5,174.5,318794.0
2019-07-26 10:00:00,174.53,174.53,174.53,174.53,204002.0
2019-07-26 10:15:00,174.55,174.56,174.55,174.56,191303.0
2019-07-26 10:30:00,174.56,174.56,174.55,174.56,342461.0
2019-07-26 10:45:00,174.64,174.65,174.64,174.65,292246.0
2019-07-26 11:15:00,174.56,174.57,174.55,174.55,197402.0
2019-07-26 11:30:00,174.65,174.66,174.65,174.65,286663.0
2019-07-26 11:45:00,174.68,174.68,174.68,174.68,255598.0
2019-07-26 12:00:00,174.72,174.72,174.72,174.72,234889.0
2019-07-26 12:15:00,174.7,174.71,174.69,174.7,254204.0
2019-07-26 12:30:00,174.7,174.71,174.7,174.71,241065.0
2019-07-26 12:45:00,174.78,174.79,174.77,174.77,260389.0
2019-07-26 13:00:00,174.83,174.84,174.83,174.84,184678.0
2019-07-26 13:15:00,174.8,174.81,174.8,174.81,295020.0
2019-07-26 13:30:00,174.85,174.86,174.85,174.86,236811.0
2019-07-26 13:45:00,174.87,174.87,174.87,174.87,312370.0
2019-07-26 14:00:00,174.94,174.96,174.93,174.94,258362.0
2019-07-26 14:15:00,174.93,174.93,174.93,174.93,232215.0
2019-07-26 14:30:00,174.97,174.97,174.97,174.97,264224.0
2019-07-26 14:45:00,175.0,175.01,175.0,175.0,243304.0
2019-07-26 15:15:00,175.05,175.06,175.05,175.06,323939.0
2019-07-26 15:30:00,175.05,175.05,175.04,175.05,325442.0
2019-07-26 15:45:00,175.08,175.08,175.08,175.08,322861.0
2019-07-30 09:30:00,172.87,172.89,172.86,172.88,223495.0
2019-07-30 09:45:00,173.13,173.16,173.13,173.14,233651.0
2019-07-30 10:00:00,173.16,173.16,173.16,173.16,205275.0
2019-07-30 10:15:00,173.22,173.22,173.21,173.22,210466.0
2019-07-30 10:30:00,173.38,173.4,173.38,173.39,194776.0
2019-07-30 10:45:00,173.44,173.45,173.44,173.45,211426.0
2019-07-30 11:15:00,173.68,173.69,173.68,173.69,167262.0
2019-07-30 11:30:00,173.84,173.85,173.84,173.84,172365.0
2019-07-30 11:45:00,173.81,173.83,173.8,173.82,134484.0
2019-07-30 12:00:00,173.96,173.97,173.95,173.97,244858.0
2019-07-30 12:15:00,174.1,174.11,174.09,174.11,143390.0
2019-07-30 12:30:00,174.14,174.15,174.14,174.14,194543.0
2019-07-30 12:45:00,174.25,174.25,174.25,174.25,152003.0
2019-07-30 13:00:00,174.38,174.39,174.38,174.38,172782.0
2019-07-30 13:15:00,174.48,174.5,174.48,174.48,240298.0
2019-07-30 13:30:00,174.54,174.55,174.54,174.54,166535.0
2019-07-30 13:45:00,174.63,174.64,174.63,174.64,191448.0
2019-07-30 14:15:00,174.85,174.85,174.85,174.85,139822.0
2019-07-30 14:30:00,174.94,174.94,174.94,174.94,215121.0
2019-07-30 14:45:00,174.96,174.97,174.96,174.96,150761.0
2019-07-30 15:00:00,175.11,175.12,175.11,175.12,146437.0
2019-07-30 15:15:00,175.22,175.23,175.22,175.23,160200.0
2019-07-30 15:45:00,175.45,175.45,175.45,175.45,233881.0
2019-08-06 09:30:00,153.79,153.81,153.79,153.8,359396.0
2019-08-06 09:45:00,153.83,153.86,153.81,153.84,401055.0
2019-08-06 10:00:00,153.7,153.71,153.69,153.7,311707.0
2019-08-06 10:15:00,153.62,153.62,153.61,153.62,450143.0
2019-08-06 10:45:00,153.45,153.49,153.45,153.46,360979.0
2019-08-06 11:00:00,153.43,153.44,153.43,153.44,249222.0
2019-08-06 11:15:00,153.39,153.41,153.39,153.4,254287.0
2019-08-06 11:45:00,153.23,153.25,153.23,153.24,301060.0
2019-08-06 12:00:00,153.13,153.13,153.11,153.13,426348.0
2019-08-06 12:15:00,153.14,153.15,153.14,153.15,419994.0
2019-08-06 12:30:00,153.12,153.12,153.11,153.12,314925.0
2019-08-06 12:45:00,152.95,152.97,152.95,152.97,358127.0
2019-08-06 13:00:00,152.94,152.96,152.92,152.94,428694.0
2019-08-06 13:15:00,153.01,153.04,153.0,153.02,380157.0
2019-08-06 13:30:00,152.85,152.86,152.85,152.85,251894.0
2019-08-06 14:00:00,152.72,152.73,152.72,152.72,394094.0
2019-08-06 14:15:00,152.74,152.75,152.73,152.74,432727.0
2019-08-06 14:30:00,152.62,152.65,152.61,152.63,273718.0
2019-08-06 14:45:00,152.61,152.61,152.6,152.61,321943.0
2019-08-06 15:00:00,152.55,152.57,152.55,152.57,358412.0
2019-08-06 15:15:00,152.35,152.35,152.34,152.35,272289.0
2019-08-06 15:30:00,152.36,152.37,152.35,152.37,358854.0
2019-08-06 15:45:00,152.36,152.36,152.36,152.36,362043.0
2019-08-07 09:30:00,149.93,149.95,149.92,149.93,292324.0
2019-08-07 10:00:00,150.24,150.24,150.24,150.24,255932.0
2019-08-07 10:15:00,150.35,150.36,150.34,150.35,292789.0
2019-08-07 10:30:00,150.48,150.5,150.48,150.49,253855.0
2019-08-07 10:45:00,150.69,150.69,150.69,150.69,257028.0
2019-08-07 11:00:00,150.88,150.88,150.88,150.88,340389.0
2019-08-07 11:30:00,151.16,151.17,151.16,151.16,392886.0
2019-08-07 11:45:00,151.39,151.39,151.37,151.39,343893.0
2019-08-07 12:00:00,151.5,151.52,151.5,151.51,321083.0
2019-08-07 12:15:00,151.66,151.67,151.66,151.67,439708.0
2019-08-07 12:30:00,151.92,151.93,151.91,151.92,373535.0
2019-08-07 12:45:00,152.0,152.02,152.0,152.01,263585.0
2019-08-07 13:00:00,152.16,152.17,152.16,152.17,408678.0
2019-08-07 13:15:00,152.25,152.26,152.25,152.25,397911.0
2019-08-07 13:30:00,152.46,152.47,152.46,152.47,394774.0
2019-08-07 13:45:00,152.6,152.6,152.6,152.6,383636.0
2019-08-07 14:15:00,153.0,153.04,153.0,153.02,423997.0
2019-08-07 14:30:00,153.11,153.12,153.11,153.11,276126.0
2019-08-07 14:45:00,153.23,153.25,153.23,153.23,345010.0
2019-08-07 15:00:00,153.27,153.28,153.26,153.27,394788.0
2019-08-07 15:15:00,153.56,153.57,153.55,153.56,447732.0
2019-08-07 15:45:00,153.95,153.98,153.95,153.95,397244.0
2019-08-08 09:30:00,156.2,156.23,156.19,156.2,356305.0
2019-08-08 09:45:00,156.27,156.28,156.26,156.27,298493.0
2019-08-08 10:00:00,156.52,156.53,156.5,156.5,285634.0
2019-08-08 10:30:00,156.52,156.53,156.52,156.52,279602.0
2019-08-08 10:45:00,156.6,156.61,156.6,156.6,386403.0
2019-08-08 11:00:00,156.69,156.69,156.69,156.69,338650.0
2019-08-08 11:15:00,156.87,156.88,156.85,156.88,313338.0
2019-08-08 11:30:00,156.93,156.93,156.93,156.93,264646.0
2019-08-08 11:45:00,156.94,156.96,156.94,156.94,350618.0
2019-08-08 12:00:00,157.03,157.04,157.03,157.03,279543.0
2019-08-08 12:15:00,157.12,157.12,157.12,157.12,344556.0
2019-08-08 12:30:00,157.28,157.3,157.27,157.3,364966.0
2019-08-08 12:45:00,157.4,157.43,157.4,157.41,287502.0
2019-08-08 13:00:00,157.47,157.49,157.47,157.47,236552.0
2019-08-08 13:15:00,157.49,157.49,157.48,157.48,361909.0
2019-08-08 14:15:00,157.78,157.79,157.78,157.79,235657.0
2019-08-08 14:30:00,157.84,157.84,157.84,157.84,229731.0
2019-08-08 14:45:00,157.88,157.89,157.88,157.89,235988.0
2019-08-08 15:00:00,158.01,158.01,158.01,158.01,244340.0
2019-08-08 15:15:00,158.07,158.08,158.07,158.07,247118.0
2019-08-08 15:30:00,158.19,158.2,158.19,158.2,353116.0
2019-08-08 15:45:00,158.19,158.2,158.18,158.2,249665.0
2019-08-12 09:45:00,152.02,152.03,152.01,152.02,282976.0
2019-08-12 10:00:00,152.12,152.13,152.11,152.13,212349.0
2019-08-12 10:15:00,152.02,152.03,152.02,152.03,285367.0
2019-08-12 10:30:00,151.98,151.99,151.96,151.98,220775.0
2019-08-12 10:45:00,152.03,152.04,152.02,152.03,341827.0
2019-08-12 11:15:00,151.84,151.85,151.84,151.84,317671.0
2019-08-12 11:45:00,151.83,151.83,151.83,151.83,312582.0
2019-08-12 12:00:00,151.83,151.84,151.83,151.83,287856.0
2019-08-12 12:15:00,151.79,151.8,151.79,151.79,221141.0
2019-08-12 12:30:00,151.75,151.77,151.75,151.76,325782.0
2019-08-12 12:45:00,151.89,151.91,151.89,151.9,212059.0
2019-08-12 13:00:00,151.64,151.66,151.64,151.66,304150.0
2019-08-12 13:15:00,151.7,151.72,151.7,151.7,222619.0
2019-08-12 13:30:00,151.67,151.67,151.67,151.67,261537.0
2019-08-12 13:45:00,151.59,151.59,151.58,151.59,275539.0
2019-08-12 14:00:00,151.63,151.63,151.63,151.63,262609.0
2019-08-12 14:15:00,151.63,151.63,151.62,151.63,302357.0
2019-08-12 14:30:00,151.59,151.59,151.58,151.59,325118.0
2019-08-12 15:00:00,151.56,151.57,151.56,151.56,284186.0
2019-08-12 15:15:00,151.48,151.49,151.47,151.48,246268.0
2019-08-12 15:30:00,151.5,151.51,151.49,151.5,259275.0
2019-08-12 15:45:00,151.43,151.43,151.43,151.43,239788.0
2019-08-14 09:30:00,152.35,152.36,152.33,152.34,343305.0
2019-08-14 09:45:00,152.33,152.34,152.32,152.33,370018.0
2019-08-14 10:00:00,152.31,152.32,152.31,152.32,437272.0
2019-08-14 10:15:00,152.25,152.25,152.25,152.25,438082.0
2019-08-14 10:30:00,152.13,152.13,152.13,152.13,372573.0
2019-08-14 10:45:00,152.04,152.06,152.03,152.03,493070.0
2019-08-14 11:00:00,151.92,151.93,151.92,151.93,409669.0
2019-08-14 11:15:00,151.88,151.9,151.87,151.89,372694.0
2019-08-14 11:30:00,151.67,151.68,151.67,151.68,417486.0
2019-08-14 11:45:00,151.52,151.54,151.52,151.53,442159.0
2019-08-14 12:00:00,151.56,151.58,151.54,151.57,474832.0
2019-08-14 12:15:00,151.44,151.45,151.44,151.44,348769.0
2019-08-14 12:30:00,151.33,151.34,151.33,151.34,313826.0
2019-08-14 12:45:00,151.2,151.21,151.2,151.2,318960.0
2019-08-14 13:00:00,151.13,151.14,151.13,151.13,428580.0
2019-08-14 13:15:00,151.04,151.05,151.04,151.04,423631.0
2019-08-14 13:30:00,150.91,150.92,150.91,150.92,422242.0
2019-08-14 13:45:00,150.83,150.84,150.83,150.83,358109.0
2019-08-14 14:00:00,150.7,150.72,150.7,150.71,430550.0
2019-08-14 14:15:00,150.69,150.72,150.69,150.7,299781.0
2019-08-14 14:30:00,150.55,150.57,150.54,150.56,468325.0
2019-08-14 15:00:00,150.34,150.35,150.34,150.35,505814.0
2019-08-14 15:15:00,150.19,150.21,150.19,150.21,504499.0
2019-08-14 15:30:00,150.12,150.12,150.1,150.11,466573.0
2019-08-14 15:45:00,150.12,150.13,150.11,150.13,343440.0
2019-08-20 09:30:00,170.55,170.55,170.55,170.55,469871.0
2019-08-20 09:45:00,170.56,170.57,170.55,170.56,412857.0
2019-08-20 10:15:00,170.19,170.2,170.19,170.2,474266.0
2019-08-20 10:45:00,170.05,170.07,170.05,170.06,578134.0
2019-08-20 11:00:00,169.86,169.87,169.86,169.87,527634.0
2019-08-20 11:15:00,169.81,169.81,169.8,169.8,531593.0
2019-08-20 11:30:00,169.66,169.67,169.66,169.67,421736.0
2019-08-20 12:00:00,169.47,169.48,169.47,169.47,557740.0
2019-08-20 12:15:00,169.3,169.32,169.29,169.31,452004.0
2019-08-20 12:30:00,169.25,169.26,169.25,169.26,382108.0
2019-08-20 12:45:00,169.16,169.16,169.16,169.16,563168.0
2019-08-20 13:00:00,169.03,169.04,169.02,169.04,315234.0
2019-08-20 13:30:00,168.84,168.85,168.84,168.84,388531.0
2019-08-20 13:45:00,168.69,168.7,168.68,168.7,359345.0
2019-08-20 14:00:00,168.69,168.7,168.69,168.69,483086.0
2019-08-20 14:15:00,168.5,168.52,168.49,168.5,493791.0
2019-08-20 14:30:00,168.42,168.44,168.41,168.43,559586.0
2019-08-20 14:45:00,168.36,168.36,168.36,168.36,554101.0
2019-08-20 15:00:00,168.18,168.18,168.18,168.18,465284.0
2019-08-20 15:15:00,168.09,168.1,168.09,168.09,342483.0
2019-08-20 15:30:00,167.97,167.97,167.97,167.97,330525.0
2019-08-20 15:45:00,167.96,167.98,167.96,167.96,562030.0
2019-08-21 09:30:00,170.54,170.54,170.54,170.54,465282.0
2019-08-21 09:45:00,170.57,170.57,170.56,170.57,300712.0
2019-08-21 10:00:00,170.68,170.7,170.68,170.69,495430.0
2019-08-21 10:15:00,170.73,170.74,170.72,170.74,312579.0
2019-08-21 10:30:00,170.68,170.7,170.68,170.69,500908.0
2019-08-21 10:45:00,170.7,170.71,170.7,170.7,326800.0
2019-08-21 11:00:00,170.75,170.75,170.74,170.75,531083.0
2019-08-21 11:15:00,170.72,170.73,170.71,170.72,342510.0
2019-08-21 11:30:00,170.75,170.75,170.74,170.75,449253.0
2019-08-21 11:45:00,170.68,170.7,170.66,170.68,379722.0
2019-08-21 12:00:00,170.79,170.8,170.79,170.79,313129.0
2019-08-21 12:15:00,170.83,170.84,170.82,170.83,459976.0
2019-08-21 12:45:00,170.82,170.85,170.82,170.85,457241.0
2019-08-21 13:00:00,170.91,170.91,170.91,170.91,288028.0
2019-08-21 13:15:00,170.94,170.95,170.94,170.94,474244.0
2019-08-21 13:30:00,171.0,171.0,171.0,171.0,362442.0
2019-08-21 13:45:00,170.99,171.0,170.99,171.0,357748.0
2019-08-21 14:00:00,171.03,171.04,171.02,171.04,336167.0
2019-08-21 14:15:00,171.07,171.08,171.07,171.08,491184.0
2019-08-21 14:30:00,171.05,171.06,171.04,171.05,412418.0
2019-08-21 14:45:00,171.11,171.13,171.11,171.11,532878.0
2019-08-21 15:00:00,171.18,171.2,171.18,171.19,413121.0
2019-08-21 15:15:00,171.1,171.11,171.1,171.11,491388.0
2019-08-21 15:45:00,171.23,171.24,171.22,171.24,528184.0
2019-08-22 09:30:00,171.59,171.6,171.59,171.6,229042.0
2019-08-22 09:45:00,171.61,171.62,171.61,171.61,321971.0
2019-08-22 10:00:00,171.6,171.6,171.6,171.6,233140.0
2019-08-22 10:15:00,171.6,171.61,171.6,171.6,334974.0
2019-08-22 10:30:00,171.6,171.6,171.6,171.6,309064.0
2019-08-22 10:45:00,171.61,171.63,171.61,171.62,208355.0
2019-08-22 11:00:00,171.55,171.56,171.55,171.56,369950.0
2019-08-22 11:15:00,171.58,171.58,171.58,171.58,338444.0
2019-08-22 11:30:00,171.67,171.67,171.66,171.67,242502.0
2019-08-22 11:45:00,171.58,171.58,171.58,171.58,346831.0
2019-08-22 12:00:00,171.61,171.62,171.61,171.61,219602.0
2019-08-22 12:15:00,171.52,171.54,171.52,171.52,236669.0
2019-08-22 12:30:00,171.51,171.52,171.51,171.52,204671.0
2019-08-22 13:15:00,171.54,171.54,171.53,171.54,277105.0
2019-08-22 13:30:00,171.49,171.51,171.48,171.49,269177.0
2019-08-22 13:45:00,171.53,171.54,171.53,171.53,263658.0
2019-08-22 14:00:00,171.56,171.57,171.56,171.56,236922.0
2019-08-22 14:30:00,171.47,171.49,171.47,171.48,323617.0
2019-08-22 14:45:00,171.51,171.52,171.51,171.51,244809.0
2019-08-22 15:15:00,171.44,171.45,171.44,171.45,218390.0
2019-08-22 15:30:00,171.42,171.43,171.42,171.42,268495.0
2019-08-22 15:45:00,171.46,171.47,171.46,171.47,372013.0
2019-08-26 09:30:00,165.6,165.6,165.59,165.6,271461.0
2019-08-26 09:45:00,165.63,165.64,165.63,165.64,262795.0
2019-08-26 10:00:00,165.57,165.58,165.57,165.57,263194.0
2019-08-26 10:15:00,165.62,165.62,165.61,165.62,227968.0
2019-08-26 10:30:00,165.63,165.64,165.63,165.64,299987.0
2019-08-26 10:45:00,165.56,165.57,165.56,165.56,215824.0
2019-08-26 11:00:00,165.62,165.63,165.62,165.62,251420.0
2019-08-26 11:15:00,165.57,165.58,165.57,165.58,270009.0
2019-08-26 11:30:00,165.55,165.55,165.55,165.55,275877.0
2019-08-26 11:45:00,165.56,165.56,165.56,165.56,302531.0
2019-08-26 12:00:00,165.56,165.57,165.56,165.57,309491.0
2019-08-26 12:15:00,165.53,165.53,165.53,165.53,296595.0
2019-08-26 12:30:00,165.53,165.53,165.53,165.53,331242.0
2019-08-26 12:45:00,165.56,165.57,165.56,165.56,264432.0
2019-08-26 13:00:00,165.52,165.52,165.52,165.52,277834.0
2019-08-26 13:15:00,165.53,165.54,165.53,165.53,287916.0
2019-08-26 13:30:00,165.59,165.6,165.58,165.59,279341.0
2019-08-26 13:45:00,165.55,165.56,165.55,165.55,306482.0
2019-08-26 14:00:00,165.55,165.56,165.55,165.56,288521.0
2019-08-26 14:15:00,165.52,165.53,165.51,165.52,308956.0
2019-08-26 14:30:00,165.49,165.5,165.49,165.49,214961.0
2019-08-26 14:45:00,165.44,165.44,165.43,165.44,375913.0
2019-08-26 15:00:00,165.5,165.52,165.49,165.51,276979.0
2019-08-26 15:15:00,165.46,165.47,165.46,165.46,312183.0
2019-08-26 15:30:00,165.45,165.46,165.44,165.46,241933.0
2019-08-26 15:45:00,165.44,165.45,165.44,165.44,232941.0
2019-08-28 09:30:00,160.65,160.68,160.64,160.66,183033.0
2019-08-28 09:45:00,160.63,160.65,160.63,160.64,189546.0
2019-08-28 10:00:00,160.64,160.64,160.64,160.64,176997.0
2019-08-28 10:30:00,160.69,160.69,160.68,160.69,285480.0
2019-08-28 11:00:00,160.7,160.71,160.7,160.7,284154.0
2019-08-28 11:15:00,160.95,160.98,160.95,160.97,319065.0
2019-08-28 11:45:00,160.76,160.77,160.75,160.77,250537.0
2019-08-28 12:00:00,160.84,160.86,160.83,160.86,172736.0
2019-08-28 12:15:00,160.84,160.84,160.84,160.84,230993.0
2019-08-28 12:30:00,160.87,160.89,160.86,160.88,224181.0
2019-08-28 12:45:00,160.97,160.98,160.97,160.97,268361.0
2019-08-28 13:00:00,161.01,161.02,161.01,161.02,178861.0
2019-08-28 13:15:00,160.92,160.92,160.92,160.92,317439.0
2019-08-28 13:30:00,160.97,160.97,160.96,160.96,285285.0
2019-08-28 13:45:00,161.04,161.05,161.04,161.04,201051.0
2019-08-28 14:00:00,161.11,161.12,161.11,161.11,212127.0
2019-08-28 14:15:00,161.12,161.12,161.12,161.12,223144.0
2019-08-28 14:45:00,161.09,161.1,161.09,161.09,291332.0
2019-08-28 15:00:00,161.18,161.2,161.18,161.18,223751.0
2019-08-28 15:15:00,161.14,161.14,161.14,161.14,266079.0
2019-08-28 15:30:00,161.17,161.18,161.17,161.17,190567.0
2019-08-28 15:45:00,161.23,161.23,161.23,161.23,253784.0
2019-08-29 09:30:00,164.92,164.93,164.92,164.92,344260.0
2019-08-29 09:45:00,164.98,164.99,164.98,164.98,324090.0
2019-08-29 10:00:00,165.07,165.07,165.06,165.07,330017.0
2019-08-29 10:15:00,165.15,165.16,165.15,165.15,356713.0
2019-08-29 10:30:00,165.19,165.2,165.19,165.19,365394.0
2019-08-29 10:45:00,165.32,165.32,165.32,165.32,413803.0
2019-08-29 11:00:00,165.46,165.46,165.46,165.46,440974.0
2019-08-29 11:15:00,165.47,165.47,165.47,165.47,308828.0
2019-08-29 11:30:00,165.53,165.54,165.53,165.54,318532.0
2019-08-29 11:45:00,165.67,165.67,165.67,165.67,353039.0
2019-08-29 12:15:00,165.87,165.87,165.86,165.87,386492.0
2019-08-29 12:30:00,165.93,165.94,165.93,165.94,443261.0
2019-08-29 13:00:00,166.07,166.07,166.07,166.07,424324.0
2019-08-29 13:15:00,166.17,166.17,166.17,166.17,282886.0
2019-08-29 13:30:00,166.2,166.22,166.19,166.2,281090.0
2019-08-29 13:45:00,166.32,166.32,166.31,166.32,382158.0
2019-08-29 14:00:00,166.42,166.42,166.42,166.42,423841.0
2019-08-29 14:15:00,166.59,166.6,166.59,166.6,372358.0
2019-08-29 14:30:00,166.57,166.58,166.56,166.57,279328.0
2019-08-29 14:45:00,166.63,166.64,166.63,166.63,274651.0
2019-08-29 15:00:00,166.79,166.79,166.79,166.79,242587.0
2019-08-29 15:15:00,166.88,166.89,166.87,166.89,409668.0
2019-08-29 15:30:00,166.94,166.94,166.94,166.94,312091.0
2019-08-29 15:45:00,166.98,166.99,166.98,166.98,401774.0
2019-09-03 09:30:00,164.58,164.58,164.58,164.58,271358.0
2019-09-03 09:45:00,164.56,164.57,164.55,164.56,334493.0
2019-09-03 10:30:00,164.51,164.52,164.51,164.52,255613.0
2019-09-03 10:45:00,164.51,164.52,164.51,164.52,245876.0
2019-09-03 11:00:00,164.48,164.5,164.48,164.49,367108.0
2019-09-03 11:15:00,164.46,164.46,164.46,164.46,316864.0
2019-09-03 11:45:00,164.44,164.45,164.44,164.44,268174.0
2019-09-03 12:00:00,164.42,164.42,164.42,164.42,302050.0
2019-09-03 12:15:00,164.4,164.4,164.4,164.4,204206.0
2019-09-03 12:30:00,164.4,164.4,164.4,164.4,338682.0
2019-09-03 12:45:00,164.43,164.44,164.42,164.43,297215.0
2019-09-03 13:00:00,164.36,164.36,164.36,164.36,273352.0
2019-09-03 13:15:00,164.32,164.33,164.32,164.32,276247.0
2019-09-03 13:30:00,164.33,164.33,164.33,164.33,286989.0
2019-09-03 13:45:00,164.29,164.3,164.29,164.3,279820.0
2019-09-03 14:00:00,164.32,164.33,164.31,164.32,233689.0
2019-09-03 14:15:00,164.27,164.27,164.27,164.27,312010.0
2019-09-03 14:30:00,164.22,164.22,164.21,164.22,245051.0
2019-09-03 14:45:00,164.23,164.24,164.23,164.24,253691.0
2019-09-03 15:00:00,164.24,164.24,164.23,164.23,245716.0
2019-09-03 15:15:00,164.24,164.25,164.23,164.23,293107.0
2019-09-03 15:30:00,164.19,164.2,164.19,164.19,312483.0
2019-09-03 15:45:00,164.15,164.16,164.15,164.15,205762.0
2019-09-04 09:30:00,166.61,166.62,166.61,166.62,272750.0
2019-09-04 09:45:00,166.61,166.62,166.61,166.61,209282.0
2019-09-04 10:00:00,166.75,166.75,166.75,166.75,254892.0
2019-09-04 10:45:00,167.03,167.03,167.03,167.03,266167.0
2019-09-04 11:00:00,167.08,167.09,167.07,167.07,268620.0
2019-09-04 11:15:00,167.21,167.22,167.2,167.22,179163.0
2019-09-04 11:30:00,167.24,167.25,167.24,167.24,183494.0
2019-09-04 11:45:00,167.39,167.4,167.39,167.39,228310.0
2019-09-04 12:00:00,167.5,167.51,167.5,167.5,175323.0
2019-09-04 12:15:00,167.6,167.61,167.6,167.61,232066.0
2019-09-04 12:30:00,167.65,167.65,167.65,167.65,192068.0
2019-09-04 13:00:00,167.78,167.79,167.78,167.78,259063.0
2019-09-04 13:15:00,167.87,167.87,167.87,167.87,269377.0
2019-09-04 13:30:00,168.0,168.0,167.99,168.0,206095.0
2019-09-04 13:45:00,168.08,168.08,168.08,168.08,223008.0
2019-09-04 14:00:00,168.11,168.11,168.1,168.11,223577.0
2019-09-04 14:15:00,168.25,168.25,168.25,168.25,172777.0
2019-09-04 14:30:00,168.34,168.35,168.34,168.35,203707.0
2019-09-04 14:45:00,168.41,168.42,168.41,168.42,244327.0
2019-09-04 15:00:00,168.5,168.5,168.5,168.5,179558.0
2019-09-04 15:15:00,168.59,168.59,168.59,168.59,213595.0
2019-09-04 15:30:00,168.68,168.68,168.68,168.68,235516.0
2019-09-04 15:45:00,168.75,168.75,168.75,168.75,259623.0
2019-09-05 09:30:00,172.8,172.84,172.8,172.8,740890.0
2019-09-05 10:00:00,173.37,173.4,173.35,173.37,473709.0
2019-09-05 10:15:00,173.71,173.74,173.71,173.73,858862.0
2019-09-05 10:30:00,173.98,173.98,173.97,173.98,584254.0
2019-09-05 10:45:00,174.28,174.29,174.26,174.29,853717.0
2019-09-05 11:00:00,174.45,174.5,174.45,174.46,580880.0
2019-09-05 11:30:00,175.12,175.13,175.09,175.12,474565.0
2019-09-05 11:45:00,175.68,175.7,175.66,175.69,836049.0
2019-09-05 12:00:00,175.54,175.56,175.54,175.55,559277.0
2019-09-05 12:15:00,175.91,175.94,175.87,175.91,762340.0
2019-09-05 12:30:00,176.3,176.33,176.29,176.31,500207.0
2019-09-05 12:45:00,176.48,176.5,176.48,176.49,718871.0
2019-09-05 13:00:00,176.83,176.87,176.82,176.85,589377.0
2019-09-05 13:15:00,177.03,177.06,177.03,177.06,551059.0
2019-09-05 13:30:00,177.32,177.34,177.31,177.33,853977.0
2019-09-05 14:00:00,177.93,177.96,177.93,177.94,770931.0
2019-09-05 14:15:00,178.06,178.07,178.05,178.06,755814.0
2019-09-05 14:30:00,178.22,178.25,178.22,178.22,651570.0
2019-09-05 14:45:00,178.58,178.6,178.58,178.6,511477.0
2019-09-05 15:00:00,179.14,179.15,179.13,179.15,480053.0
2019-09-05 15:15:00,179.18,179.19,179.18,179.19,797046.0
2019-09-05 15:30:00,179.5,179.52,179.5,179.52,622345.0
2019-09-05 15:45:00,179.64,179.67,179.64,179.65,599732.0
2019-09-06 09:30:00,178.78,178.79,178.78,178.78,306745.0
2019-09-06 09:45:00,178.85,178.86,178.85,178.86,345751.0
2019-09-06 10:00:00,178.78,178.78,178.78,178.78,348369.0
2019-09-06 10:15:00,178.81,178.83,178.8,178.81,287449.0
2019-09-06 10:45:00,178.91,178.91,178.89,178.91,345225.0
2019-09-06 11:00:00,178.78,178.79,178.77,178.79,277032.0
2019-09-06 11:30:00,178.85,178.86,178.84,178.85,374288.0
2019-09-06 11:45:00,178.75,178.75,178.75,178.75,414461.0
2019-09-06 12:00:00,178.72,178.73,178.72,178.72,269255.0
2019-09-06 12:15:00,178.71,178.72,178.71,178.71,380043.0
2019-09-06 12:30:00,178.72,178.72,178.71,178.72,319936.0
2019-09-06 12:45:00,178.71,178.72,178.7,178.71,446542.0
2019-09-06 13:00:00,178.65,178.66,178.64,178.66,283423.0
2019-09-06 13:15:00,178.79,178.8,178.78,178.79,386475.0
2019-09-06 13:30:00,178.71,178.71,178.71,178.71,369947.0
2019-09-06 13:45:00,178.7,178.72,178.69,178.71,418978.0
2019-09-06 14:00:00,178.69,178.69,178.69,178.69,350129.0
2019-09-06 14:15:00,178.68,178.69,178.68,178.69,351784.0
2019-09-06 14:30:00,178.65,178.66,178.64,178.65,302719.0
2019-09-06 14:45:00,178.68,178.69,178.68,178.69,267663.0
2019-09-06 15:00:00,178.73,178.75,178.73,178.74,357962.0
2019-09-06 15:15:00,178.71,178.72,178.71,178.72,435221.0
2019-09-06 15:30:00,178.56,178.59,178.55,178.57,301011.0
2019-09-06 15:45:00,178.62,178.63,178.61,178.62,420963.0
2019-09-11 09:30:00,183.77,183.78,183.77,183.77,324891.0
2019-09-11 09:45:00,183.78,183.78,183.78,183.78,254499.0
2019-09-11 10:00:00,183.81,183.83,183.81,183.82,363190.0
2019-09-11 10:15:00,183.85,183.87,183.84,183.85,432892.0
2019-09-11 11:00:00,183.92,183.93,183.91,183.91,261045.0
2019-09-11 11:15:00,183.88,183.9,183.87,183.87,260017.0
2019-09-11 11:30:00,183.95,183.97,183.95,183.96,331643.0
2019-09-11 11:45:00,184.01,184.02,184.0,184.0,322089.0
2019-09-11 12:00:00,183.99,184.0,183.99,184.0,250449.0
2019-09-11 12:30:00,184.0,184.01,184.0,184.0,432318.0
2019-09-11 12:45:00,184.07,184.08,184.07,184.07,251273.0
2019-09-11 13:00:00,184.09,184.09,184.09,184.09,449123.0
2019-09-11 13:15:00,184.01,184.03,184.0,184.01,446618.0
2019-09-11 13:30:00,184.16,184.17,184.16,184.16,440037.0
2019-09-11 13:45:00,184.16,184.17,184.16,184.16,425778.0
2019-09-11 14:00:00,184.21,184.21,184.21,184.21,427060.0
2019-09-11 14:30:00,184.25,184.26,184.24,184.26,337767.0
2019-09-11 14:45:00,184.19,184.21,184.18,184.21,282475.0
2019-09-11 15:00:00,184.34,184.35,184.33,184.35,265762.0
2019-09-11 15:15:00,184.3,184.31,184.29,184.3,438374.0
2019-09-11 15:30:00,184.32,184.33,184.32,184.32,328138.0
2019-09-11 15:45:00,184.33,184.33,184.33,184.33,258704.0
2019-09-13 09:30:00,181.56,181.56,181.56,181.56,339883.0
2019-09-13 09:45:00,181.58,181.6,181.58,181.59,297396.0
2019-09-13 10:00:00,181.58,181.59,181.58,181.59,343083.0
2019-09-13 10:15:00,181.66,181.66,181.65,181.66,317738.0
2019-09-13 10:30:00,181.65,181.66,181.65,181.66,315258.0
2019-09-13 10:45:00,181.65,181.66,181.65,181.66,245724.0
2019-09-13 11:00:00,181.67,181.68,181.67,181.67,285595.0
2019-09-13 11:30:00,181.69,181.7,181.69,181.69,295843.0
2019-09-13 12:00:00,181.74,181.75,181.74,181.74,220129.0
2019-09-13 12:15:00,181.74,181.75,181.74,181.75,279108.0
2019-09-13 12:30:00,181.76,181.76,181.76,181.76,389496.0
2019-09-13 12:45:00,181.74,181.74,181.74,181.74,366548.0
2019-09-13 13:00:00,181.82,181.83,181.82,181.82,269742.0
2019-09-13 13:15:00,181.86,181.88,181.85,181.87,300730.0
2019-09-13 13:30:00,181.79,181.8,181.79,181.79,361987.0
2019-09-13 13:45:00,181.82,181.83,181.82,181.82,392429.0
2019-09-13 14:00:00,181.84,181.85,181.84,181.84,380282.0
2019-09-13 14:15:00,181.88,181.89,181.87,181.88,388709.0
2019-09-13 14:30:00,181.87,181.88,181.86,181.87,287993.0
2019-09-13 14:45:00,181.83,181.84,181.83,181.83,297241.0
2019-09-13 15:00:00,181.87,181.88,181.87,181.87,338084.0
2019-09-13 15:15:00,181.89,181.9,181.88,181.89,374516.0
2019-09-13 15:30:00,181.95,181.96,181.94,181.95,281221.0
2019-09-13 15:45:00,181.93,181.93,181.93,181.93,219820.0
2019-09-16 09:30:00,178.91,178.93,178.91,178.92,161334.0
2019-09-16 09:45:00,178.96,178.97,178.96,178.96,195665.0
2019-09-16 10:00:00,179.02,179.02,179.01,179.02,196131.0
2019-09-16 10:15:00,179.05,179.07,179.05,179.05,256239.0
2019-09-16 10:30:00,179.12,179.13,179.11,179.12,218877.0
2019-09-16 10:45:00,179.11,179.11,179.1,179.11,216725.0
2019-09-16 11:00:00,179.29,179.29,179.29,179.29,281442.0
2019-09-16 11:15:00,179.28,179.29,179.28,179.29,288704.0
2019-09-16 11:30:00,179.33,179.34,179.33,179.34,169548.0
2019-09-16 11:45:00,179.38,179.39,179.38,179.38,175272.0
2019-09-16 12:00:00,179.4,179.41,179.39,179.4,271732.0
2019-09-16 12:15:00,179.46,179.48,179.46,179.46,268988.0
2019-09-16 12:30:00,179.54,179.54,179.54,179.54,287391.0
2019-09-16 12:45:00,179.57,179.57,179.57,179.57,181030.0
2019-09-16 13:00:00,179.63,179.64,179.63,179.63,208673.0
2019-09-16 13:15:00,179.69,179.69,179.69,179.69,262260.0
2019-09-16 13:30:00,179.76,179.76,179.75,179.76,189872.0
2019-09-16 13:45:00,179.8,179.81,179.8,179.8,247849.0
2019-09-16 14:00:00,179.86,179.87,179.86,179.87,212002.0
2019-09-16 14:15:00,179.88,179.89,179.88,179.89,191901.0
2019-09-16 14:30:00,179.89,179.91,179.89,179.9,157938.0
2019-09-16 15:00:00,180.07,180.07,180.07,180.07,248856.0
2019-09-16 15:15:00,180.12,180.12,180.11,180.12,193274.0
2019-09-16 15:45:00,180.2,180.21,180.2,180.21,180510.0
2019-09-19 09:30:00,180.25,180.26,180.25,180.25,303040.0
2019-09-19 09:45:00,180.02,180.03,180.02,180.03,293639.0
2019-09-19 10:00:00,180.08,180.1,180.07,180.09,267550.0
2019-09-19 10:15:00,179.78,179.79,179.78,179.79,173914.0
2019-09-19 10:30:00,179.71,179.72,179.7,179.71,224726.0
2019-09-19 10:45:00,179.63,179.64,179.62,179.64,254995.0
2019-09-19 11:00:00,179.41,179.41,179.4,179.41,218164.0
2019-09-19 11:15:00,179.3,179.31,179.3,179.31,197102.0
2019-09-19 11:30:00,179.16,179.18,179.16,179.17,266250.0
2019-09-19 11:45:00,179.04,179.05,179.04,179.05,179312.0
2019-09-19 12:00:00,178.86,178.87,178.86,178.87,187015.0
2019-09-19 12:15:00,178.81,178.82,178.81,178.81,189568.0
2019-09-19 12:30:00,178.62,178.63,178.62,178.62,262411.0
2019-09-19 12:45:00,178.53,178.55,178.53,178.54,246890.0
2019-09-19 13:00:00,178.38,178.39,178.38,178.39,242260.0
2019-09-19 13:15:00,178.18,178.2,178.17,178.19,288776.0
2019-09-19 13:30:00,178.18,178.21,178.17,178.19,220796.0
2019-09-19 13:45:00,178.07,178.09,178.07,178.08,264822.0
2019-09-19 14:00:00,177.84,177.86,177.84,177.86,206736.0
2019-09-19 14:15:00,177.67,177.68,177.66,177.68,227395.0
2019-09-19 14:45:00,177.44,177.44,177.43,177.44,202734.0
2019-09-19 15:00:00,177.32,177.33,177.31,177.32,284833.0
2019-09-19 15:30:00,177.03,177.04,177.02,177.04,235370.0
2019-09-20 09:30:00,176.7,176.71,176.67,176.71,262653.0
2019-09-20 09:45:00,176.79,176.79,176.78,176.79,330938.0
2019-09-20 10:00:00,176.56,176.57,176.56,176.57,342340.0
2019-09-20 10:15:00,176.54,176.55,176.52,176.54,238062.0
2019-09-20 10:30:00,176.19,176.2,176.19,176.2,239419.0
2019-09-20 10:45:00,175.98,175.99,175.98,175.98,314428.0
2019-09-20 11:00:00,175.76,175.79,175.75,175.77,255370.0
2019-09-20 11:15:00,175.73,175.74,175.73,175.73,293831.0
2019-09-20 11:45:00,175.42,175.44,175.42,175.43,360438.0
2019-09-20 12:00:00,175.16,175.19,175.15,175.18,270816.0
2019-09-20 12:45:00,174.76,174.78,174.76,174.77,327236.0
2019-09-20 13:00:00,174.52,174.53,174.51,174.52,405477.0
2019-09-20 13:15:00,174.34,174.35,174.33,174.35,304067.0
2019-09-20 13:30:00,174.21,174.22,174.21,174.21,386395.0
2019-09-20 14:00:00,173.92,173.93,173.92,173.92,407793.0
2019-09-20 14:15:00,173.58,173.6,173.57,173.58,390892.0
2019-09-20 14:30:00,173.72,173.75,173.72,173.73,364448.0
2019-09-20 14:45:00,173.3,173.32,173.3,173.32,317758.0
2019-09-20 15:00:00,173.21,173.22,173.2,173.21,406497.0
2019-09-20 15:15:00,173.02,173.05,173.02,173.05,374286.0
2019-09-20 15:30:00,172.88,172.89,172.88,172.89,278556.0
2019-09-20 15:45:00,172.64,172.65,172.64,172.65,255673.0
2019-09-26 09:30:00,177.8,177.82,177.8,177.81,254623.0
2019-09-26 09:45:00,177.82,177.82,177.82,177.82,165095.0
2019-09-26 10:00:00,177.79,177.8,177.79,177.79,161398.0
2019-09-26 10:15:00,177.79,177.79,177.79,177.79,233626.0
2019-09-26 10:30:00,177.76,177.77,177.76,177.76,177328.0
2019-09-26 10:45:00,177.74,177.75,177.74,177.74,198482.0
2019-09-26 11:00:00,177.71,177.71,177.71,177.71,229674.0
2019-09-26 11:15:00,177.65,177.66,177.65,177.66,244535.0
2019-09-26 11:30:00,177.65,177.67,177.65,177.67,175078.0
2019-09-26 11:45:00,177.64,177.65,177.63,177.64,224011.0
2019-09-26 12:00:00,177.65,177.66,177.65,177.65,242591.0
2019-09-26 12:15:00,177.6,177.6,177.59,177.6,179443.0
2019-09-26 12:30:00,177.57,177.57,177.57,177.57,207264.0
2019-09-26 12:45:00,177.61,177.61,177.61,177.61,200377.0
2019-09-26 13:00:00,177.5,177.51,177.5,177.5,282461.0
2019-09-26 13:45:00,177.5,177.5,177.5,177.5,245343.0
2019-09-26 14:00:00,177.38,177.4,177.38,177.4,198337.0
2019-09-26 14:15:00,177.45,177.45,177.45,177.45,176601.0
2019-09-26 14:30:00,177.45,177.46,177.45,177.45,219094.0
2019-09-26 14:45:00,177.41,177.42,177.41,177.41,199286.0
2019-09-26 15:00:00,177.42,177.43,177.42,177.42,198955.0
2019-09-26 15:30:00,177.38,177.38,177.36,177.37,269747.0
2019-09-26 15:45:00,177.34,177.35,177.34,177.34,268577.0
2019-09-27 09:30:00,175.46,175.46,175.44,175.45,349624.0
2019-09-27 09:45:00,175.54,175.56,175.53,175.55,426640.0
2019-09-27 10:15:00,175.17,175.17,175.17,175.17,427788.0
2019-09-27 10:30:00,175.13,175.14,175.13,175.13,394854.0
2019-09-27 10:45:00,174.89,174.89,174.88,174.89,327701.0
2019-09-27 11:00:00,174.83,174.83,174.81,174.82,359345.0
2019-09-27 11:15:00,174.76,174.81,174.73,174.8,312231.0
2019-09-27 11:30:00,174.42,174.48,174.41,174.45,352932.0
2019-09-27 11:45:00,174.24,174.25,174.23,174.25,276414.0
2019-09-27 12:00:00,174.02,174.03,174.01,174.03,429400.0
2019-09-27 12:30:00,173.7,173.72,173.69,173.71,296001.0
2019-09-27 12:45:00,173.35,173.4,173.33,173.38,309994.0
2019-09-27 13:00:00,173.23,173.28,173.21,173.24,277452.0
2019-09-27 13:15:00,173.36,173.41,173.36,173.4,255107.0
2019-09-27 13:30:00,173.21,173.22,173.21,173.21,364429.0
2019-09-27 13:45:00,173.11,173.14,173.11,173.12,438156.0
2019-09-27 14:00:00,173.12,173.19,173.11,173.15,278491.0
2019-09-27 14:15:00,172.72,172.76,172.72,172.72,437523.0
2019-09-27 14:30:00,172.57,172.58,172.57,172.58,250452.0
2019-09-27 14:45:00,172.21,172.24,172.19,172.22,434559.0
2019-09-27 15:00:00,172.23,172.25,172.23,172.24,417994.0
2019-09-27 15:15:00,172.06,172.08,172.06,172.07,414533.0
2019-09-27 15:45:00,171.61,171.63,171.59,171.61,321315.0
2019-10-02 09:30:00,173.1,173.1,173.1,173.1,326297.0
2019-10-02 09:45:00,173.18,173.2,173.17,173.19,315425.0
2019-10-02 10:00:00,173.08,173.09,173.08,173.09,279175.0
2019-10-02 10:15:00,173.08,173.09,173.07,173.08,237757.0
2019-10-02 10:30:00,173.15,173.17,173.15,173.16,201558.0
2019-10-02 11:00:00,173.13,173.14,173.13,173.13,340655.0
2019-10-02 11:15:00,173.08,173.09,173.07,173.09,218425.0
2019-10-02 11:30:00,173.09,173.09,173.09,173.09,329834.0
2019-10-02 11:45:00,173.06,173.08,173.06,173.07,209805.0
2019-10-02 12:00:00,173.1,173.1,173.09,173.1,314548.0
2019-10-02 12:15:00,173.06,173.06,173.06,173.06,347066.0
2019-10-02 12:30:00,173.02,173.02,173.01,173.02,199409.0
2019-10-02 12:45:00,173.09,173.1,173.08,173.09,262485.0
2019-10-02 13:00:00,173.08,173.09,173.08,173.09,239043.0
2019-10-02 13:15:00,173.07,173.07,173.07,173.07,334212.0
2019-10-02 13:30:00,173.08,173.09,173.08,173.08,203508.0
2019-10-02 13:45:00,173.06,173.06,173.06,173.06,284854.0
2019-10-02 14:00:00,173.06,173.06,173.06,173.06,341816.0
2019-10-02 14:15:00,172.98,173.0,172.98,172.98,237838.0
2019-10-02 14:30:00,172.99,173.0,172.99,172.99,202978.0
2019-10-02 14:45:00,172.98,173.0,172.98,172.99,217272.0
2019-10-02 15:00:00,173.06,173.07,173.06,173.07,290647.0
2019-10-02 15:30:00,173.14,173.15,173.12,173.13,263750.0
2019-10-02 15:45:00,173.03,173.03,173.03,173.03,250173.0
2019-10-04 09:30:00,181.38,181.4,181.36,181.37,298528.0
2019-10-04 09:45:00,181.39,181.4,181.39,181.4,313654.0
2019-10-04 10:00:00,181.43,181.44,181.43,181.43,242898.0
2019-10-04 10:30:00,181.5,181.54,181.5,181.52,185196.0
2019-10-04 10:45:00,181.53,181.53,181.53,181.53,216413.0
2019-10-04 11:00:00,181.37,181.4,181.37,181.39,220038.0
2019-10-04 11:15:00,181.55,181.57,181.54,181.55,322065.0
2019-10-04 11:30:00,181.57,181.57,181.55,181.57,198984.0
2019-10-04 11:45:00,181.55,181.56,181.55,181.56,203359.0
2019-10-04 12:00:00,181.74,181.74,181.74,181.74,186879.0
2019-10-04 12:15:00,181.7,181.72,181.69,181.7,307505.0
2019-10-04 12:30:00,181.65,181.66,181.65,181.65,319664.0
2019-10-04 12:45:00,181.74,181.74,181.73,181.74,257564.0
2019-10-04 13:00:00,181.71,181.71,181.7,181.71,326109.0
2019-10-04 13:15:00,181.74,181.75,181.74,181.75,230123.0
2019-10-04 13:30:00,181.74,181.75,181.74,181.74,273709.0
2019-10-04 13:45:00,181.71,181.73,181.71,181.73,281897.0
2019-10-04 14:00:00,181.87,181.87,181.86,181.86,223206.0
2019-10-04 14:15:00,181.87,181.88,181.87,181.87,248850.0
2019-10-04 14:30:00,181.8,181.82,181.8,181.81,274702.0
2019-10-04 14:45:00,181.85,181.85,181.85,181.85,297435.0
2019-10-04 15:00:00,181.87,181.88,181.86,181.88,247841.0
2019-10-04 15:30:00,182.03,182.05,182.03,182.04,298191.0
2019-10-04 15:45:00,181.95,181.96,181.95,181.96,243759.0
2019-10-08 09:30:00,180.63,180.64,180.63,180.64,465898.0
2019-10-08 09:45:00,180.42,180.45,180.42,180.43,339555.0
2019-10-08 10:15:00,180.24,180.24,180.24,180.24,404157.0
2019-10-08 10:30:00,180.07,180.08,180.07,180.07,310318.0
2019-10-08 11:00:00,179.83,179.83,179.83,179.83,332128.0
2019-10-08 11:15:00,179.68,179.69,179.68,179.69,368101.0
2019-10-08 11:30:00,179.58,179.58,179.57,179.58,367596.0
2019-10-08 11:45:00,179.41,179.42,179.41,179.42,337896.0
2019-10-08 12:15:00,179.16,179.19,179.15,179.17,442927.0
2019-10-08 12:30:00,178.99,179.01,178.98,178.98,385849.0
2019-10-08 12:45:00,178.86,178.87,178.86,178.86,311945.0
2019-10-08 13:00:00,178.68,178.69,178.67,178.68,431014.0
2019-10-08 13:15:00,178.58,178.59,178.58,178.58,469806.0
2019-10-08 13:30:00,178.38,178.39,178.37,178.37,362561.0
2019-10-08 13:45:00,178.38,178.38,178.36,178.37,493424.0
2019-10-08 14:00:00,178.16,178.16,178.16,178.16,435558.0
2019-10-08 14:30:00,177.88,177.88,177.87,177.88,377351.0
2019-10-08 14:45:00,177.81,177.82,177.81,177.81,406421.0
2019-10-08 15:00:00,177.73,177.75,177.72,177.73,387039.0
2019-10-08 15:15:00,177.51,177.52,177.51,177.51,432233.0
2019-10-08 15:30:00,177.37,177.37,177.37,177.37,517708.0
2019-10-08 15:45:00,177.2,177.21,177.19,177.2,465723.0
2019-10-09 09:30:00,180.32,180.33,180.32,180.33,321959.0
2019-10-09 09:45:00,180.3,180.3,180.29,180.3,345519.0
2019-10-09 10:00:00,180.34,180.35,180.34,180.34,291072.0
2019-10-09 10:15:00,180.37,180.37,180.36,180.37,337276.0
2019-10-09 10:30:00,180.36,180.36,180.36,180.36,200578.0
2019-10-09 10:45:00,180.41,180.42,180.41,180.41,349657.0
2019-10-09 11:00:00,180.5,180.51,180.49,180.51,219262.0
2019-10-09 11:15:00,180.43,180.44,180.43,180.43,310812.0
2019-10-09 11:30:00,180.44,180.46,180.44,180.45,276521.0
2019-10-09 11:45:00,180.41,180.42,180.41,180.42,331388.0
2019-10-09 12:00:00,180.55,180.56,180.54,180.54,247591.0
2019-10-09 12:15:00,180.43,180.45,180.43,180.44,247045.0
2019-10-09 12:30:00,180.51,180.51,180.51,180.51,263831.0
2019-10-09 12:45:00,180.45,180.47,180.44,180.45,339591.0
2019-10-09 13:00:00,180.52,180.52,180.51,180.52,310658.0
2019-10-09 13:15:00,180.53,180.54,180.53,180.53,282713.0
2019-10-09 13:30:00,180.55,180.56,180.54,180.55,213822.0
2019-10-09 13:45:00,180.54,180.55,180.54,180.54,326786.0
2019-10-09 14:00:00,180.66,180.67,180.65,180.66,251800.0
2019-10-09 14:15:00,180.61,180.62,180.61,180.61,271867.0
2019-10-09 14:30:00,180.75,180.76,180.75,180.75,323910.0
2019-10-09 14:45:00,180.66,180.67,180.66,180.66,348259.0
2019-10-09 15:00:00,180.64,180.64,180.63,180.64,245772.0
2019-10-09 15:15:00,180.62,180.63,180.61,180.61,285781.0
2019-10-09 15:30:00,180.72,180.72,180.71,180.72,197676.0
2019-10-10 09:30:00,180.64,180.66,180.63,180.65,255285.0
2019-10-10 09:45:00,180.73,180.75,180.73,180.73,247200.0
2019-10-10 10:00:00,180.82,180.85,180.82,180.83,357878.0
2019-10-10 10:15:00,180.91,180.91,180.91,180.91,231416.0
2019-10-10 10:30:00,181.1,181.12,181.08,181.1,296813.0
2019-10-10 10:45:00,181.05,181.08,181.05,181.05,240535.0
2019-10-10 11:00:00,181.25,181.27,181.25,181.26,376528.0
2019-10-10 11:15:00,181.3,181.32,181.3,181.31,268016.0
2019-10-10 11:30:00,181.48,181.49,181.47,181.48,371084.0
2019-10-10 12:00:00,181.58,181.59,181.58,181.58,341821.0
2019-10-10 12:15:00,181.71,181.72,181.71,181.72,219537.0
2019-10-10 12:30:00,181.75,181.77,181.74,181.75,344664.0
2019-10-10 12:45:00,181.98,181.99,181.96,181.99,223327.0
2019-10-10 13:15:00,182.07,182.07,182.07,182.07,303078.0
2019-10-10 13:45:00,182.28,182.29,182.28,182.29,289955.0
2019-10-10 14:00:00,182.37,182.38,182.37,182.37,371737.0
2019-10-10 14:15:00,182.32,182.32,182.31,182.32,224502.0
2019-10-10 14:45:00,182.63,182.63,182.63,182.63,220440.0
2019-10-10 15:00:00,182.82,182.84,182.81,182.83,331655.0
2019-10-10 15:15:00,182.86,182.87,182.86,182.87,231261.0
2019-10-10 15:30:00,182.96,182.97,182.95,182.96,276424.0
2019-10-10 15:45:00,183.09,183.11,183.09,183.1,312658.0
2019-10-11 09:30:00,186.31,186.33,186.31,186.32,387552.0
2019-10-11 10:00:00,186.4,186.41,186.4,186.41,501016.0
2019-10-11 10:15:00,186.4,186.41,186.4,186.4,311154.0
2019-10-11 10:30:00,186.25,186.26,186.24,186.26,407994.0
2019-10-11 10:45:00,186.26,186.27,186.26,186.27,459408.0
2019-10-11 11:00:00,186.22,186.24,186.22,186.23,472077.0
2019-10-11 11:15:00,186.27,186.28,186.26,186.28,303956.0
2019-10-11 11:30:00,186.3,186.31,186.3,186.3,398309.0
2019-10-11 11:45:00,186.27,186.28,186.27,186.28,483073.0
2019-10-11 12:00:00,186.23,186.23,186.23,186.23,480753.0
2019-10-11 12:15:00,186.21,186.22,186.21,186.21,431041.0
2019-10-11 12:45:00,186.19,186.21,186.19,186.2,467718.0
2019-10-11 13:00:00,186.13,186.14,186.12,186.14,401389.0
2019-10-11 13:15:00,186.3,186.31,186.29,186.31,339579.0
2019-10-11 13:30:00,186.2,186.22,186.2,186.21,533398.0
2019-10-11 13:45:00,186.13,186.13,186.13,186.13,347138.0
2019-10-11 14:00:00,186.08,186.09,186.08,186.08,301350.0
2019-10-11 14:30:00,186.09,186.09,186.08,186.09,435162.0
2019-10-11 14:45:00,185.94,185.95,185.94,185.95,500305.0
2019-10-11 15:00:00,186.04,186.05,186.04,186.05,340752.0
2019-10-11 15:15:00,186.03,186.04,186.03,186.04,456397.0
2019-10-11 15:30:00,185.98,185.99,185.96,185.98,342194.0
2019-10-11 15:45:00,186.01,186.01,186.0,186.01,324281.0
2019-10-14 09:45:00,185.64,185.64,185.64,185.64,137220.0
2019-10-14 10:00:00,185.66,185.66,185.65,185.66,243146.0
2019-10-14 10:15:00,185.74,185.75,185.74,185.74,194556.0
2019-10-14 10:30:00,185.75,185.76,185.74,185.75,151797.0
2019-10-14 10:45:00,185.82,185.83,185.82,185.82,240060.0
2019-10-14 11:00:00,185.89,185.89,185.89,185.89,167660.0
2019-10-14 11:15:00,185.82,185.83,185.82,185.82,220122.0
2019-10-14 11:30:00,185.93,185.94,185.92,185.93,148272.0
2019-10-14 11:45:00,185.99,186.0,185.99,185.99,169831.0
2019-10-14 12:00:00,186.01,186.02,186.01,186.01,159176.0
2019-10-14 12:15:00,186.02,186.03,186.02,186.03,153359.0
2019-10-14 12:30:00,186.05,186.06,186.04,186.05,203751.0
2019-10-14 12:45:00,186.12,186.12,186.12,186.12,241987.0
2019-10-14 13:00:00,186.14,186.14,186.14,186.14,173725.0
2019-10-14 13:15:00,186.16,186.16,186.16,186.16,206580.0
2019-10-14 13:30:00,186.19,186.2,186.19,186.2,206079.0
2019-10-14 13:45:00,186.32,186.33,186.31,186.32,137899.0
2019-10-14 14:00:00,186.24,186.25,186.24,186.24,233827.0
2019-10-14 14:15:00,186.33,186.34,186.32,186.33,232009.0
2019-10-14 14:30:00,186.33,186.34,186.33,186.33,245182.0
2019-10-14 14:45:00,186.38,186.38,186.38,186.38,225900.0
2019-10-14 15:00:00,186.4,186.4,186.39,186.4,167798.0
2019-10-14 15:15:00,186.42,186.42,186.41,186.42,139545.0
2019-10-14 15:30:00,186.56,186.58,186.56,186.56,243358.0
2019-10-14 15:45:00,186.53,186.53,186.53,186.53,176442.0
2019-10-16 09:30:00,194.96,194.97,194.96,194.96,332430.0
2019-10-16 09:45:00,195.04,195.06,195.03,195.05,383946.0
2019-10-16 10:00:00,194.94,194.95,194.94,194.94,402766.0
2019-10-16 10:15:00,194.89,194.9,194.89,194.9,427855.0
2019-10-16 10:30:00,194.75,194.76,194.75,194.75,360997.0
2019-10-16 10:45:00,194.85,194.86,194.85,194.85,343056.0
2019-10-16 11:45:00,194.59,194.62,194.59,194.59,369057.0
2019-10-16 12:00:00,194.7,194.7,194.69,194.7,400379.0
2019-10-16 12:15:00,194.67,194.68,194.67,194.68,378167.0
2019-10-16 12:30:00,194.68,194.68,194.67,194.68,334611.0
2019-10-16 12:45:00,194.61,194.64,194.6,194.64,374149.0
2019-10-16 13:00:00,194.6,194.64,194.6,194.6,288984.0
2019-10-16 13:15:00,194.53,194.54,194.52,194.54,410724.0
2019-10-16 13:30:00,194.57,194.58,194.56,194.57,517722.0
2019-10-16 13:45:00,194.49,194.5,194.48,194.5,489875.0
2019-10-16 14:00:00,194.44,194.45,194.43,194.45,407475.0
2019-10-16 14:15:00,194.27,194.28,194.27,194.28,434175.0
2019-10-16 14:30:00,194.4,194.42,194.4,194.41,394393.0
2019-10-16 14:45:00,194.24,194.26,194.24,194.24,436912.0
2019-10-16 15:00:00,194.4,194.42,194.4,194.4,369002.0
2019-10-16 15:30:00,194.26,194.27,194.26,194.26,347696.0
2019-10-16 15:45:00,194.23,194.23,194.23,194.23,408073.0
2019-10-24 09:30:00,196.73,196.73,196.73,196.73,260573.0
2019-10-24 09:45:00,196.74,196.75,196.74,196.74,276018.0
2019-10-24 10:00:00,196.8,196.81,196.8,196.81,185591.0
2019-10-24 10:15:00,196.78,196.78,196.78,196.78,165655.0
2019-10-24 10:30:00,196.75,196.75,196.74,196.75,268578.0
2019-10-24 10:45:00,196.76,196.77,196.75,196.76,166975.0
2019-10-24 11:00:00,196.76,196.76,196.76,196.76,212893.0
2019-10-24 11:15:00,196.8,196.8,196.79,196.8,242697.0
2019-10-24 11:30:00,196.79,196.8,196.79,196.79,225973.0
2019-10-24 11:45:00,196.73,196.74,196.72,196.73,165213.0
2019-10-24 12:00:00,196.79,196.79,196.79,196.79,221032.0
2019-10-24 12:15:00,196.71,196.72,196.71,196.72,248825.0
2019-10-24 12:30:00,196.77,196.78,196.76,196.77,243755.0
2019-10-24 13:00:00,196.8,196.8,196.8,196.8,194865.0
2019-10-24 13:15:00,196.8,196.8,196.8,196.8,158382.0
2019-10-24 13:30:00,196.82,196.83,196.82,196.82,161947.0
2019-10-24 13:45:00,196.82,196.82,196.81,196.82,169923.0
2019-10-24 14:00:00,196.76,196.77,196.76,196.76,227719.0
2019-10-24 14:15:00,196.84,196.84,196.84,196.84,272143.0
2019-10-24 14:30:00,196.84,196.84,196.84,196.84,275678.0
2019-10-24 14:45:00,196.87,196.88,196.87,196.88,229426.0
2019-10-24 15:00:00,196.81,196.82,196.81,196.81,270271.0
2019-10-24 15:15:00,196.73,196.74,196.73,196.74,173584.0
2019-10-24 15:30:00,196.86,196.86,196.86,196.86,285425.0
2019-10-24 15:45:00,196.87,196.87,196.87,196.87,263753.0
2019-10-25 09:30:00,199.98,200.03,199.98,200.0,320111.0
2019-10-25 09:45:00,200.23,200.25,200.21,200.25,359259.0
2019-10-25 10:00:00,200.44,200.44,200.42,200.43,518921.0
2019-10-25 10:30:00,200.78,200.79,200.77,200.78,516515.0
2019-10-25 10:45:00,201.0,201.01,201.0,201.0,402403.0
2019-10-25 11:00:00,201.17,201.18,201.16,201.17,376896.0
2019-10-25 11:15:00,201.37,201.39,201.37,201.38,428734.0
2019-10-25 11:30:00,201.63,201.65,201.63,201.64,456870.0
2019-10-25 11:45:00,201.69,201.7,201.69,201.7,294567.0
2019-10-25 12:00:00,201.88,201.91,201.88,201.89,517209.0
2019-10-25 12:15:00,202.06,202.08,202.06,202.08,352639.0
2019-10-25 12:30:00,202.1,202.11,202.1,202.11,422878.0
2019-10-25 12:45:00,202.28,202.3,202.28,202.3,456027.0
2019-10-25 13:00:00,202.61,202.62,202.6,202.61,387140.0
2019-10-25 13:15:00,202.83,202.87,202.83,202.83,509719.0
2019-10-25 13:30:00,203.04,203.06,203.03,203.03,481092.0
2019-10-25 13:45:00,203.08,203.12,203.08,203.11,501012.0
2019-10-25 14:00:00,203.29,203.32,203.28,203.29,480497.0
2019-10-25 14:15:00,203.63,203.65,203.62,203.63,513616.0
2019-10-25 14:30:00,203.78,203.79,203.78,203.79,482217.0
2019-10-25 14:45:00,203.85,203.86,203.85,203.85,502722.0
2019-10-25 15:00:00,204.03,204.04,204.03,204.03,410710.0
2019-10-25 15:15:00,204.22,204.24,204.22,204.23,358655.0
2019-10-25 15:45:00,204.5,204.51,204.5,204.5,505390.0
2019-10-29 09:30:00,206.28,206.29,206.28,206.28,224883.0
2019-10-29 09:45:00,206.07,206.08,206.07,206.07,201352.0
2019-10-29 10:00:00,205.96,205.97,205.96,205.97,263752.0
2019-10-29 10:15:00,205.73,205.74,205.72,205.73,199825.0
2019-10-29 10:30:00,205.71,205.71,205.71,205.71,241408.0
2019-10-29 10:45:00,205.55,205.57,205.54,205.56,209142.0
2019-10-29 11:00:00,205.42,205.45,205.41,205.42,176356.0
2019-10-29 11:15:00,205.26,205.26,205.25,205.26,201664.0
2019-10-29 11:30:00,205.15,205.16,205.15,205.15,260050.0
2019-10-29 11:45:00,205.02,205.03,205.02,205.02,191850.0
2019-10-29 12:00:00,204.91,204.92,204.91,204.91,245758.0
2019-10-29 12:15:00,204.77,204.77,204.76,204.77,170220.0
2019-10-29 12:30:00,204.64,204.64,204.63,204.64,234345.0
2019-10-29 12:45:00,204.55,204.56,204.55,204.56,168739.0
2019-10-29 13:00:00,204.33,204.34,204.33,204.34,240267.0
2019-10-29 13:15:00,204.23,204.24,204.23,204.23,213928.0
2019-10-29 13:30:00,204.02,204.03,204.01,204.02,195883.0
2019-10-29 13:45:00,203.98,203.99,203.98,203.98,192350.0
2019-10-29 14:00:00,203.78,203.8,203.78,203.79,253071.0
2019-10-29 14:15:00,203.74,203.75,203.74,203.75,144851.0
2019-10-29 14:30:00,203.58,203.58,203.58,203.58,203743.0
2019-10-29 14:45:00,203.4,203.41,203.4,203.4,178021.0
2019-10-29 15:00:00,203.31,203.31,203.31,203.31,231943.0
2019-10-29 15:30:00,203.05,203.06,203.05,203.05,192837.0
2019-10-29 15:45:00,202.98,202.99,202.97,202.98,235523.0
2019-10-30 09:30:00,203.97,203.98,203.96,203.98,237068.0
2019-10-30 09:45:00,203.87,203.88,203.87,203.88,195422.0
2019-10-30 10:00:00,203.91,203.91,203.91,203.91,166191.0
2019-10-30 10:15:00,203.91,203.91,203.91,203.91,185651.0
2019-10-30 10:30:00,203.83,203.84,203.83,203.84,231081.0
2019-10-30 10:45:00,203.82,203.82,203.82,203.82,191619.0
2019-10-30 11:00:00,203.76,203.77,203.76,203.76,242594.0
2019-10-30 11:15:00,203.73,203.74,203.72,203.73,166467.0
2019-10-30 11:30:00,203.65,203.67,203.64,203.66,159018.0
2019-10-30 11:45:00,203.7,203.71,203.69,203.69,192866.0
2019-10-30 12:00:00,203.59,203.6,203.58,203.59,230989.0
2019-10-30 12:30:00,203.49,203.49,203.49,203.49,157510.0
2019-10-30 12:45:00,203.48,203.49,203.47,203.48,200834.0
2019-10-30 13:00:00,203.45,203.47,203.44,203.46,165519.0
2019-10-30 13:15:00,203.41,203.44,203.41,203.42,174465.0
2019-10-30 13:30:00,203.36,203.38,203.36,203.37,144433.0
2019-10-30 14:00:00,203.33,203.34,203.32,203.34,158689.0
2019-10-30 14:15:00,203.28,203.29,203.27,203.29,212520.0
2019-10-30 14:30:00,203.21,203.23,203.21,203.23,227321.0
2019-10-30 15:00:00,203.14,203.14,203.13,203.14,218827.0
2019-10-30 15:30:00,202.92,202.92,202.91,202.91,145578.0
2019-10-30 15:45:00,203.01,203.02,203.01,203.01,236206.0
2019-11-01 09:30:00,199.61,199.62,199.61,199.62,327191.0
2019-11-01 09:45:00,199.75,199.76,199.74,199.75,217303.0
2019-11-01 10:15:00,199.98,199.98,199.98,199.98,208267.0
2019-11-01 10:30:00,200.06,200.06,200.06,200.06,322389.0
2019-11-01 10:45:00,200.21,200.22,200.2,200.21,268168.0
2019-11-01 11:00:00,200.24,200.26,200.24,200.25,230415.0
2019-11-01 11:15:00,200.44,200.47,200.44,200.45,219336.0
2019-11-01 11:30:00,200.57,200.6,200.57,200.58,284562.0
2019-11-01 11:45:00,200.67,200.67,200.67,200.67,233997.0
2019-11-01 12:00:00,200.78,200.79,200.78,200.79,244946.0
2019-11-01 12:15:00,200.9,200.91,200.9,200.9,290535.0
2019-11-01 12:30:00,201.02,201.02,201.02,201.02,348627.0
2019-11-01 12:45:00,201.17,201.18,201.16,201.18,271656.0
2019-11-01 13:00:00,201.29,201.32,201.29,201.3,275867.0
2019-11-01 13:15:00,201.35,201.35,201.35,201.35,331815.0
2019-11-01 13:45:00,201.62,201.63,201.62,201.63,251375.0
2019-11-01 14:00:00,201.8,201.81,201.79,201.79,240892.0
2019-11-01 14:15:00,201.77,201.78,201.75,201.76,284302.0
2019-11-01 14:30:00,202.02,202.03,202.01,202.02,193070.0
2019-11-01 14:45:00,202.26,202.29,202.26,202.27,281994.0
2019-11-01 15:00:00,202.24,202.24,202.24,202.24,292508.0
2019-11-01 15:30:00,202.5,202.54,202.49,202.51,277299.0
2019-11-01 15:45:00,202.68,202.7,202.68,202.69,285157.0
2019-11-05 09:30:00,210.44,210.48,210.44,210.47,336840.0
2019-11-05 09:45:00,210.43,210.44,210.43,210.44,369341.0
2019-11-05 10:15:00,210.4,210.42,210.39,210.42,302639.0
2019-11-05 10:30:00,210.38,210.41,210.38,210.4,329451.0
2019-11-05 10:45:00,210.31,210.31,210.31,210.31,217702.0
2019-11-05 11:15:00,210.23,210.24,210.23,210.24,313862.0
2019-11-05 11:30:00,210.23,210.24,210.22,210.23,375341.0
2019-11-05 11:45:00,210.18,210.19,210.18,210.19,252766.0
2019-11-05 12:15:00,210.08,210.09,210.08,210.09,256708.0
2019-11-05 12:30:00,210.12,210.12,210.11,210.12,296595.0
2019-11-05 12:45:00,210.02,210.04,210.01,210.02,300012.0
2019-11-05 13:00:00,210.01,210.02,210.01,210.02,301371.0
2019-11-05 13:15:00,209.95,209.96,209.95,209.95,369393.0
2019-11-05 13:30:00,209.98,209.99,209.97,209.98,282384.0
2019-11-05 14:00:00,209.68,209.7,209.68,209.68,301834.0
2019-11-05 14:15:00,209.83,209.84,209.83,209.83,365460.0
2019-11-05 14:30:00,209.75,209.77,209.75,209.76,369242.0
2019-11-05 14:45:00,209.73,209.73,209.72,209.72,342018.0
2019-11-05 15:00:00,209.6,209.62,209.59,209.62,368501.0
2019-11-05 15:15:00,209.66,209.67,209.66,209.66,334092.0
2019-11-05 15:30:00,209.68,209.68,209.67,209.68,270312.0
2019-11-05 15:45:00,209.58,209.59,209.58,209.58,369523.0
2019-11-08 09:30:00,207.63,207.64,207.62,207.62,173493.0
2019-11-08 09:45:00,207.64,207.65,207.64,207.65,208182.0
2019-11-08 10:00:00,207.63,207.64,207.63,207.63,146122.0
2019-11-08 10:15:00,207.68,207.69,207.68,207.69,189862.0
2019-11-08 10:30:00,207.67,207.67,207.67,207.67,136646.0
2019-11-08 10:45:00,207.65,207.66,207.65,207.65,179284.0
2019-11-08 11:15:00,207.65,207.66,207.65,207.66,215573.0
2019-11-08 11:30:00,207.7,207.72,207.7,207.71,217516.0
2019-11-08 11:45:00,207.61,207.62,207.61,207.61,204750.0
2019-11-08 12:00:00,207.73,207.74,207.73,207.74,211664.0
2019-11-08 12:15:00,207.75,207.76,207.74,207.75,187500.0
2019-11-08 12:30:00,207.74,207.75,207.73,207.74,203103.0
2019-11-08 12:45:00,207.73,207.73,207.73,207.73,232312.0
2019-11-08 13:00:00,207.71,207.72,207.71,207.72,214276.0
2019-11-08 13:15:00,207.66,207.67,207.66,207.66,169614.0
2019-11-08 13:30:00,207.72,207.73,207.72,207.72,169814.0
2019-11-08 13:45:00,207.77,207.79,207.77,207.78,203744.0
2019-11-08 14:00:00,207.75,207.76,207.75,207.76,135671.0
2019-11-08 14:15:00,207.71,207.72,207.71,207.71,134485.0
2019-11-08 14:30:00,207.78,207.8,207.78,207.78,207466.0
2019-11-08 14:45:00,207.73,207.75,207.73,207.74,129381.0
2019-11-08 15:00:00,207.76,207.77,207.75,207.76,195550.0
2019-11-08 15:15:00,207.77,207.79,207.77,207.78,160028.0
2019-11-08 15:30:00,207.77,207.78,207.77,207.78,151191.0
2019-11-08 15:45:00,207.81,207.81,207.81,207.81,178858.0
2019-11-13 09:30:00,208.35,208.36,208.35,208.36,276906.0
2019-11-13 09:45:00,208.31,208.33,208.31,208.32,313118.0
2019-11-13 10:00:00,208.39,208.39,208.39,208.39,311425.0
2019-11-13 10:15:00,208.4,208.41,208.4,208.4,261490.0
2019-11-13 10:30:00,208.41,208.43,208.41,208.41,268781.0
2019-11-13 10:45:00,208.35,208.35,208.34,208.35,220750.0
2019-11-13 11:00:00,208.37,208.38,208.37,208.38,266316.0
2019-11-13 11:15:00,208.43,208.44,208.43,208.43,261315.0
2019-11-13 11:30:00,208.36,208.38,208.36,208.38,324648.0
2019-11-13 11:45:00,208.47,208.48,208.46,208.47,210028.0
2019-11-13 12:30:00,208.5,208.52,208.5,208.5,304515.0
2019-11-13 12:45:00,208.46,208.46,208.45,208.46,230033.0
2019-11-13 13:00:00,208.51,208.51,208.51,208.51,242883.0
2019-11-13 13:15:00,208.47,208.48,208.47,208.47,300183.0
2019-11-13 13:30:00,208.49,208.49,208.49,208.49,234245.0
2019-11-13 13:45:00,208.51,208.51,208.51,208.51,285818.0
2019-11-13 14:00:00,208.51,208.52,208.51,208.52,315435.0
2019-11-13 14:15:00,208.48,208.5,208.47,208.49,318853.0
2019-11-13 14:30:00,208.49,208.51,208.48,208.49,354049.0
2019-11-13 14:45:00,208.47,208.5,208.47,208.49,252510.0
2019-11-13 15:00:00,208.56,208.56,208.55,208.56,332159.0
2019-11-13 15:15:00,208.47,208.48,208.46,208.48,339011.0
2019-11-13 15:30:00,208.61,208.62,208.61,208.62,220456.0
2019-11-13 15:45:00,208.57,208.58,208.57,208.58,329779.0
2019-11-14 09:30:00,208.92,208.92,208.91,208.92,574606.0
2019-11-14 09:45:00,208.97,208.97,208.96,208.96,420762.0
2019-11-14 10:00:00,208.99,208.99,208.99,208.99,620472.0
2019-11-14 10:45:00,209.1,209.11,209.1,209.11,477736.0
2019-11-14 11:15:00,209.16,209.18,209.16,209.16,538346.0
2019-11-14 11:30:00,209.21,209.21,209.21,209.21,634283.0
2019-11-14 11:45:00,209.23,209.23,209.22,209.23,592396.0
2019-11-14 12:00:00,209.27,209.27,209.27,209.27,405018.0
2019-11-14 12:15:00,209.33,209.33,209.33,209.33,391382.0
2019-11-14 12:30:00,209.43,209.44,209.43,209.44,456655.0
2019-11-14 12:45:00,209.37,209.38,209.37,209.37,459141.0
2019-11-14 13:00:00,209.42,209.43,209.42,209.43,444713.0
2019-11-14 13:15:00,209.4,209.42,209.4,209.41,536884.0
2019-11-14 13:30:00,209.46,209.47,209.46,209.46,450872.0
2019-11-14 13:45:00,209.5,209.51,209.5,209.5,630886.0
2019-11-14 14:00:00,209.54,209.55,209.53,209.54,642709.0
2019-11-14 14:15:00,209.55,209.57,209.54,209.56,435334.0
2019-11-14 14:30:00,209.57,209.58,209.57,209.58,392365.0
2019-11-14 14:45:00,209.65,209.68,209.65,209.66,475011.0
2019-11-14 15:00:00,209.69,209.69,209.68,209.69,590738.0
2019-11-14 15:30:00,209.74,209.75,209.74,209.74,358480.0
2019-11-14 15:45:00,209.77,209.78,209.77,209.77,385993.0
2019-11-15 09:30:00,209.99,210.06,209.99,210.04,898892.0
2019-11-15 09:45:00,209.64,209.69,209.63,209.68,843100.0
2019-11-15 10:00:00,209.33,209.35,209.32,209.33,951705.0
2019-11-15 10:30:00,208.88,208.89,208.88,208.89,1207616.0
2019-11-15 10:45:00,208.64,208.66,208.64,208.64,1254097.0
2019-11-15 11:00:00,208.41,208.42,208.41,208.41,948671.0
2019-11-15 11:15:00,208.21,208.25,208.19,208.24,1006230.0
2019-11-15 11:30:00,207.99,208.01,207.99,207.99,1049717.0
2019-11-15 11:45:00,207.77,207.8,207.76,207.77,978119.0
2019-11-15 12:15:00,207.21,207.27,207.21,207.21,1171909.0
2019-11-15 12:45:00,206.54,206.59,206.51,206.54,727054.0
2019-11-15 13:00:00,206.68,206.68,206.68,206.68,781361.0
2019-11-15 13:15:00,206.33,206.34,206.33,206.34,913108.0
2019-11-15 13:30:00,206.08,206.1,206.07,206.08,1194263.0
2019-11-15 13:45:00,205.49,205.52,205.47,205.51,1137979.0
2019-11-15 14:00:00,205.61,205.65,205.6,205.62,922216.0
2019-11-15 14:15:00,205.5,205.51,205.49,205.5,841112.0
2019-11-15 14:30:00,205.32,205.35,205.31,205.33,977015.0
2019-11-15 14:45:00,205.41,205.48,205.41,205.45,911013.0
2019-11-15 15:00:00,204.88,204.93,204.88,204.91,1092343.0
2019-11-15 15:15:00,204.31,204.34,204.29,204.32,1141997.0
2019-11-15 15:45:00,204.19,204.2,204.18,204.19,1197524.0
2019-11-20 09:30:00,207.05,207.06,207.05,207.05,389751.0
2019-11-20 09:45:00,207.08,207.12,207.07,207.11,436664.0
2019-11-20 10:00:00,207.44,207.45,207.43,207.44,495485.0
2019-11-20 10:15:00,207.54,207.57,207.54,207.56,370177.0
2019-11-20 10:45:00,208.06,208.07,208.06,208.06,372932.0
2019-11-20 11:00:00,208.13,208.17,208.12,208.16,530790.0
2019-11-20 11:15:00,208.25,208.26,208.25,208.26,385107.0
2019-11-20 11:45:00,208.54,208.55,208.54,208.54,482893.0
2019-11-20 12:00:00,208.72,208.76,208.7,208.73,337349.0
2019-11-20 12:15:00,208.7,208.74,208.7,208.7,431006.0
2019-11-20 12:45:00,209.25,209.26,209.24,209.25,482011.0
2019-11-20 13:00:00,209.29,209.31,209.27,209.31,480245.0
2019-11-20 13:15:00,209.49,209.52,209.49,209.51,505710.0
2019-11-20 13:30:00,209.7,209.71,209.7,209.71,565705.0
2019-11-20 13:45:00,209.85,209.86,209.85,209.86,508795.0
2019-11-20 14:00:00,210.13,210.15,210.12,210.13,547938.0
2019-11-20 14:15:00,210.27,210.28,210.25,210.27,531666.0
2019-11-20 14:30:00,210.35,210.36,210.34,210.36,448579.0
2019-11-20 14:45:00,210.52,210.54,210.5,210.54,512231.0
2019-11-20 15:00:00,210.61,210.63,210.61,210.62,506406.0
2019-11-20 15:30:00,211.03,211.03,211.03,211.03,453643.0
2019-11-20 15:45:00,211.19,211.22,211.18,211.22,367189.0
2019-11-22 09:30:00,211.06,211.07,211.06,211.06,267582.0
2019-11-22 09:45:00,211.1,211.11,211.09,211.1,155654.0
2019-11-22 10:00:00,211.1,211.1,211.1,211.1,237507.0
2019-11-22 10:15:00,211.07,211.08,211.07,211.07,173051.0
2019-11-22 10:30:00,211.06,211.06,211.06,211.06,233711.0
2019-11-22 10:45:00,211.06,211.06,211.06,211.06,263871.0
2019-11-22 11:00:00,211.03,211.03,211.03,211.03,234634.0
2019-11-22 11:15:00,211.09,211.11,211.08,211.1,215694.0
2019-11-22 11:30:00,210.98,210.99,210.98,210.98,231439.0
2019-11-22 11:45:00,210.98,210.98,210.97,210.98,156403.0
2019-11-22 12:00:00,211.05,211.05,211.05,211.05,193127.0
2019-11-22 12:15:00,210.98,210.99,210.98,210.99,263824.0
2019-11-22 12:30:00,210.95,210.95,210.95,210.95,154764.0
2019-11-22 12:45:00,210.98,210.98,210.97,210.98,255757.0
2019-11-22 13:00:00,210.98,210.98,210.97,210.98,176580.0
2019-11-22 13:30:00,210.95,210.95,210.95,210.95,160463.0
2019-11-22 13:45:00,210.87,210.88,210.86,210.88,171059.0
2019-11-22 14:00:00,210.95,210.96,210.95,210.95,209588.0
2019-11-22 14:15:00,210.95,210.96,210.95,210.95,193064.0
2019-11-22 14:30:00,210.88,210.88,210.87,210.88,240122.0
2019-11-22 14:45:00,210.93,210.94,210.92,210.93,259936.0
2019-11-22 15:00:00,210.96,210.97,210.96,210.96,172525.0
2019-11-22 15:15:00,210.87,210.88,210.87,210.87,246630.0
2019-11-22 15:30:00,210.88,210.89,210.88,210.89,271303.0
2019-11-22 15:45:00,210.93,210.93,210.93,210.93,252723.0
2019-11-26 09:30:00,220.46,220.47,220.46,220.46,284800.0
2019-11-26 09:45:00,220.31,220.33,220.31,220.31,333071.0
2019-11-26 10:00:00,220.2,220.2,220.19,220.2,372469.0
2019-11-26 10:15:00,219.97,219.99,219.97,219.98,329203.0
2019-11-26 10:30:00,219.98,220.0,219.98,219.98,346456.0
2019-11-26 10:45:00,219.84,219.85,219.84,219.84,388568.0
2019-11-26 11:00:00,219.6,219.62,219.58,219.61,375313.0
2019-11-26 11:15:00,219.52,219.53,219.52,219.52,481070.0
2019-11-26 11:30:00,219.44,219.44,219.43,219.44,273292.0
2019-11-26 11:45:00,219.26,219.26,219.25,219.26,479096.0
2019-11-26 12:00:00,219.03,219.04,219.03,219.04,296445.0
2019-11-26 12:15:00,218.96,218.96,218.96,218.96,358638.0
2019-11-26 12:30:00,218.78,218.79,218.78,218.79,271722.0
2019-11-26 13:00:00,218.52,218.54,218.5,218.52,457395.0
2019-11-26 13:15:00,218.36,218.39,218.35,218.38,473007.0
2019-11-26 13:30:00,218.35,218.37,218.35,218.36,361225.0
2019-11-26 13:45:00,218.12,218.12,218.12,218.12,452032.0
2019-11-26 14:00:00,217.98,217.99,217.98,217.98,264471.0
2019-11-26 14:15:00,217.93,217.94,217.92,217.93,269007.0
2019-11-26 14:30:00,217.67,217.68,217.66,217.67,265974.0
2019-11-26 14:45:00,217.57,217.58,217.57,217.58,268133.0
2019-11-26 15:00:00,217.47,217.49,217.47,217.48,444338.0
2019-11-26 15:15:00,217.28,217.3,217.28,217.28,458958.0
2019-11-26 15:30:00,217.13,217.14,217.12,217.13,356970.0
2019-11-26 15:45:00,217.02,217.02,217.02,217.02,276331.0
2019-11-27 09:30:00,218.64,218.65,218.63,218.65,211098.0
2019-11-27 09:45:00,218.61,218.62,218.61,218.62,224344.0
2019-11-27 10:00:00,218.65,218.66,218.65,218.65,150175.0
2019-11-27 10:15:00,218.61,218.62,218.61,218.62,266257.0
2019-11-27 10:30:00,218.65,218.66,218.65,218.66,183970.0
2019-11-27 10:45:00,218.53,218.54,218.52,218.54,211526.0
2019-11-27 11:00:00,218.54,218.55,218.54,218.54,266485.0
2019-11-27 11:15:00,218.54,218.54,218.53,218.54,207313.0
2019-11-27 11:30:00,218.5,218.51,218.5,218.5,161119.0
2019-11-27 12:00:00,218.5,218.51,218.5,218.5,227650.0
2019-11-27 12:15:00,218.48,218.48,218.48,218.48,243021.0
2019-11-27 12:30:00,218.49,218.49,218.49,218.49,154123.0
2019-11-27 12:45:00,218.45,218.46,218.44,218.45,216815.0
2019-11-27 13:00:00,218.45,218.45,218.44,218.45,221663.0
2019-11-27 13:15:00,218.41,218.42,218.41,218.42,224698.0
2019-11-27 13:30:00,218.34,218.36,218.34,218.34,237624.0
2019-11-27 13:45:00,218.4,218.41,218.4,218.41,176088.0
2019-11-27 14:00:00,218.36,218.36,218.36,218.36,262740.0
2019-11-27 14:15:00,218.33,218.34,218.33,218.33,239487.0
2019-11-27 14:30:00,218.27,218.28,218.27,218.27,196670.0
2019-11-27 14:45:00,218.26,218.26,218.24,218.26,263570.0
2019-11-27 15:15:00,218.22,218.23,218.22,218.23,252097.0
2019-11-27 15:30:00,218.24,218.24,218.24,218.24,212489.0
2019-11-29 09:30:00,217.02,217.03,217.02,217.02,154834.0
2019-11-29 09:45:00,217.0,217.01,217.0,217.0,138757.0
2019-11-29 10:00:00,216.98,216.99,216.98,216.98,128042.0
2019-11-29 10:15:00,216.91,216.91,216.91,216.91,113870.0
2019-11-29 10:30:00,216.94,216.95,216.94,216.94,122466.0
2019-11-29 10:45:00,216.94,216.94,216.94,216.94,130435.0
2019-11-29 11:00:00,216.93,216.94,216.93,216.93,146525.0
2019-11-29 11:15:00,217.01,217.02,217.01,217.01,135491.0
2019-11-29 11:30:00,216.89,216.9,216.89,216.9,154620.0
2019-11-29 12:00:00,216.9,216.91,216.9,216.9,127690.0
2019-11-29 12:30:00,216.92,216.92,216.92,216.92,159423.0
2019-11-29 12:45:00,216.86,216.87,216.86,216.86,118934.0
2019-11-29 13:00:00,216.91,216.92,216.91,216.91,171488.0
2019-11-29 13:15:00,216.89,216.9,216.89,216.9,111918.0
2019-11-29 13:30:00,216.84,216.85,216.84,216.85,145314.0
2019-11-29 13:45:00,216.8,216.81,216.8,216.8,149632.0
2019-11-29 14:00:00,216.8,216.8,216.8,216.8,117812.0
2019-11-29 14:15:00,216.77,216.77,216.76,216.77,97814.0
2019-11-29 14:30:00,216.81,216.81,216.81,216.81,143509.0
2019-11-29 14:45:00,216.78,216.78,216.78,216.78,148449.0
2019-11-29 15:00:00,216.77,216.78,216.77,216.78,143154.0
2019-11-29 15:15:00,216.74,216.75,216.73,216.75,151598.0
2019-11-29 15:30:00,216.76,216.76,216.76,216.76,130135.0
2019-11-29 15:45:00,216.75,216.75,216.74,216.75,125513.0
2019-12-04 09:30:00,211.05,211.06,211.04,211.04,199690.0
2019-12-04 09:45:00,210.93,210.95,210.93,210.94,254973.0
2019-12-04 10:00:00,210.79,210.81,210.79,210.8,236642.0
2019-12-04 10:15:00,210.83,210.83,210.83,210.83,193348.0
2019-12-04 10:45:00,210.7,210.71,210.7,210.71,264409.0
2019-12-04 11:00:00,210.6,210.61,210.59,210.61,187660.0
2019-12-04 11:15:00,210.72,210.73,210.72,210.72,271714.0
2019-12-04 11:30:00,210.51,210.52,210.51,210.52,285077.0
2019-12-04 11:45:00,210.44,210.44,210.44,210.44,290031.0
2019-12-04 12:00:00,210.42,210.44,210.42,210.42,317023.0
2019-12-04 12:15:00,210.31,210.33,210.31,210.31,279836.0
2019-12-04 12:30:00,210.24,210.26,210.24,210.25,323915.0
2019-12-04 12:45:00,210.2,210.2,210.2,210.2,298713.0
2019-12-04 13:00:00,210.06,210.07,210.06,210.06,214975.0
2019-12-04 13:15:00,210.06,210.07,210.06,210.07,213580.0
2019-12-04 13:30:00,209.89,209.9,209.87,209.87,210644.0
2019-12-04 13:45:00,209.93,209.94,209.93,209.94,337854.0
2019-12-04 14:00:00,209.87,209.88,209.86,209.87,277874.0
2019-12-04 14:15:00,209.78,209.8,209.78,209.79,187033.0
2019-12-04 14:30:00,209.67,209.68,209.66,209.66,339557.0
2019-12-04 14:45:00,209.68,209.69,209.67,209.69,259767.0
2019-12-04 15:00:00,209.61,209.62,209.61,209.62,323901.0
2019-12-04 15:15:00,209.46,209.48,209.45,209.46,265056.0
2019-12-04 15:30:00,209.45,209.46,209.45,209.45,203377.0
2019-12-04 15:45:00,209.39,209.4,209.39,209.39,258322.0
2019-12-05 09:30:00,210.35,210.37,210.35,210.36,149395.0
2019-12-05 09:45:00,210.14,210.15,210.13,210.14,150177.0
2019-12-05 10:00:00,210.18,210.19,210.18,210.19,160156.0
2019-12-05 10:15:00,210.12,210.13,210.12,210.12,156298.0
2019-12-05 10:30:00,210.06,210.06,210.06,210.06,141678.0
2019-12-05 11:00:00,209.94,209.96,209.93,209.95,134751.0
2019-12-05 11:15:00,209.79,209.8,209.79,209.8,213814.0
2019-12-05 11:30:00,209.79,209.8,209.79,209.8,217177.0
2019-12-05 11:45:00,209.72,209.73,209.71,209.72,202597.0
2019-12-05 12:00:00,209.66,209.67,209.66,209.66,218554.0
2019-12-05 12:15:00,209.6,209.61,209.6,209.6,217956.0
2019-12-05 12:30:00,209.53,209.54,209.53,209.53,179347.0
2019-12-05 12:45:00,209.4,209.42,209.4,209.41,184795.0
2019-12-05 13:00:00,209.4,209.41,209.4,209.41,204368.0
2019-12-05 13:15:00,209.32,209.33,209.32,209.32,151997.0
2019-12-05 13:30:00,209.27,209.28,209.26,209.27,146723.0
2019-12-05 13:45:00,209.25,209.26,209.25,209.25,216127.0
2019-12-05 14:00:00,209.2,209.22,209.2,209.21,213407.0
2019-12-05 14:15:00,209.07,209.07,209.07,209.07,222581.0
2019-12-05 14:30:00,209.04,209.04,209.04,209.04,149668.0
2019-12-05 14:45:00,208.97,208.98,208.97,208.98,134190.0
2019-12-05 15:00:00,208.97,208.99,208.96,208.98,202610.0
2019-12-05 15:15:00,208.84,208.85,208.84,208.85,124745.0
2019-12-05 15:30:00,208.83,208.84,208.83,208.83,155814.0
2019-12-05 15:45:00,208.71,208.72,208.7,208.71,197085.0
2019-12-06 09:30:00,211.43,211.44,211.43,211.44,282569.0
2019-12-06 10:00:00,211.59,211.59,211.58,211.59,183461.0
2019-12-06 10:30:00,211.65,211.66,211.65,211.66,213364.0
2019-12-06 10:45:00,211.63,211.64,211.63,211.64,254554.0
2019-12-06 11:00:00,211.7,211.71,211.69,211.7,185938.0
2019-12-06 11:15:00,211.73,211.74,211.73,211.74,199024.0
2019-12-06 11:30:00,211.69,211.69,211.68,211.69,185739.0
2019-12-06 11:45:00,211.74,211.74,211.74,211.74,207756.0
2019-12-06 12:00:00,211.79,211.8,211.79,211.8,277431.0
2019-12-06 12:15:00,211.83,211.84,211.83,211.84,221798.0
2019-12-06 12:30:00,211.86,211.86,211.86,211.86,270171.0
2019-12-06 12:45:00,211.86,211.87,211.86,211.87,187599.0
2019-12-06 13:00:00,211.88,211.88,211.88,211.88,170750.0
2019-12-06 13:15:00,211.88,211.89,211.88,211.89,220202.0
2019-12-06 13:30:00,211.91,211.92,211.91,211.92,171109.0
2019-12-06 13:45:00,211.95,211.95,211.95,211.95,212661.0
2019-12-06 14:00:00,212.0,212.0,211.99,212.0,169382.0
2019-12-06 14:30:00,212.06,212.07,212.05,212.07,225402.0
2019-12-06 14:45:00,212.05,212.05,212.05,212.05,196280.0
2019-12-06 15:15:00,212.07,212.07,212.06,212.07,269716.0
2019-12-06 15:30:00,212.11,212.12,212.11,212.12,197198.0
2019-12-06 15:45:00,212.11,212.12,212.11,212.12,183697.0
2019-12-09 09:30:00,211.26,211.26,211.26,211.26,260797.0
2019-12-09 09:45:00,211.39,211.4,211.38,211.39,213778.0
2019-12-09 10:00:00,211.26,211.27,211.26,211.26,214455.0
2019-12-09 10:15:00,211.29,211.3,211.29,211.3,205999.0
2019-12-09 10:30:00,211.42,211.42,211.42,211.42,232295.0
2019-12-09 10:45:00,211.44,211.44,211.43,211.44,238102.0
2019-12-09 11:00:00,211.39,211.4,211.38,211.39,252978.0
2019-12-09 11:15:00,211.5,211.51,211.5,211.51,222971.0
2019-12-09 11:30:00,211.52,211.53,211.52,211.53,179614.0
2019-12-09 11:45:00,211.59,211.6,211.58,211.6,149024.0
2019-12-09 12:00:00,211.62,211.62,211.62,211.62,221732.0
2019-12-09 12:15:00,211.65,211.65,211.65,211.65,188951.0
2019-12-09 12:30:00,211.72,211.73,211.71,211.73,148623.0
2019-12-09 12:45:00,211.8,211.81,211.79,211.8,234179.0
2019-12-09 13:00:00,211.74,211.74,211.74,211.74,166661.0
2019-12-09 13:15:00,211.79,211.8,211.79,211.79,232676.0
2019-12-09 13:45:00,211.88,211.89,211.88,211.88,260527.0
2019-12-09 14:00:00,211.89,211.9,211.89,211.9,227859.0
2019-12-09 14:15:00,211.99,211.99,211.98,211.98,215687.0
2019-12-09 14:30:00,211.92,211.93,211.91,211.92,250213.0
2019-12-09 14:45:00,212.02,212.03,212.02,212.03,179603.0
2019-12-09 15:15:00,212.04,212.05,212.04,212.04,219132.0
2019-12-09 15:30:00,212.22,212.23,212.21,212.22,264770.0
2019-12-10 09:30:00,213.37,213.38,213.37,213.37,224921.0
2019-12-10 09:45:00,213.41,213.43,213.41,213.42,208692.0
2019-12-10 10:00:00,213.48,213.5,213.48,213.5,296210.0
2019-12-10 10:15:00,213.42,213.43,213.42,213.42,289363.0
2019-12-10 10:30:00,213.44,213.46,213.44,213.45,316600.0
2019-12-10 10:45:00,213.5,213.52,213.48,213.49,198608.0
2019-12-10 11:00:00,213.63,213.65,213.61,213.63,288351.0
2019-12-10 11:15:00,213.54,213.55,213.54,213.55,256696.0
2019-12-10 11:30:00,213.63,213.64,213.63,213.63,269730.0
2019-12-10 11:45:00,213.48,213.5,213.47,213.48,314901.0
2019-12-10 12:00:00,213.62,213.62,213.61,213.61,189755.0
2019-12-10 12:30:00,213.63,213.64,213.63,213.64,308138.0
2019-12-10 13:00:00,213.7,213.7,213.7,213.7,231617.0
2019-12-10 13:15:00,213.63,213.64,213.63,213.63,302427.0
2019-12-10 13:30:00,213.75,213.79,213.74,213.76,308858.0
2019-12-10 13:45:00,213.79,213.79,213.79,213.79,181252.0
2019-12-10 14:00:00,213.92,213.93,213.91,213.93,254191.0
2019-12-10 14:15:00,213.85,213.86,213.85,213.85,307524.0
2019-12-10 14:30:00,213.86,213.86,213.86,213.86,320409.0
2019-12-10 14:45:00,214.0,214.02,214.0,214.0,203217.0
2019-12-10 15:00:00,214.08,214.1,214.07,214.07,265433.0
2019-12-10 15:30:00,213.8,213.84,213.8,213.82,265600.0
2019-12-10 15:45:00,213.98,213.99,213.97,213.98,320101.0
2019-12-11 09:30:00,214.3,214.3,214.3,214.3,183753.0
2019-12-11 09:45:00,214.5,214.51,214.49,214.5,261772.0
2019-12-11 10:00:00,214.64,214.64,214.64,214.64,261575.0
2019-12-11 10:15:00,214.75,214.77,214.75,214.76,193332.0
2019-12-11 10:30:00,214.85,214.85,214.85,214.85,213938.0
2019-12-11 10:45:00,214.98,214.99,214.98,214.99,216564.0
2019-12-11 11:00:00,215.08,215.09,215.08,215.08,213947.0
2019-12-11 11:15:00,215.25,215.26,215.25,215.26,169849.0
2019-12-11 11:30:00,215.35,215.35,215.35,215.35,288767.0
2019-12-11 11:45:00,215.45,215.46,215.45,215.45,195616.0
2019-12-11 12:00:00,215.56,215.56,215.55,215.56,282419.0
2019-12-11 12:15:00,215.62,215.63,215.62,215.63,233296.0
2019-12-11 12:30:00,215.83,215.83,215.83,215.83,209510.0
2019-12-11 12:45:00,215.96,215.96,215.96,215.96,160161.0
2019-12-11 13:15:00,216.2,216.21,216.2,216.21,242686.0
2019-12-11 13:30:00,216.28,216.29,216.28,216.28,178222.0
2019-12-11 13:45:00,216.43,216.44,216.43,216.43,198718.0
2019-12-11 14:00:00,216.55,216.56,216.55,216.55,175354.0
2019-12-11 14:15:00,216.69,216.7,216.67,216.69,187869.0
2019-12-11 14:30:00,216.72,216.73,216.72,216.72,224008.0
2019-12-11 14:45:00,216.87,216.89,216.86,216.89,279959.0
2019-12-11 15:00:00,216.94,216.95,216.94,216.95,218546.0
2019-12-11 15:30:00,217.21,217.21,217.21,217.21,254881.0
2019-12-11 15:45:00,217.38,217.39,217.37,217.39,215319.0
2019-12-16 09:30:00,225.88,225.88,225.88,225.88,336148.0
2019-12-16 09:45:00,225.86,225.86,225.86,225.86,312120.0
2019-12-16 10:00:00,225.91,225.92,225.91,225.92,357117.0
2019-12-16 10:15:00,225.8,225.81,225.8,225.81,394855.0
2019-12-16 10:45:00,225.73,225.74,225.72,225.73,387658.0
2019-12-16 11:00:00,225.72,225.73,225.72,225.72,238832.0
2019-12-16 11:30:00,225.72,225.73,225.72,225.73,269220.0
2019-12-16 11:45:00,225.65,225.66,225.65,225.66,308762.0
2019-12-16 12:00:00,225.65,225.68,225.65,225.66,309909.0
2019-12-16 12:30:00,225.49,225.51,225.48,225.5,392965.0
2019-12-16 12:45:00,225.62,225.63,225.62,225.63,392581.0
2019-12-16 13:00:00,225.43,225.44,225.43,225.44,248797.0
2019-12-16 13:15:00,225.43,225.43,225.42,225.43,378314.0
2019-12-16 13:30:00,225.47,225.49,225.47,225.47,301760.0
2019-12-16 13:45:00,225.37,225.37,225.37,225.37,380856.0
2019-12-16 14:00:00,225.5,225.51,225.5,225.5,356099.0
2019-12-16 14:15:00,225.33,225.33,225.33,225.33,358233.0
2019-12-16 14:30:00,225.27,225.28,225.27,225.28,332999.0
2019-12-16 14:45:00,225.29,225.29,225.29,225.29,302529.0
2019-12-16 15:00:00,225.24,225.24,225.23,225.23,255735.0
2019-12-16 15:15:00,225.23,225.24,225.23,225.24,281184.0
2019-12-16 15:30:00,225.15,225.17,225.15,225.16,286490.0
2019-12-16 15:45:00,225.14,225.14,225.14,225.14,232768.0
2019-12-18 09:30:00,229.66,229.66,229.66,229.66,389916.0
2019-12-18 09:45:00,229.68,229.68,229.67,229.68,398780.0
2019-12-18 10:00:00,229.7,229.7,229.7,229.7,322881.0
2019-12-18 10:15:00,229.63,229.65,229.63,229.64,405633.0
2019-12-18 10:30:00,229.65,229.65,229.65,229.65,236200.0
2019-12-18 10:45:00,229.64,229.64,229.64,229.64,282585.0
2019-12-18 11:00:00,229.67,229.68,229.67,229.67,373889.0
2019-12-18 11:15:00,229.63,229.63,229.62,229.63,266416.0
2019-12-18 11:30:00,229.58,229.59,229.57,229.58,232501.0
2019-12-18 11:45:00,229.62,229.62,229.62,229.62,428257.0
2019-12-18 12:00:00,229.59,229.6,229.59,229.6,336884.0
2019-12-18 12:15:00,229.62,229.63,229.62,229.62,263151.0
2019-12-18 12:30:00,229.57,229.59,229.57,229.58,269399.0
2019-12-18 12:45:00,229.56,229.57,229.55,229.57,372837.0
2019-12-18 13:00:00,229.53,229.54,229.53,229.53,236780.0
2019-12-18 13:15:00,229.59,229.59,229.59,229.59,375479.0
2019-12-18 13:30:00,229.55,229.57,229.55,229.55,237416.0
2019-12-18 13:45:00,229.49,229.49,229.48,229.49,342658.0
2019-12-18 14:00:00,229.53,229.54,229.53,229.53,248249.0
2019-12-18 14:15:00,229.51,229.53,229.51,229.52,308661.0
2019-12-18 14:30:00,229.51,229.52,229.51,229.51,308022.0
2019-12-18 14:45:00,229.54,229.54,229.54,229.54,400599.0
2019-12-18 15:00:00,229.56,229.57,229.56,229.56,420105.0
2019-12-18 15:15:00,229.52,229.53,229.52,229.53,392398.0
2019-12-18 15:30:00,229.5,229.5,229.5,229.5,336703.0
2019-12-18 15:45:00,229.49,229.5,229.49,229.5,283620.0
2019-12-19 09:30:00,230.93,230.95,230.92,230.94,376215.0
2019-12-19 09:45:00,231.09,231.1,231.09,231.09,484958.0
2019-12-19 10:00:00,231.4,231.43,231.4,231.43,381989.0
2019-12-19 10:15:00,231.4,231.41,231.4,231.4,300847.0
2019-12-19 10:30:00,231.64,231.66,231.63,231.66,385116.0
2019-12-19 10:45:00,231.73,231.74,231.72,231.74,507506.0
2019-12-19 11:15:00,232.25,232.26,232.24,232.24,450523.0
2019-12-19 11:30:00,232.4,232.4,232.39,232.4,538139.0
2019-12-19 12:00:00,232.74,232.74,232.74,232.74,513214.0
2019-12-19 12:15:00,232.86,232.86,232.86,232.86,510296.0
2019-12-19 12:30:00,233.09,233.1,233.09,233.1,400835.0
2019-12-19 12:45:00,233.24,233.25,233.23,233.25,325719.0
2019-12-19 13:00:00,233.43,233.43,233.42,233.42,510987.0
2019-12-19 13:15:00,233.67,233.68,233.67,233.67,406723.0
2019-12-19 13:30:00,233.81,233.82,233.8,233.81,520188.0
2019-12-19 14:00:00,234.03,234.08,234.03,234.06,310217.0
2019-12-19 14:15:00,234.21,234.22,234.2,234.22,548283.0
2019-12-19 14:30:00,234.56,234.58,234.56,234.56,437923.0
2019-12-19 14:45:00,234.71,234.73,234.7,234.72,503814.0
2019-12-19 15:00:00,234.92,234.92,234.92,234.92,505101.0
2019-12-19 15:15:00,235.12,235.13,235.11,235.12,530198.0
2019-12-19 15:30:00,235.43,235.44,235.42,235.44,414015.0
2019-12-19 15:45:00,235.49,235.52,235.49,235.49,307795.0
2019-12-20 09:30:00,238.1,238.11,238.1,238.1,661061.0
2019-12-20 09:45:00,238.18,238.19,238.18,238.18,698583.0
2019-12-20 10:00:00,238.26,238.27,238.26,238.27,577422.0
2019-12-20 10:15:00,238.29,238.3,238.29,238.3,607490.0
2019-12-20 10:30:00,238.33,238.33,238.32,238.33,498818.0
2019-12-20 10:45:00,238.39,238.39,238.39,238.39,598042.0
2019-12-20 11:00:00,238.47,238.48,238.47,238.48,571796.0
2019-12-20 11:15:00,238.48,238.49,238.48,238.48,721388.0
2019-12-20 11:30:00,238.53,238.54,238.53,238.53,709233.0
2019-12-20 11:45:00,238.59,238.59,238.59,238.59,629942.0
2019-12-20 12:00:00,238.64,238.65,238.64,238.64,576310.0
2019-12-20 12:15:00,238.7,238.7,238.7,238.7,636405.0
2019-12-20 12:30:00,238.69,238.7,238.69,238.69,657515.0
2019-12-20 12:45:00,238.77,238.78,238.77,238.78,422023.0
2019-12-20 13:00:00,238.82,238.83,238.82,238.83,586708.0
2019-12-20 13:15:00,238.9,238.9,238.9,238.9,505112.0
2019-12-20 13:30:00,238.92,238.93,238.92,238.93,408354.0
2019-12-20 13:45:00,238.96,238.97,238.96,238.97,608387.0
2019-12-20 14:00:00,239.02,239.03,239.02,239.03,492336.0
2019-12-20 14:15:00,239.04,239.05,239.04,239.04,696578.0
2019-12-20 14:30:00,239.07,239.08,239.07,239.07,665419.0
2019-12-20 14:45:00,239.12,239.14,239.12,239.13,729141.0
2019-12-20 15:00:00,239.22,239.22,239.22,239.22,721954.0
2019-12-20 15:15:00,239.2,239.22,239.2,239.21,430857.0
2019-12-20 15:30:00,239.28,239.3,239.28,239.29,409570.0
2019-12-20 15:45:00,239.38,239.39,239.38,239.38,513672.0
2019-12-24 09:30:00,238.2,238.2,238.2,238.2,109799.0
2019-12-24 09:45:00,238.19,238.2,238.19,238.2,138007.0
2019-12-24 10:00:00,238.24,238.24,238.24,238.24,148283.0
2019-12-24 10:15:00,238.23,238.25,238.23,238.24,114966.0
2019-12-24 10:30:00,238.16,238.17,238.16,238.16,131068.0
2019-12-24 10:45:00,238.3,238.31,238.3,238.3,147863.0
2019-12-24 11:00:00,238.26,238.27,238.25,238.26,140767.0
2019-12-24 11:15:00,238.31,238.31,238.31,238.31,161566.0
2019-12-24 11:30:00,238.3,238.31,238.3,238.31,129771.0
2019-12-24 11:45:00,238.35,238.35,238.35,238.35,122042.0
2019-12-24 12:00:00,238.41,238.42,238.4,238.42,140941.0
2019-12-24 12:15:00,238.4,238.4,238.4,238.4,163068.0
2019-12-24 12:30:00,238.42,238.43,238.42,238.42,156657.0
2019-12-24 12:45:00,238.4,238.4,238.4,238.4,167906.0
2019-12-24 13:00:00,238.43,238.43,238.43,238.43,148844.0
2019-12-24 13:15:00,238.48,238.49,238.48,238.49,150171.0
2019-12-24 13:30:00,238.53,238.54,238.53,238.54,124867.0
2019-12-24 13:45:00,238.5,238.5,238.5,238.5,165932.0
2019-12-24 14:00:00,238.51,238.51,238.51,238.51,123529.0
2019-12-24 14:15:00,238.5,238.5,238.5,238.5,122653.0
2019-12-24 14:30:00,238.54,238.55,238.54,238.55,160961.0
2019-12-24 14:45:00,238.56,238.57,238.55,238.56,125019.0
2019-12-24 15:15:00,238.61,238.61,238.61,238.61,98774.0
2019-12-24 15:30:00,238.61,238.62,238.61,238.62,103289.0
2019-12-24 15:45:00,238.63,238.64,238.63,238.63,108990.0
2019-12-26 09:30:00,238.76,238.76,238.76,238.76,219310.0
2019-12-26 09:45:00,238.74,238.76,238.74,238.75,130414.0
2019-12-26 10:00:00,238.76,238.77,238.76,238.76,170063.0
2019-12-26 10:15:00,238.83,238.83,238.83,238.83,151370.0
2019-12-26 10:30:00,238.83,238.83,238.83,238.83,207701.0
2019-12-26 10:45:00,238.82,238.83,238.82,238.83,141993.0
2019-12-26 11:00:00,238.85,238.86,238.85,238.85,175255.0
2019-12-26 11:15:00,238.93,238.93,238.92,238.93,155890.0
2019-12-26 11:45:00,238.96,238.97,238.96,238.96,147615.0
2019-12-26 12:00:00,238.93,238.93,238.93,238.93,194258.0
2019-12-26 12:15:00,238.94,238.95,238.94,238.94,150497.0
2019-12-26 12:30:00,238.99,238.99,238.98,238.98,181240.0
2019-12-26 12:45:00,238.98,239.0,238.98,238.99,136341.0
2019-12-26 13:00:00,239.0,239.0,239.0,239.0,196392.0
2019-12-26 13:15:00,238.99,239.0,238.99,238.99,128845.0
2019-12-26 13:30:00,239.03,239.03,239.03,239.03,207848.0
2019-12-26 13:45:00,239.03,239.04,239.03,239.03,225725.0
2019-12-26 14:15:00,239.11,239.11,239.11,239.11,149736.0
2019-12-26 14:30:00,239.14,239.15,239.14,239.15,168894.0
2019-12-26 14:45:00,239.1,239.12,239.1,239.11,221128.0
2019-12-26 15:00:00,239.12,239.12,239.12,239.12,178657.0
2019-12-26 15:15:00,239.12,239.12,239.11,239.12,141608.0
2019-12-26 15:30:00,239.2,239.21,239.19,239.2,198502.0
2019-12-26 15:45:00,239.19,239.19,239.19,239.19,184361.0
2020-01-02 09:30:00,238.73,238.73,238.72,238.73,172769.0
2020-01-02 09:45:00,238.89,238.91,238.89,238.9,240938.0
2020-01-02 10:00:00,238.87,238.88,238.87,238.88,232413.0
2020-01-02 10:15:00,238.88,238.89,238.88,238.89,284614.0
2020-01-02 10:30:00,238.94,238.95,238.94,238.95,196827.0
2020-01-02 10:45:00,239.0,239.02,239.0,239.01,275782.0
2020-01-02 11:30:00,239.1,239.12,239.09,239.1,224944.0
2020-01-02 11:45:00,239.15,239.16,239.13,239.15,202282.0
2020-01-02 12:00:00,239.23,239.23,239.23,239.23,223656.0
2020-01-02 12:15:00,239.17,239.17,239.16,239.17,218939.0
2020-01-02 12:30:00,239.32,239.32,239.32,239.32,224882.0
2020-01-02 12:45:00,239.34,239.35,239.34,239.34,200667.0
2020-01-02 13:00:00,239.34,239.35,239.34,239.34,189455.0
2020-01-02 13:15:00,239.45,239.47,239.45,239.46,199768.0
2020-01-02 13:30:00,239.53,239.53,239.52,239.53,175917.0
2020-01-02 13:45:00,239.57,239.58,239.56,239.57,285921.0
2020-01-02 14:00:00,239.58,239.58,239.58,239.58,287104.0
2020-01-02 14:15:00,239.68,239.68,239.67,239.68,263411.0
2020-01-02 14:30:00,239.72,239.73,239.72,239.72,202522.0
2020-01-02 14:45:00,239.68,239.69,239.68,239.68,257600.0
2020-01-02 15:00:00,239.8,239.81,239.8,239.81,191691.0
2020-01-02 15:15:00,239.8,239.81,239.8,239.81,255821.0
2020-01-02 15:30:00,239.88,239.9,239.87,239.88,231154.0
2020-01-02 15:45:00,239.89,239.9,239.89,239.9,295366.0
2020-01-03 09:30:00,235.08,235.09,235.07,235.08,247729.0
2020-01-03 10:15:00,235.28,235.3,235.28,235.29,213907.0
2020-01-03 10:30:00,235.3,235.31,235.3,235.31,227434.0
2020-01-03 10:45:00,235.21,235.22,235.2,235.21,184016.0
2020-01-03 11:15:00,235.38,235.38,235.38,235.38,162324.0
2020-01-03 11:30:00,235.27,235.28,235.27,235.28,216812.0
2020-01-03 11:45:00,235.45,235.47,235.43,235.44,171187.0
2020-01-03 12:00:00,235.44,235.47,235.44,235.45,253913.0
2020-01-03 12:15:00,235.64,235.66,235.64,235.64,226230.0
2020-01-03 12:30:00,235.55,235.55,235.55,235.55,177673.0
2020-01-03 12:45:00,235.69,235.7,235.68,235.7,201742.0
2020-01-03 13:00:00,235.64,235.67,235.63,235.66,245380.0
2020-01-03 13:15:00,235.67,235.69,235.67,235.67,176244.0
2020-01-03 13:30:00,235.67,235.69,235.67,235.67,207638.0
2020-01-03 13:45:00,235.83,235.84,235.82,235.83,171066.0
2020-01-03 14:00:00,235.79,235.8,235.79,235.8,238905.0
2020-01-03 14:15:00,235.89,235.9,235.89,235.89,253342.0
2020-01-03 14:30:00,235.86,235.88,235.86,235.87,205557.0
2020-01-03 14:45:00,235.92,235.92,235.92,235.92,253904.0
2020-01-03 15:15:00,236.0,236.0,236.0,236.0,204123.0
2020-01-03 15:30:00,235.99,236.0,235.99,235.99,217583.0
2020-01-03 15:45:00,235.97,236.0,235.97,235.97,207316.0
2020-01-08 09:30:00,239.73,239.74,239.73,239.73,281997.0
2020-01-08 09:45:00,239.76,239.77,239.76,239.77,255049.0
2020-01-08 10:30:00,239.83,239.84,239.83,239.83,334359.0
2020-01-08 11:00:00,239.9,239.91,239.9,239.9,277932.0
2020-01-08 11:15:00,239.92,239.93,239.91,239.92,261697.0
2020-01-08 11:30:00,239.89,239.9,239.89,239.9,195521.0
2020-01-08 11:45:00,239.99,239.99,239.99,239.99,198613.0
2020-01-08 12:00:00,239.92,239.92,239.91,239.92,337352.0
2020-01-08 12:15:00,240.04,240.04,240.03,240.04,198844.0
2020-01-08 12:30:00,240.05,240.07,240.05,240.06,207772.0
2020-01-08 12:45:00,240.11,240.12,240.11,240.11,272550.0
2020-01-08 13:00:00,240.09,240.11,240.09,240.1,296223.0
2020-01-08 13:15:00,240.1,240.12,240.09,240.11,221941.0
2020-01-08 13:30:00,240.16,240.17,240.16,240.16,314911.0
2020-01-08 13:45:00,240.17,240.18,240.17,240.18,324920.0
2020-01-08 14:00:00,240.26,240.27,240.25,240.26,299759.0
2020-01-08 14:15:00,240.21,240.22,240.21,240.22,230037.0
2020-01-08 14:30:00,240.31,240.32,240.31,240.32,247055.0
2020-01-08 14:45:00,240.29,240.29,240.28,240.29,193100.0
2020-01-08 15:00:00,240.32,240.32,240.32,240.32,219679.0
2020-01-08 15:15:00,240.26,240.27,240.26,240.27,323860.0
2020-01-08 15:30:00,240.42,240.43,240.42,240.42,216577.0
2020-01-09 09:30:00,243.94,243.95,243.93,243.93,308037.0
2020-01-09 09:45:00,243.85,243.86,243.84,243.85,294015.0
2020-01-09 10:00:00,243.78,243.78,243.78,243.78,318193.0
2020-01-09 10:30:00,243.59,243.62,243.59,243.6,295341.0
2020-01-09 10:45:00,243.69,243.7,243.69,243.7,175509.0
2020-01-09 11:00:00,243.67,243.69,243.65,243.67,282422.0
2020-01-09 11:15:00,243.61,243.62,243.6,243.62,189681.0
2020-01-09 11:30:00,243.58,243.6,243.58,243.59,270391.0
2020-01-09 11:45:00,243.53,243.54,243.53,243.53,226194.0
2020-01-09 12:00:00,243.57,243.58,243.57,243.57,224959.0
2020-01-09 12:15:00,243.5,243.51,243.5,243.51,311266.0
2020-01-09 12:45:00,243.45,243.46,243.44,243.46,209028.0
2020-01-09 13:00:00,243.33,243.34,243.33,243.34,298782.0
2020-01-09 13:15:00,243.33,243.33,243.32,243.33,239993.0
2020-01-09 13:30:00,243.23,243.26,243.23,243.24,214202.0
2020-01-09 13:45:00,243.31,243.33,243.31,243.32,197847.0
2020-01-09 14:00:00,243.29,243.29,243.28,243.29,222488.0
2020-01-09 14:15:00,243.12,243.15,243.12,243.13,316052.0
2020-01-09 14:30:00,243.19,243.19,243.18,243.19,263655.0
2020-01-09 14:45:00,243.12,243.14,243.12,243.13,311229.0
2020-01-09 15:00:00,242.9,242.9,242.9,242.9,197064.0
2020-01-09 15:15:00,243.18,243.19,243.17,243.18,206089.0
2020-01-09 15:45:00,243.16,243.17,243.15,243.16,290825.0
2020-01-15 09:45:00,247.73,247.73,247.73,247.73,267778.0
2020-01-15 10:00:00,247.63,247.63,247.63,247.63,317882.0
2020-01-15 10:15:00,247.45,247.47,247.45,247.46,327560.0
2020-01-15 10:30:00,247.3,247.32,247.3,247.3,297423.0
2020-01-15 10:45:00,247.38,247.4,247.38,247.4,207041.0
2020-01-15 11:00:00,247.3,247.31,247.3,247.31,214445.0
2020-01-15 11:15:00,247.16,247.18,247.16,247.17,288038.0
2020-01-15 11:30:00,247.06,247.07,247.06,247.07,233301.0
2020-01-15 11:45:00,246.92,246.93,246.92,246.93,273873.0
2020-01-15 12:00:00,246.87,246.88,246.87,246.88,288949.0
2020-01-15 12:15:00,246.83,246.84,246.83,246.83,215686.0
2020-01-15 12:30:00,246.77,246.79,246.77,246.79,220956.0
2020-01-15 12:45:00,246.64,246.65,246.62,246.64,324593.0
2020-01-15 13:00:00,246.55,246.55,246.55,246.55,269092.0
2020-01-15 13:15:00,246.52,246.54,246.52,246.53,247688.0
2020-01-15 13:30:00,246.41,246.42,246.4,246.41,314070.0
2020-01-15 13:45:00,246.24,246.25,246.24,246.24,207628.0
2020-01-15 14:00:00,246.15,246.16,246.15,246.15,305741.0
2020-01-15 14:15:00,246.16,246.18,246.16,246.18,203268.0
2020-01-15 14:30:00,246.01,246.01,246.0,246.01,239216.0
2020-01-15 14:45:00,245.92,245.92,245.91,245.92,224969.0
2020-01-15 15:00:00,245.78,245.8,245.78,245.79,242493.0
2020-01-15 15:15:00,245.77,245.78,245.76,245.77,313914.0
2020-01-15 15:30:00,245.72,245.73,245.71,245.71,177890.0
2020-01-15 15:45:00,245.6,245.6,245.6,245.6,272849.0
2020-01-16 09:30:00,247.71,247.71,247.7,247.71,301680.0
2020-01-16 09:45:00,247.74,247.74,247.73,247.74,292009.0
2020-01-16 10:00:00,247.8,247.81,247.8,247.8,218293.0
2020-01-16 10:15:00,247.85,247.86,247.85,247.85,343474.0
2020-01-16 10:30:00,247.88,247.88,247.88,247.88,329989.0
2020-01-16 10:45:00,248.05,248.06,248.05,248.06,220383.0
2020-01-16 11:00:00,248.02,248.03,248.02,248.02,341926.0
2020-01-16 11:15:00,248.05,248.07,248.05,248.06,325715.0
2020-01-16 11:30:00,248.1,248.1,248.1,248.1,328988.0
2020-01-16 11:45:00,248.21,248.22,248.21,248.21,292725.0
2020-01-16 12:15:00,248.31,248.32,248.31,248.31,349920.0
2020-01-16 12:30:00,248.29,248.3,248.29,248.29,255799.0
2020-01-16 12:45:00,248.32,248.33,248.32,248.33,228370.0
2020-01-16 13:00:00,248.41,248.41,248.41,248.41,307808.0
2020-01-16 13:15:00,248.48,248.49,248.48,248.49,209462.0
2020-01-16 13:30:00,248.49,248.49,248.49,248.49,254136.0
2020-01-16 13:45:00,248.55,248.56,248.55,248.56,273143.0
2020-01-16 14:00:00,248.59,248.59,248.59,248.59,340703.0
2020-01-16 14:15:00,248.63,248.64,248.63,248.64,265162.0
2020-01-16 14:30:00,248.7,248.7,248.7,248.7,307298.0
2020-01-16 14:45:00,248.74,248.74,248.74,248.74,196370.0
2020-01-16 15:00:00,248.76,248.77,248.75,248.76,248118.0
2020-01-16 15:30:00,248.89,248.9,248.89,248.9,351723.0
2020-01-16 15:45:00,248.94,248.94,248.93,248.93,263211.0
2020-01-17 09:30:00,249.64,249.64,249.63,249.63,316880.0
2020-01-17 09:45:00,249.71,249.71,249.71,249.71,309772.0
2020-01-17 10:00:00,249.65,249.66,249.65,249.66,245121.0
2020-01-17 10:15:00,249.64,249.64,249.64,249.64,243570.0
2020-01-17 10:45:00,249.61,249.62,249.61,249.61,219171.0
2020-01-17 11:00:00,249.6,249.6,249.6,249.6,302496.0
2020-01-17 11:15:00,249.58,249.59,249.58,249.58,282402.0
2020-01-17 11:30:00,249.57,249.57,249.57,249.57,304966.0
2020-01-17 11:45:00,249.57,249.58,249.57,249.57,294631.0
2020-01-17 12:00:00,249.46,249.48,249.45,249.47,298602.0
2020-01-17 12:15:00,249.5,249.51,249.49,249.5,241402.0
2020-01-17 12:30:00,249.5,249.5,249.5,249.5,284931.0
2020-01-17 12:45:00,249.48,249.49,249.48,249.48,220385.0
2020-01-17 13:00:00,249.44,249.45,249.44,249.45,172320.0
2020-01-17 13:15:00,249.49,249.49,249.48,249.49,178616.0
2020-01-17 13:45:00,249.45,249.47,249.45,249.45,309697.0
2020-01-17 14:00:00,249.38,249.39,249.38,249.39,282741.0
2020-01-17 14:15:00,249.38,249.39,249.38,249.39,184016.0
2020-01-17 14:30:00,249.44,249.44,249.44,249.44,281651.0
2020-01-17 14:45:00,249.3,249.31,249.3,249.31,291801.0
2020-01-17 15:00:00,249.33,249.34,249.33,249.33,211908.0
2020-01-17 15:15:00,249.28,249.28,249.28,249.28,214347.0
2020-01-17 15:30:00,249.28,249.28,249.28,249.28,183112.0
2020-01-17 15:45:00,249.27,249.28,249.27,249.28,306399.0
2020-01-21 09:30:00,247.82,247.84,247.82,247.83,171948.0
2020-01-21 09:45:00,247.75,247.76,247.74,247.75,235127.0
2020-01-21 10:00:00,247.81,247.82,247.81,247.82,242222.0
2020-01-21 10:15:00,247.87,247.88,247.87,247.88,205446.0
2020-01-21 10:30:00,247.84,247.85,247.84,247.84,148726.0
2020-01-21 10:45:00,247.92,247.93,247.91,247.92,209392.0
2020-01-21 11:00:00,247.84,247.85,247.84,247.84,246864.0
2020-01-21 11:30:00,247.84,247.84,247.84,247.84,234868.0
2020-01-21 11:45:00,247.86,247.87,247.86,247.87,147087.0
2020-01-21 12:00:00,247.87,247.89,247.86,247.87,166458.0
2020-01-21 12:15:00,247.81,247.82,247.81,247.82,148804.0
2020-01-21 12:30:00,247.86,247.86,247.85,247.85,206348.0
2020-01-21 12:45:00,247.87,247.88,247.87,247.87,169810.0
2020-01-21 13:00:00,247.88,247.88,247.88,247.88,265302.0
2020-01-21 13:15:00,247.89,247.89,247.89,247.89,238563.0
2020-01-21 13:30:00,247.95,247.95,247.94,247.94,234558.0
2020-01-21 13:45:00,247.87,247.89,247.86,247.88,199384.0
2020-01-21 14:00:00,247.9,247.9,247.89,247.9,267313.0
2020-01-21 14:30:00,247.92,247.92,247.92,247.92,194614.0
2020-01-21 14:45:00,247.84,247.86,247.84,247.86,254209.0
2020-01-21 15:00:00,247.89,247.9,247.88,247.9,185147.0
2020-01-21 15:30:00,247.98,247.99,247.97,247.99,166271.0
2020-01-22 09:30:00,249.76,249.77,249.74,249.75,183097.0
2020-01-22 09:45:00,249.78,249.79,249.76,249.77,175384.0
2020-01-22 10:00:00,249.76,249.77,249.76,249.76,297844.0
2020-01-22 10:15:00,249.85,249.85,249.85,249.85,171933.0
2020-01-22 10:30:00,249.63,249.64,249.63,249.64,162673.0
2020-01-22 10:45:00,249.83,249.83,249.83,249.83,266413.0
2020-01-22 11:00:00,249.85,249.85,249.85,249.85,243954.0
2020-01-22 11:15:00,249.88,249.89,249.88,249.89,185732.0
2020-01-22 11:30:00,249.83,249.86,249.83,249.84,251223.0
2020-01-22 11:45:00,249.96,249.97,249.96,249.96,200969.0
2020-01-22 12:00:00,249.9,249.91,249.9,249.9,280560.0
2020-01-22 12:15:00,249.89,249.9,249.88,249.89,260769.0
2020-01-22 12:30:00,249.89,249.9,249.89,249.89,246618.0
2020-01-22 12:45:00,249.94,249.95,249.94,249.95,286182.0
2020-01-22 13:00:00,249.94,249.95,249.94,249.94,199867.0
2020-01-22 13:15:00,249.95,249.96,249.95,249.95,287142.0
2020-01-22 13:30:00,249.98,250.02,249.97,249.99,247021.0
2020-01-22 13:45:00,249.98,250.01,249.97,250.0,233740.0
2020-01-22 14:00:00,249.94,249.95,249.92,249.94,287646.0
2020-01-22 14:15:00,250.03,250.04,250.03,250.04,220957.0
2020-01-22 14:30:00,250.04,250.06,250.03,250.04,213714.0
2020-01-22 14:45:00,250.19,250.21,250.17,250.19,209118.0
2020-01-22 15:00:00,250.09,250.11,250.09,250.09,162648.0
2020-01-22 15:15:00,250.0,250.02,249.99,250.02,188545.0
2020-01-22 15:30:00,250.01,250.03,250.01,250.02,247810.0
2020-01-22 15:45:00,250.14,250.16,250.14,250.14,194766.0
2020-01-24 09:30:00,257.1,257.18,257.08,257.12,301138.0
2020-01-24 09:45:00,257.2,257.21,257.19,257.21,456315.0
2020-01-24 10:00:00,256.92,256.96,256.89,256.9,310993.0
2020-01-24 10:30:00,256.31,256.33,256.3,256.31,299956.0
2020-01-24 10:45:00,255.98,255.99,255.98,255.99,336869.0
2020-01-24 11:00:00,255.66,255.69,255.66,255.69,367097.0
2020-01-24 11:15:00,255.47,255.47,255.46,255.47,368655.0
2020-01-24 11:45:00,254.95,254.96,254.95,254.95,443802.0
2020-01-24 12:00:00,254.69,254.7,254.69,254.69,379861.0
2020-01-24 12:15:00,254.36,254.37,254.35,254.35,384359.0
2020-01-24 12:30:00,254.12,254.14,254.12,254.12,418721.0
2020-01-24 12:45:00,253.72,253.78,253.72,253.76,437897.0
2020-01-24 13:00:00,253.46,253.5,253.43,253.47,408976.0
2020-01-24 13:15:00,253.19,253.24,253.18,253.23,280213.0
2020-01-24 13:30:00,253.03,253.08,253.01,253.03,358971.0
2020-01-24 13:45:00,252.68,252.69,252.67,252.69,256561.0
2020-01-24 14:00:00,252.45,252.46,252.45,252.45,341959.0
2020-01-24 14:30:00,251.92,251.93,251.91,251.91,376992.0
2020-01-24 14:45:00,251.61,251.63,251.6,251.61,431567.0
2020-01-24 15:00:00,251.39,251.4,251.39,251.4,394630.0
2020-01-24 15:15:00,251.06,251.09,251.06,251.07,340824.0
2020-01-24 15:30:00,250.68,250.71,250.65,250.71,282168.0
2020-01-24 15:45:00,250.52,250.56,250.52,250.56,345813.0
2020-01-29 09:30:00,247.33,247.33,247.33,247.33,313525.0
2020-01-29 10:00:00,247.09,247.11,247.08,247.09,176766.0
2020-01-29 10:15:00,247.16,247.17,247.16,247.16,277635.0
2020-01-29 10:45:00,246.99,247.0,246.98,247.0,273266.0
2020-01-29 11:00:00,246.93,246.93,246.92,246.93,269086.0
2020-01-29 11:30:00,246.78,246.8,246.77,246.78,203831.0
2020-01-29 11:45:00,246.72,246.72,246.71,246.71,249738.0
2020-01-29 12:00:00,246.63,246.63,246.62,246.62,198547.0
2020-01-29 12:15:00,246.55,246.56,246.55,246.55,177807.0
2020-01-29 12:30:00,246.47,246.47,246.47,246.47,308228.0
2020-01-29 12:45:00,246.43,246.44,246.43,246.43,278475.0
2020-01-29 13:00:00,246.16,246.18,246.16,246.18,268894.0
2020-01-29 13:15:00,246.26,246.29,246.26,246.27,263436.0
2020-01-29 13:30:00,246.3,246.32,246.29,246.3,222348.0
2020-01-29 13:45:00,246.15,246.17,246.14,246.15,203372.0
2020-01-29 14:15:00,246.0,246.01,246.0,246.0,201056.0
2020-01-29 14:30:00,245.86,245.88,245.86,245.86,300400.0
2020-01-29 14:45:00,245.81,245.84,245.81,245.83,260684.0
2020-01-29 15:00:00,245.72,245.72,245.71,245.72,212087.0
2020-01-29 15:15:00,245.8,245.82,245.79,245.8,322723.0
2020-01-29 15:30:00,245.58,245.6,245.57,245.59,250088.0
2020-01-29 15:45:00,245.5,245.51,245.5,245.51,184200.0
2020-01-30 09:30:00,241.62,241.63,241.62,241.62,305410.0
2020-01-30 09:45:00,241.77,241.78,241.77,241.77,308735.0
2020-01-30 10:00:00,241.96,241.96,241.95,241.96,285613.0
2020-01-30 10:15:00,242.17,242.18,242.15,242.17,221416.0
2020-01-30 10:30:00,242.26,242.27,242.26,242.26,218965.0
2020-01-30 10:45:00,242.43,242.45,242.43,242.44,227875.0
2020-01-30 11:00:00,242.57,242.61,242.56,242.58,353783.0
2020-01-30 11:15:00,242.83,242.87,242.82,242.85,195701.0
2020-01-30 11:30:00,242.95,242.98,242.95,242.96,307109.0
2020-01-30 11:45:00,243.05,243.1,243.05,243.08,205014.0
2020-01-30 12:00:00,243.3,243.32,243.29,243.32,313787.0
2020-01-30 12:15:00,243.36,243.38,243.35,243.37,283552.0
2020-01-30 12:30:00,243.51,243.53,243.51,243.51,289796.0
2020-01-30 12:45:00,243.82,243.84,243.82,243.83,328641.0
2020-01-30 13:00:00,244.09,244.11,244.07,244.11,303791.0
2020-01-30 13:30:00,244.31,244.32,244.31,244.32,274160.0
2020-01-30 13:45:00,244.27,244.29,244.25,244.28,337402.0
2020-01-30 14:15:00,244.73,244.75,244.73,244.74,330621.0
2020-01-30 14:45:00,245.1,245.12,245.1,245.11,247780.0
2020-01-30 15:00:00,245.48,245.53,245.46,245.5,235078.0
2020-01-30 15:15:00,245.49,245.49,245.49,245.49,344779.0
2020-01-30 15:30:00,245.65,245.65,245.64,245.64,230391.0
2020-01-30 15:45:00,245.71,245.73,245.71,245.72,214572.0
2020-02-04 09:30:00,246.01,246.02,246.01,246.01,265670.0
2020-02-04 09:45:00,246.1,246.1,246.1,246.1,260864.0
2020-02-04 10:00:00,246.11,246.12,246.1,246.11,230154.0
2020-02-04 10:15:00,246.09,246.11,246.09,246.1,297607.0
2020-02-04 10:30:00,246.27,246.28,246.27,246.27,288527.0
2020-02-04 10:45:00,246.23,246.25,246.23,246.25,187519.0
2020-02-04 11:00:00,246.3,246.3,246.3,246.3,322391.0
2020-02-04 11:15:00,246.39,246.41,246.39,246.4,250008.0
2020-02-04 11:30:00,246.34,246.35,246.34,246.35,316784.0
2020-02-04 11:45:00,246.4,246.4,246.4,246.4,247583.0
2020-02-04 12:00:00,246.46,246.47,246.46,246.46,333497.0
2020-02-04 12:15:00,246.5,246.51,246.49,246.5,199645.0
2020-02-04 12:30:00,246.48,246.5,246.47,246.5,210789.0
2020-02-04 12:45:00,246.57,246.59,246.56,246.57,234170.0
2020-02-04 13:00:00,246.59,246.59,246.59,246.59,201223.0
2020-02-04 13:15:00,246.65,246.67,246.63,246.65,290325.0
2020-02-04 13:30:00,246.74,246.76,246.73,246.76,292039.0
2020-02-04 14:00:00,246.82,246.82,246.82,246.82,258955.0
2020-02-04 14:30:00,246.88,246.89,246.88,246.89,307407.0
2020-02-04 14:45:00,246.92,246.93,246.91,246.92,268782.0
2020-02-04 15:00:00,246.96,246.97,246.96,246.96,274210.0
2020-02-04 15:15:00,247.03,247.04,247.03,247.04,293682.0
2020-02-04 15:30:00,247.09,247.1,247.09,247.1,209802.0
2020-02-04 15:45:00,247.13,247.14,247.13,247.14,257761.0
2020-02-06 09:45:00,252.27,252.29,252.27,252.27,167917.0
2020-02-06 10:00:00,252.47,252.5,252.47,252.49,246020.0
2020-02-06 10:15:00,252.44,252.46,252.44,252.44,163219.0
2020-02-06 10:30:00,252.51,252.54,252.51,252.52,238640.0
2020-02-06 11:00:00,252.65,252.67,252.64,252.64,197468.0
2020-02-06 11:15:00,252.75,252.75,252.75,252.75,231422.0
2020-02-06 11:30:00,252.83,252.83,252.82,252.83,193153.0
2020-02-06 11:45:00,252.94,252.95,252.94,252.95,205313.0
2020-02-06 12:00:00,252.93,252.96,252.92,252.95,153023.0
2020-02-06 12:15:00,253.06,253.06,253.06,253.06,250574.0
2020-02-06 12:30:00,253.08,253.09,253.08,253.08,175872.0
2020-02-06 12:45:00,253.27,253.29,253.27,253.29,251065.0
2020-02-06 13:00:00,253.37,253.39,253.35,253.38,196587.0
2020-02-06 13:15:00,253.46,253.48,253.45,253.48,258975.0
2020-02-06 13:30:00,253.53,253.56,253.53,253.55,161960.0
2020-02-06 13:45:00,253.66,253.68,253.66,253.67,250457.0
2020-02-06 14:00:00,253.6,253.61,253.6,253.61,196957.0
2020-02-06 14:15:00,253.74,253.76,253.72,253.75,247828.0
2020-02-06 14:30:00,253.93,253.94,253.91,253.93,203755.0
2020-02-06 14:45:00,253.93,253.93,253.93,253.93,204887.0
2020-02-06 15:00:00,254.03,254.04,254.03,254.03,265504.0
2020-02-06 15:15:00,254.11,254.11,254.1,254.11,221153.0
2020-02-06 15:30:00,254.25,254.25,254.25,254.25,255021.0
2020-02-06 15:45:00,254.17,254.19,254.16,254.16,169728.0
2020-02-07 09:30:00,252.69,252.69,252.69,252.69,163700.0
2020-02-07 10:00:00,252.56,252.56,252.56,252.56,226691.0
2020-02-07 10:15:00,252.46,252.47,252.46,252.47,144228.0
2020-02-07 10:30:00,252.49,252.5,252.49,252.49,147327.0
2020-02-07 10:45:00,252.43,252.43,252.43,252.43,228316.0
2020-02-07 11:15:00,252.3,252.31,252.3,252.31,166275.0
2020-02-07 11:30:00,252.28,252.29,252.28,252.29,211555.0
2020-02-07 11:45:00,252.23,252.23,252.23,252.23,189324.0
2020-02-07 12:00:00,252.29,252.3,252.27,252.3,219330.0
2020-02-07 12:15:00,252.2,252.22,252.2,252.2,153344.0
2020-02-07 12:30:00,252.13,252.14,252.13,252.14,135446.0
2020-02-07 12:45:00,252.08,252.08,252.07,252.08,166127.0
2020-02-07 13:00:00,251.99,252.01,251.99,251.99,225198.0
2020-02-07 13:15:00,252.0,252.01,252.0,252.0,215838.0
2020-02-07 13:30:00,251.93,251.94,251.93,251.94,173668.0
2020-02-07 13:45:00,251.92,251.92,251.92,251.92,236414.0
2020-02-07 14:00:00,251.88,251.88,251.87,251.87,227995.0
2020-02-07 14:15:00,251.85,251.86,251.85,251.86,201692.0
2020-02-07 14:30:00,251.82,251.82,251.82,251.82,155329.0
2020-02-07 14:45:00,251.68,251.71,251.68,251.68,131571.0
2020-02-07 15:00:00,251.68,251.7,251.68,251.7,211030.0
2020-02-07 15:15:00,251.68,251.68,251.68,251.68,182897.0
2020-02-07 15:30:00,251.58,251.59,251.58,251.58,146056.0
2020-02-07 15:45:00,251.59,251.59,251.59,251.59,217740.0
2020-02-12 09:30:00,270.01,270.02,270.01,270.01,275722.0
2020-02-12 09:45:00,270.1,270.12,270.1,270.12,394995.0
2020-02-12 10:00:00,270.24,270.27,270.24,270.25,364306.0
2020-02-12 10:15:00,270.28,270.3,270.28,270.28,434647.0
2020-02-12 10:30:00,270.41,270.44,270.41,270.42,387023.0
2020-02-12 10:45:00,270.44,270.46,270.44,270.45,433576.0
2020-02-12 11:00:00,270.66,270.67,270.66,270.66,335664.0
2020-02-12 11:15:00,270.9,270.91,270.88,270.9,443179.0
2020-02-12 11:30:00,270.72,270.73,270.72,270.73,367905.0
2020-02-12 11:45:00,270.92,270.93,270.91,270.93,300052.0
2020-02-12 12:00:00,271.03,271.04,271.01,271.04,429308.0
2020-02-12 12:30:00,271.2,271.21,271.2,271.2,314561.0
2020-02-12 12:45:00,271.32,271.33,271.31,271.33,423719.0
2020-02-12 13:00:00,271.46,271.47,271.46,271.47,327302.0
2020-02-12 13:15:00,271.53,271.53,271.53,271.53,454632.0
2020-02-12 13:30:00,271.64,271.65,271.64,271.64,270730.0
2020-02-12 13:45:00,271.78,271.79,271.77,271.78,301422.0
2020-02-12 14:00:00,271.85,271.85,271.84,271.85,262439.0
2020-02-12 14:15:00,271.86,271.87,271.86,271.86,398579.0
2020-02-12 14:30:00,272.13,272.14,272.12,272.14,444972.0
2020-02-12 14:45:00,272.14,272.15,272.14,272.15,317070.0
2020-02-12 15:30:00,272.48,272.49,272.48,272.48,382938.0
2020-02-12 15:45:00,272.6,272.61,272.6,272.61,261408.0
2020-03-06 09:30:00,266.11,266.15,266.1,266.13,456698.0
2020-03-06 09:45:00,266.06,266.06,266.06,266.06,565369.0
2020-03-06 10:00:00,266.04,266.07,266.03,266.04,481493.0
2020-03-06 10:30:00,266.06,266.1,266.05,266.07,402147.0
2020-03-06 11:00:00,266.08,266.1,266.06,266.08,530537.0
2020-03-06 11:15:00,266.11,266.14,266.11,266.13,531369.0
2020-03-06 11:30:00,266.23,266.27,266.22,266.23,601675.0
2020-03-06 11:45:00,266.13,266.17,266.12,266.14,425988.0
2020-03-06 12:00:00,266.15,266.18,266.14,266.15,439285.0
2020-03-06 12:15:00,266.2,266.24,266.17,266.24,568842.0
2020-03-06 12:45:00,266.04,266.05,266.04,266.04,629815.0
2020-03-06 13:00:00,266.06,266.07,266.05,266.07,624628.0
2020-03-06 13:15:00,266.2,266.23,266.19,266.19,631384.0
2020-03-06 13:30:00,266.0,266.01,265.98,265.99,606642.0
2020-03-06 13:45:00,265.94,265.98,265.93,265.95,541361.0
2020-03-06 14:00:00,265.98,265.99,265.97,265.99,568207.0
2020-03-06 14:15:00,265.89,265.92,265.89,265.92,558828.0
2020-03-06 14:30:00,266.06,266.07,266.06,266.06,563122.0
2020-03-06 14:45:00,266.03,266.08,266.03,266.05,610357.0
2020-03-06 15:00:00,266.09,266.09,266.09,266.09,474882.0
2020-03-06 15:15:00,266.0,266.01,265.99,265.99,498564.0
2020-03-06 15:30:00,266.0,266.02,265.99,266.01,364197.0
2020-03-06 15:45:00,266.06,266.06,266.06,266.06,392779.0
2020-03-26 09:30:00,253.81,253.84,253.81,253.83,831741.0
2020-03-26 10:00:00,254.13,254.14,254.11,254.13,588485.0
2020-03-26 10:15:00,254.31,254.33,254.31,254.32,758768.0
2020-03-26 10:30:00,254.59,254.68,254.58,254.62,573754.0
2020-03-26 10:45:00,254.6,254.67,254.59,254.62,800029.0
2020-03-26 11:00:00,255.19,255.24,255.15,255.22,816446.0
2020-03-26 11:15:00,254.87,254.92,254.83,254.87,656344.0
2020-03-26 11:45:00,255.14,255.25,255.12,255.18,520742.0
2020-03-26 12:00:00,255.33,255.37,255.32,255.35,512812.0
2020-03-26 12:15:00,255.41,255.44,255.39,255.41,791593.0
2020-03-26 12:30:00,255.76,255.86,255.72,255.78,650853.0
2020-03-26 12:45:00,255.51,255.54,255.5,255.53,626388.0
2020-03-26 13:15:00,255.97,256.06,255.96,256.0,492340.0
2020-03-26 13:30:00,256.18,256.25,256.15,256.18,697606.0
2020-03-26 13:45:00,256.16,256.17,256.14,256.15,495623.0
2020-03-26 14:00:00,256.31,256.36,256.31,256.35,642441.0
2020-03-26 14:15:00,256.44,256.44,256.43,256.43,737218.0
2020-03-26 14:30:00,256.55,256.56,256.53,256.54,531859.0
2020-03-26 14:45:00,256.64,256.66,256.64,256.65,776602.0
2020-03-26 15:00:00,257.01,257.04,257.01,257.03,681946.0
2020-03-26 15:15:00,256.97,256.98,256.94,256.98,675181.0
2020-03-26 15:30:00,256.84,256.92,256.84,256.84,675022.0
2020-03-26 15:45:00,257.21,257.22,257.21,257.22,805628.0
